8,5,124,2,8,"FireworkHitEffectPresets::Detail::ClampColor@12-19@app\include\effects\FireworkHitEffectPresets.h","app\include\effects\FireworkHitEffectPresets.h","FireworkHitEffectPresets::Detail::ClampColor","FireworkHitEffectPresets::Detail::ClampColor( const DirectX :: XMFLOAT4 & color , float fallbackAlpha)",12,19
19,4,125,6,19,"FireworkHitEffectPresets::Detail::MakeFireworkInput@28-46@app\include\effects\FireworkHitEffectPresets.h","app\include\effects\FireworkHitEffectPresets.h","FireworkHitEffectPresets::Detail::MakeFireworkInput","FireworkHitEffectPresets::Detail::MakeFireworkInput( const DirectX :: XMFLOAT4 & color , float radiusMeters , float intensityScale , float lifetimeScale , float tintFallbackAlpha , float maxLifeScale)",28,46
33,2,311,3,34,"FireworkHitEffectPresets::FireworkLaunchFlash@50-83@app\include\effects\FireworkHitEffectPresets.h","app\include\effects\FireworkHitEffectPresets.h","FireworkHitEffectPresets::FireworkLaunchFlash","FireworkHitEffectPresets::FireworkLaunchFlash( const DirectX :: XMFLOAT3 & position , const DirectX :: XMFLOAT4 & color , float intensityScale)",50,83
39,1,404,6,40,"FireworkHitEffectPresets::FireworkBurst@85-124@app\include\effects\FireworkHitEffectPresets.h","app\include\effects\FireworkHitEffectPresets.h","FireworkHitEffectPresets::FireworkBurst","FireworkHitEffectPresets::FireworkBurst( const DirectX :: XMFLOAT3 & position , const DirectX :: XMFLOAT4 & color , float radiusMeters , uint32_t burstCount , float intensityScale , float lifetimeScale = 1.0 f)",85,124
36,1,367,6,37,"FireworkHitEffectPresets::FireworkSparkTrail@126-162@app\include\effects\FireworkHitEffectPresets.h","app\include\effects\FireworkHitEffectPresets.h","FireworkHitEffectPresets::FireworkSparkTrail","FireworkHitEffectPresets::FireworkSparkTrail( const DirectX :: XMFLOAT3 & position , const DirectX :: XMFLOAT4 & color , float radiusMeters , uint32_t burstCount , float intensityScale , float lifetimeScale = 1.0 f)",126,162
39,3,336,4,40,"FireworkHitEffectPresets::FireworkSmoke@164-203@app\include\effects\FireworkHitEffectPresets.h","app\include\effects\FireworkHitEffectPresets.h","FireworkHitEffectPresets::FireworkSmoke","FireworkHitEffectPresets::FireworkSmoke( const DirectX :: XMFLOAT3 & position , float radiusMeters , uint32_t burstCount , float intensityScale)",164,203
1,1,9,0,1,"EvaluationScene::UsesForeground3DPass@22-22@app\include\scene\EvaluationScene.h","app\include\scene\EvaluationScene.h","EvaluationScene::UsesForeground3DPass","EvaluationScene::UsesForeground3DPass() const",22,22
10,2,68,3,10,"MakeMaterial@21-30@app\src\scene\EvaluationScene.cpp","app\src\scene\EvaluationScene.cpp","MakeMaterial","MakeMaterial( const XMFLOAT4 & color , float metallic = 0.0 f , float roughness = 0.55 f)",21,30
9,1,72,1,9,"MakeDebugMaterial@32-40@app\src\scene\EvaluationScene.cpp","app\src\scene\EvaluationScene.cpp","MakeDebugMaterial","MakeDebugMaterial( const XMFLOAT4 & color)",32,40
5,1,32,1,5,"QuaternionFromYaw@42-46@app\src\scene\EvaluationScene.cpp","app\src\scene\EvaluationScene.cpp","QuaternionFromYaw","QuaternionFromYaw( float yaw)",42,46
3,1,19,2,3,"LengthSq@48-50@app\src\scene\EvaluationScene.cpp","app\src\scene\EvaluationScene.cpp","LengthSq","LengthSq( float x , float z)",48,50
3,1,41,2,3,"Add@52-54@app\src\scene\EvaluationScene.cpp","app\src\scene\EvaluationScene.cpp","Add","Add( const XMFLOAT3 & a , const XMFLOAT3 & b)",52,54
3,1,41,2,3,"Sub@56-58@app\src\scene\EvaluationScene.cpp","app\src\scene\EvaluationScene.cpp","Sub","Sub( const XMFLOAT3 & a , const XMFLOAT3 & b)",56,58
3,1,33,2,3,"Scale@60-62@app\src\scene\EvaluationScene.cpp","app\src\scene\EvaluationScene.cpp","Scale","Scale( const XMFLOAT3 & v , float scale)",60,62
3,1,39,2,3,"Dot@64-66@app\src\scene\EvaluationScene.cpp","app\src\scene\EvaluationScene.cpp","Dot","Dot( const XMFLOAT3 & a , const XMFLOAT3 & b)",64,66
6,1,43,2,6,"Cross@68-73@app\src\scene\EvaluationScene.cpp","app\src\scene\EvaluationScene.cpp","Cross","Cross( const XMFLOAT3 & a , const XMFLOAT3 & b)",68,73
10,3,75,2,11,"NormalizeOr@75-85@app\src\scene\EvaluationScene.cpp","app\src\scene\EvaluationScene.cpp","NormalizeOr","NormalizeOr( const XMFLOAT3 & v , const XMFLOAT3 & fallback)",75,85
6,1,68,2,6,"Distance@87-92@app\src\scene\EvaluationScene.cpp","app\src\scene\EvaluationScene.cpp","Distance","Distance( const XMFLOAT3 & a , const XMFLOAT3 & b)",87,92
9,3,55,2,9,"ContainsAny@94-102@app\src\scene\EvaluationScene.cpp","app\src\scene\EvaluationScene.cpp","ContainsAny","ContainsAny( const std :: string & text , std :: initializer_list<const char*> needles)",94,102
12,4,83,1,12,"FirstAnimationClip@104-115@app\src\scene\EvaluationScene.cpp","app\src\scene\EvaluationScene.cpp","FirstAnimationClip","FirstAnimationClip( const Model & model)",104,115
9,5,63,2,9,"WrapAnimationTime@117-125@app\src\scene\EvaluationScene.cpp","app\src\scene\EvaluationScene.cpp","WrapAnimationTime","WrapAnimationTime( float time , float duration)",117,125
30,5,184,3,32,"BlendLocalMatrix@127-158@app\src\scene\EvaluationScene.cpp","app\src\scene\EvaluationScene.cpp","BlendLocalMatrix","BlendLocalMatrix( const XMMATRIX & walk , const XMMATRIX & sneak , float blend)",127,158
17,3,155,1,20,"AlignYAxisTo@160-179@app\src\scene\EvaluationScene.cpp","app\src\scene\EvaluationScene.cpp","AlignYAxisTo","AlignYAxisTo( const XMFLOAT3 & direction)",160,179
17,3,155,1,20,"AlignXAxisTo@181-200@app\src\scene\EvaluationScene.cpp","app\src\scene\EvaluationScene.cpp","AlignXAxisTo","AlignXAxisTo( const XMFLOAT3 & direction)",181,200
6,3,39,0,6,"EvaluationScene::~EvaluationScene@204-209@app\src\scene\EvaluationScene.cpp","app\src\scene\EvaluationScene.cpp","EvaluationScene::~EvaluationScene","EvaluationScene::~EvaluationScene()",204,209
6,1,30,1,6,"EvaluationScene::Initialize@211-216@app\src\scene\EvaluationScene.cpp","app\src\scene\EvaluationScene.cpp","EvaluationScene::Initialize","EvaluationScene::Initialize( const SceneContext & ctx)",211,216
13,4,137,0,14,"EvaluationScene::InitializeCamera@218-231@app\src\scene\EvaluationScene.cpp","app\src\scene\EvaluationScene.cpp","EvaluationScene::InitializeCamera","EvaluationScene::InitializeCamera()",218,231
77,10,801,0,85,"EvaluationScene::InitializeModels@233-317@app\src\scene\EvaluationScene.cpp","app\src\scene\EvaluationScene.cpp","EvaluationScene::InitializeModels","EvaluationScene::InitializeModels()",233,317
16,6,119,0,18,"EvaluationScene::InitializeParticles@319-336@app\src\scene\EvaluationScene.cpp","app\src\scene\EvaluationScene.cpp","EvaluationScene::InitializeParticles","EvaluationScene::InitializeParticles()",319,336
13,3,67,0,15,"EvaluationScene::Update@338-352@app\src\scene\EvaluationScene.cpp","app\src\scene\EvaluationScene.cpp","EvaluationScene::Update","EvaluationScene::Update()",338,352
44,13,351,1,50,"EvaluationScene::UpdateMovement@354-403@app\src\scene\EvaluationScene.cpp","app\src\scene\EvaluationScene.cpp","EvaluationScene::UpdateMovement","EvaluationScene::UpdateMovement( float deltaTime)",354,403
37,14,254,0,41,"EvaluationScene::UpdateDebugControls@405-445@app\src\scene\EvaluationScene.cpp","app\src\scene\EvaluationScene.cpp","EvaluationScene::UpdateDebugControls","EvaluationScene::UpdateDebugControls()",405,445
52,13,440,1,59,"EvaluationScene::UpdateModelAnimation@447-505@app\src\scene\EvaluationScene.cpp","app\src\scene\EvaluationScene.cpp","EvaluationScene::UpdateModelAnimation","EvaluationScene::UpdateModelAnimation( float deltaTime)",447,505
6,1,35,0,6,"EvaluationScene::UpdateAttachmentPoints@507-512@app\src\scene\EvaluationScene.cpp","app\src\scene\EvaluationScene.cpp","EvaluationScene::UpdateAttachmentPoints","EvaluationScene::UpdateAttachmentPoints()",507,512
32,3,223,1,34,"EvaluationScene::EmitHandParticles@514-547@app\src\scene\EvaluationScene.cpp","app\src\scene\EvaluationScene.cpp","EvaluationScene::EmitHandParticles","EvaluationScene::EmitHandParticles( float deltaTime)",514,547
13,1,171,1,13,"EvaluationScene::SubmitLighting@549-561@app\src\scene\EvaluationScene.cpp","app\src\scene\EvaluationScene.cpp","EvaluationScene::SubmitLighting","EvaluationScene::SubmitLighting( LightingScene & lightingScene)",549,561
5,1,19,0,5,"EvaluationScene::Draw@563-567@app\src\scene\EvaluationScene.cpp","app\src\scene\EvaluationScene.cpp","EvaluationScene::Draw","EvaluationScene::Draw()",563,567
2,1,7,0,3,"EvaluationScene::DrawForeground3D@569-571@app\src\scene\EvaluationScene.cpp","app\src\scene\EvaluationScene.cpp","EvaluationScene::DrawForeground3D","EvaluationScene::DrawForeground3D()",569,571
5,2,20,0,5,"EvaluationScene::DrawTransparent@573-577@app\src\scene\EvaluationScene.cpp","app\src\scene\EvaluationScene.cpp","EvaluationScene::DrawTransparent","EvaluationScene::DrawTransparent()",573,577
5,1,19,0,5,"EvaluationScene::DrawPostProcessOverlay@579-583@app\src\scene\EvaluationScene.cpp","app\src\scene\EvaluationScene.cpp","EvaluationScene::DrawPostProcessOverlay","EvaluationScene::DrawPostProcessOverlay()",579,583
7,4,44,0,7,"EvaluationScene::DrawCharacter@585-591@app\src\scene\EvaluationScene.cpp","app\src\scene\EvaluationScene.cpp","EvaluationScene::DrawCharacter","EvaluationScene::DrawCharacter()",585,591
45,9,482,0,53,"EvaluationScene::DrawWeapon@593-645@app\src\scene\EvaluationScene.cpp","app\src\scene\EvaluationScene.cpp","EvaluationScene::DrawWeapon","EvaluationScene::DrawWeapon()",593,645
43,16,301,0,49,"EvaluationScene::DrawBoneRig@647-695@app\src\scene\EvaluationScene.cpp","app\src\scene\EvaluationScene.cpp","EvaluationScene::DrawBoneRig","EvaluationScene::DrawBoneRig()",647,695
31,13,217,0,34,"EvaluationScene::DrawBindPoseRig@697-730@app\src\scene\EvaluationScene.cpp","app\src\scene\EvaluationScene.cpp","EvaluationScene::DrawBindPoseRig","EvaluationScene::DrawBindPoseRig()",697,730
10,4,80,0,11,"EvaluationScene::DrawSceneProps@732-742@app\src\scene\EvaluationScene.cpp","app\src\scene\EvaluationScene.cpp","EvaluationScene::DrawSceneProps","EvaluationScene::DrawSceneProps()",732,742
65,27,512,0,75,"EvaluationScene::DrawBoneDebugOverlay@744-818@app\src\scene\EvaluationScene.cpp","app\src\scene\EvaluationScene.cpp","EvaluationScene::DrawBoneDebugOverlay","EvaluationScene::DrawBoneDebugOverlay()",744,818
74,17,632,0,85,"EvaluationScene::DrawDebugPanel@820-904@app\src\scene\EvaluationScene.cpp","app\src\scene\EvaluationScene.cpp","EvaluationScene::DrawDebugPanel","EvaluationScene::DrawDebugPanel()",820,904
31,12,252,0,37,"EvaluationScene::DrawBoneLabels@906-942@app\src\scene\EvaluationScene.cpp","app\src\scene\EvaluationScene.cpp","EvaluationScene::DrawBoneLabels","EvaluationScene::DrawBoneLabels()",906,942
24,9,200,1,27,"EvaluationScene::FindBoneIndex@945-971@app\src\scene\EvaluationScene.cpp","app\src\scene\EvaluationScene.cpp","EvaluationScene::FindBoneIndex","EvaluationScene::FindBoneIndex( const std :: vector<std::string> & candidates) const",945,971
27,8,212,1,32,"EvaluationScene::BoneWorldPosition@973-1004@app\src\scene\EvaluationScene.cpp","app\src\scene\EvaluationScene.cpp","EvaluationScene::BoneWorldPosition","EvaluationScene::BoneWorldPosition( uint32_t boneIndex) const",973,1004
11,3,75,1,13,"EvaluationScene::BindBoneWorldPosition@1006-1018@app\src\scene\EvaluationScene.cpp","app\src\scene\EvaluationScene.cpp","EvaluationScene::BindBoneWorldPosition","EvaluationScene::BindBoneWorldPosition( uint32_t boneIndex) const",1006,1018
8,1,62,0,8,"EvaluationScene::CharacterWorldMatrix@1020-1027@app\src\scene\EvaluationScene.cpp","app\src\scene\EvaluationScene.cpp","EvaluationScene::CharacterWorldMatrix","EvaluationScene::CharacterWorldMatrix() const",1020,1027
9,3,57,1,9,"EvaluationScene::BoneSegmentModelId@1029-1037@app\src\scene\EvaluationScene.cpp","app\src\scene\EvaluationScene.cpp","EvaluationScene::BoneSegmentModelId","EvaluationScene::BoneSegmentModelId( const std :: string & boneName) const",1029,1037
6,1,48,1,6,"EvaluationScene::IsMajorDebugBone@1039-1044@app\src\scene\EvaluationScene.cpp","app\src\scene\EvaluationScene.cpp","EvaluationScene::IsMajorDebugBone","EvaluationScene::IsMajorDebugBone( const std :: string & boneName) const",1039,1044
7,2,58,1,7,"EvaluationScene::DisplayBoneName@1046-1052@app\src\scene\EvaluationScene.cpp","app\src\scene\EvaluationScene.cpp","EvaluationScene::DisplayBoneName","EvaluationScene::DisplayBoneName( const std :: string & boneName) const",1046,1052
22,9,210,2,25,"EvaluationScene::ProjectWorldToScreen@1054-1078@app\src\scene\EvaluationScene.cpp","app\src\scene\EvaluationScene.cpp","EvaluationScene::ProjectWorldToScreen","EvaluationScene::ProjectWorldToScreen( const XMFLOAT3 & world , XMFLOAT2 & screen) const",1054,1078
8,1,46,2,8,"EvaluationScene::MakeTransformAt@1080-1087@app\src\scene\EvaluationScene.cpp","app\src\scene\EvaluationScene.cpp","EvaluationScene::MakeTransformAt","EvaluationScene::MakeTransformAt( const XMFLOAT3 & position , const XMFLOAT3 & scale) const",1080,1087
11,1,93,2,12,"EvaluationScene::MakeBoneSegmentTransform@1089-1100@app\src\scene\EvaluationScene.cpp","app\src\scene\EvaluationScene.cpp","EvaluationScene::MakeBoneSegmentTransform","EvaluationScene::MakeBoneSegmentTransform( const XMFLOAT3 & parent , const XMFLOAT3 & child) const",1089,1100
18,5,125,4,22,"EvaluationScene::DrawScreenBoneLine@1102-1123@app\src\scene\EvaluationScene.cpp","app\src\scene\EvaluationScene.cpp","EvaluationScene::DrawScreenBoneLine","EvaluationScene::DrawScreenBoneLine( const XMFLOAT3 & a , const XMFLOAT3 & b , uint32_t color , float thickness)",1102,1123
11,4,83,3,12,"InitializeParticleSystem@17-28@app\src\scene\ParticleDemoScene.cpp","app\src\scene\ParticleDemoScene.cpp","InitializeParticleSystem","InitializeParticleSystem( const SceneContext & ctx , GPUParticleSystem & system , uint32_t maxParticles)",17,28
6,1,50,2,6,"ConfigureAdditiveMaterial@30-35@app\src\scene\ParticleDemoScene.cpp","app\src\scene\ParticleDemoScene.cpp","ConfigureAdditiveMaterial","ConfigureAdditiveMaterial( GPUParticleSystem & system , float stretchMode)",30,35
4,1,68,3,4,"Lerp@37-40@app\src\scene\ParticleDemoScene.cpp","app\src\scene\ParticleDemoScene.cpp","Lerp","Lerp( const XMFLOAT3 & a , const XMFLOAT3 & b , float t)",37,40
11,3,67,0,11,"ParticleDemoScene::~ParticleDemoScene@44-54@app\src\scene\ParticleDemoScene.cpp","app\src\scene\ParticleDemoScene.cpp","ParticleDemoScene::~ParticleDemoScene","ParticleDemoScene::~ParticleDemoScene()",44,54
25,5,196,1,30,"ParticleDemoScene::Initialize@56-85@app\src\scene\ParticleDemoScene.cpp","app\src\scene\ParticleDemoScene.cpp","ParticleDemoScene::Initialize","ParticleDemoScene::Initialize( const SceneContext & ctx)",56,85
44,19,248,0,49,"ParticleDemoScene::Update@87-135@app\src\scene\ParticleDemoScene.cpp","app\src\scene\ParticleDemoScene.cpp","ParticleDemoScene::Update","ParticleDemoScene::Update()",87,135
1,1,7,0,1,"ParticleDemoScene::Draw@137-137@app\src\scene\ParticleDemoScene.cpp","app\src\scene\ParticleDemoScene.cpp","ParticleDemoScene::Draw","ParticleDemoScene::Draw()",137,137
14,5,59,0,15,"ParticleDemoScene::DrawTransparent@139-153@app\src\scene\ParticleDemoScene.cpp","app\src\scene\ParticleDemoScene.cpp","ParticleDemoScene::DrawTransparent","ParticleDemoScene::DrawTransparent()",139,153
18,5,162,0,19,"ParticleDemoScene::DrawPostProcessOverlay@155-173@app\src\scene\ParticleDemoScene.cpp","app\src\scene\ParticleDemoScene.cpp","ParticleDemoScene::DrawPostProcessOverlay","ParticleDemoScene::DrawPostProcessOverlay()",155,173
15,4,80,0,18,"ParticleDemoScene::StartFireworkAttack@175-192@app\src\scene\ParticleDemoScene.cpp","app\src\scene\ParticleDemoScene.cpp","ParticleDemoScene::StartFireworkAttack","ParticleDemoScene::StartFireworkAttack()",175,192
17,6,67,0,17,"ParticleDemoScene::ClearAllParticles@194-210@app\src\scene\ParticleDemoScene.cpp","app\src\scene\ParticleDemoScene.cpp","ParticleDemoScene::ClearAllParticles","ParticleDemoScene::ClearAllParticles()",194,210
16,3,99,1,19,"ParticleDemoScene::UpdateFireworkAttack@212-230@app\src\scene\ParticleDemoScene.cpp","app\src\scene\ParticleDemoScene.cpp","ParticleDemoScene::UpdateFireworkAttack","ParticleDemoScene::UpdateFireworkAttack( float deltaTime)",212,230
39,2,334,2,41,"ParticleDemoScene::SpawnShellProjectile@232-272@app\src\scene\ParticleDemoScene.cpp","app\src\scene\ParticleDemoScene.cpp","ParticleDemoScene::SpawnShellProjectile","ParticleDemoScene::SpawnShellProjectile( XMFLOAT3 position , float progress)",232,272
39,4,355,1,44,"ParticleDemoScene::SpawnBigExplosion@274-317@app\src\scene\ParticleDemoScene.cpp","app\src\scene\ParticleDemoScene.cpp","ParticleDemoScene::SpawnBigExplosion","ParticleDemoScene::SpawnBigExplosion( XMFLOAT3 position)",274,317
50,7,794,1,56,"ParticleDemoScene::SpawnScatteredExplosionVolley@319-374@app\src\scene\ParticleDemoScene.cpp","app\src\scene\ParticleDemoScene.cpp","ParticleDemoScene::SpawnScatteredExplosionVolley","ParticleDemoScene::SpawnScatteredExplosionVolley( uint32_t stage)",319,374
18,3,145,0,21,"ParticleDemoScene::SpawnDelayedCrackle@376-396@app\src\scene\ParticleDemoScene.cpp","app\src\scene\ParticleDemoScene.cpp","ParticleDemoScene::SpawnDelayedCrackle","ParticleDemoScene::SpawnDelayedCrackle()",376,396
18,4,188,0,22,"ParticleDemoScene::UpdateImpactPostEffect@398-419@app\src\scene\ParticleDemoScene.cpp","app\src\scene\ParticleDemoScene.cpp","ParticleDemoScene::UpdateImpactPostEffect","ParticleDemoScene::UpdateImpactPostEffect()",398,419
8,4,44,0,8,"ParticleDemoScene::ClearImpactPostEffect@421-428@app\src\scene\ParticleDemoScene.cpp","app\src\scene\ParticleDemoScene.cpp","ParticleDemoScene::ClearImpactPostEffect","ParticleDemoScene::ClearImpactPostEffect()",421,428
13,4,137,0,14,"ParticleDemoScene::UpdateCamera@430-443@app\src\scene\ParticleDemoScene.cpp","app\src\scene\ParticleDemoScene.cpp","ParticleDemoScene::UpdateCamera","ParticleDemoScene::UpdateCamera()",430,443
16,4,116,0,16,"GetExecutableDirectory@11-26@app\src\main.cpp","app\src\main.cpp","GetExecutableDirectory","GetExecutableDirectory()",11,26
5,2,53,1,5,"HasPackagedResources@28-32@app\src\main.cpp","app\src\main.cpp","HasPackagedResources","HasPackagedResources( const std :: filesystem :: path & root)",28,32
9,2,64,0,10,"ConfigureAssetRoot@34-43@app\src\main.cpp","app\src\main.cpp","ConfigureAssetRoot","ConfigureAssetRoot()",34,43
11,1,72,4,13,"WinMain@47-59@app\src\main.cpp","app\src\main.cpp","WinMain","WinMain( HINSTANCE instance , HINSTANCE , LPSTR , int showCommand)",47,59
3,1,9,0,3,"Camera::GetView@36-38@engine\include\camera\Camera.h","engine\include\camera\Camera.h","Camera::GetView","Camera::GetView() const",36,38
3,1,9,0,3,"Camera::GetProj@39-41@engine\include\camera\Camera.h","engine\include\camera\Camera.h","Camera::GetProj","Camera::GetProj() const",39,41
3,1,9,0,3,"Camera::GetViewProjection@42-44@engine\include\camera\Camera.h","engine\include\camera\Camera.h","Camera::GetViewProjection","Camera::GetViewProjection() const",42,44
3,1,9,0,3,"Camera::GetPosition@46-48@engine\include\camera\Camera.h","engine\include\camera\Camera.h","Camera::GetPosition","Camera::GetPosition() const",46,48
3,1,9,0,3,"Camera::GetRotation@49-51@engine\include\camera\Camera.h","engine\include\camera\Camera.h","Camera::GetRotation","Camera::GetRotation() const",49,51
3,1,9,0,3,"Camera::GetAspect@52-54@engine\include\camera\Camera.h","engine\include\camera\Camera.h","Camera::GetAspect","Camera::GetAspect() const",52,54
3,1,9,0,3,"Camera::GetFovY@55-57@engine\include\camera\Camera.h","engine\include\camera\Camera.h","Camera::GetFovY","Camera::GetFovY() const",55,57
3,1,9,0,3,"Camera::GetOrthographicHeight@58-60@engine\include\camera\Camera.h","engine\include\camera\Camera.h","Camera::GetOrthographicHeight","Camera::GetOrthographicHeight() const",58,60
3,1,9,0,3,"Camera::GetNearZ@61-63@engine\include\camera\Camera.h","engine\include\camera\Camera.h","Camera::GetNearZ","Camera::GetNearZ() const",61,63
3,1,9,0,3,"Camera::GetFarZ@64-66@engine\include\camera\Camera.h","engine\include\camera\Camera.h","Camera::GetFarZ","Camera::GetFarZ() const",64,66
3,1,9,0,3,"CollisionManager::GetBodies@87-89@engine\include\collision\CollisionManager.h","engine\include\collision\CollisionManager.h","CollisionManager::GetBodies","CollisionManager::GetBodies() const",87,89
10,3,78,2,10,"CoreAlignment::AlignUp@8-17@engine\include\core\Alignment.h","engine\include\core\Alignment.h","CoreAlignment::AlignUp","CoreAlignment::AlignUp( size_t value , size_t alignment)",8,17
3,1,13,0,3,"AssetHotReloader::GetWatchedFileCount@19-21@engine\include\core\AssetHotReloader.h","engine\include\core\AssetHotReloader.h","AssetHotReloader::GetWatchedFileCount","AssetHotReloader::GetWatchedFileCount() const",19,21
3,1,37,2,3,"AsyncJobBatch::Start@10-12@engine\include\core\AsyncJobBatch.h","engine\include\core\AsyncJobBatch.h","AsyncJobBatch::Start","AsyncJobBatch::Start( size_t index , Callable && callable)",10,12
3,1,17,1,3,"AsyncJobBatch::Get@14-16@engine\include\core\AsyncJobBatch.h","engine\include\core\AsyncJobBatch.h","AsyncJobBatch::Get","AsyncJobBatch::Get( size_t index)",14,16
2,1,28,1,2,"ScopedComInitialization::ScopedComInitialization@7-8@engine\include\core\ComInitialization.h","engine\include\core\ComInitialization.h","ScopedComInitialization::ScopedComInitialization","ScopedComInitialization::ScopedComInitialization( DWORD coInit = COINIT_MULTITHREADED)",7,8
5,2,15,0,5,"ScopedComInitialization::~ScopedComInitialization@10-14@engine\include\core\ComInitialization.h","engine\include\core\ComInitialization.h","ScopedComInitialization::~ScopedComInitialization","ScopedComInitialization::~ScopedComInitialization()",10,14
3,2,17,0,3,"ScopedComInitialization::IsUsable@19-21@engine\include\core\ComInitialization.h","engine\include\core\ComInitialization.h","ScopedComInitialization::IsUsable","ScopedComInitialization::IsUsable() const",19,21
3,1,10,0,3,"ScopedComInitialization::Result@23-25@engine\include\core\ComInitialization.h","engine\include\core\ComInitialization.h","ScopedComInitialization::Result","ScopedComInitialization::Result() const",23,25
3,1,8,0,3,"DebugSettingsStore::Json@33-35@engine\include\core\DebugSettingsStore.h","engine\include\core\DebugSettingsStore.h","DebugSettingsStore::Json","DebugSettingsStore::Json()",33,35
3,1,9,0,3,"DebugSettingsStore::Json@36-38@engine\include\core\DebugSettingsStore.h","engine\include\core\DebugSettingsStore.h","DebugSettingsStore::Json","DebugSettingsStore::Json() const",36,38
3,1,9,0,3,"FrameTimer::GetFrameTime@19-21@engine\include\core\FrameTimer.h","engine\include\core\FrameTimer.h","FrameTimer::GetFrameTime","FrameTimer::GetFrameTime() const",19,21
8,1,41,1,8,"HashUtils::Mix32@9-16@engine\include\core\HashUtils.h","engine\include\core\HashUtils.h","HashUtils::Mix32","HashUtils::Mix32( uint32_t value)",9,16
8,1,41,1,8,"HashUtils::MixMurmur32@18-25@engine\include\core\HashUtils.h","engine\include\core\HashUtils.h","HashUtils::MixMurmur32","HashUtils::MixMurmur32( uint32_t value)",18,25
3,1,22,2,3,"HashUtils::Combine@27-29@engine\include\core\HashUtils.h","engine\include\core\HashUtils.h","HashUtils::Combine","HashUtils::Combine( uint32_t value , uint32_t salt)",27,29
3,1,26,1,3,"HashUtils::UnitFloat24@31-33@engine\include\core\HashUtils.h","engine\include\core\HashUtils.h","HashUtils::UnitFloat24","HashUtils::UnitFloat24( uint32_t hash)",31,33
3,1,26,1,3,"HashUtils::UnitFloat24Inclusive@35-37@engine\include\core\HashUtils.h","engine\include\core\HashUtils.h","HashUtils::UnitFloat24Inclusive","HashUtils::UnitFloat24Inclusive( uint32_t hash)",35,37
3,1,16,1,3,"HashUtils::UnitFloat01@39-41@engine\include\core\HashUtils.h","engine\include\core\HashUtils.h","HashUtils::UnitFloat01","HashUtils::UnitFloat01( uint32_t value)",39,41
3,1,16,1,3,"HashUtils::UnitFloat01Inclusive@43-45@engine\include\core\HashUtils.h","engine\include\core\HashUtils.h","HashUtils::UnitFloat01Inclusive","HashUtils::UnitFloat01Inclusive( uint32_t value)",43,45
3,1,16,1,3,"HashUtils::UnitFloat01MurmurInclusive@47-49@engine\include\core\HashUtils.h","engine\include\core\HashUtils.h","HashUtils::UnitFloat01MurmurInclusive","HashUtils::UnitFloat01MurmurInclusive( uint32_t value)",47,49
3,1,21,2,3,"HashUtils::UnitFloat01@51-53@engine\include\core\HashUtils.h","engine\include\core\HashUtils.h","HashUtils::UnitFloat01","HashUtils::UnitFloat01( uint32_t value , uint32_t salt)",51,53
3,1,19,1,3,"HashUtils::SignedFloat11@55-57@engine\include\core\HashUtils.h","engine\include\core\HashUtils.h","HashUtils::SignedFloat11","HashUtils::SignedFloat11( uint32_t value)",55,57
3,1,24,2,3,"HashUtils::SignedFloat11@59-61@engine\include\core\HashUtils.h","engine\include\core\HashUtils.h","HashUtils::SignedFloat11","HashUtils::SignedFloat11( uint32_t value , uint32_t salt)",59,61
4,3,43,1,4,"MathUtils::IsFinite@16-19@engine\include\core\MathUtils.h","engine\include\core\MathUtils.h","MathUtils::IsFinite","MathUtils::IsFinite( float value)",16,19
3,1,21,1,3,"MathUtils::Saturate@21-23@engine\include\core\MathUtils.h","engine\include\core\MathUtils.h","MathUtils::Saturate","MathUtils::Saturate( float value)",21,23
3,2,21,1,3,"MathUtils::SaturateFinite@25-27@engine\include\core\MathUtils.h","engine\include\core\MathUtils.h","MathUtils::SaturateFinite","MathUtils::SaturateFinite( float value)",25,27
3,1,24,3,3,"MathUtils::Lerp@29-31@engine\include\core\MathUtils.h","engine\include\core\MathUtils.h","MathUtils::Lerp","MathUtils::Lerp( float a , float b , float t)",29,31
3,1,26,3,3,"MathUtils::LerpClamped@33-35@engine\include\core\MathUtils.h","engine\include\core\MathUtils.h","MathUtils::LerpClamped","MathUtils::LerpClamped( float a , float b , float t)",33,35
3,1,63,3,3,"MathUtils::Lerp@37-39@engine\include\core\MathUtils.h","engine\include\core\MathUtils.h","MathUtils::Lerp","MathUtils::Lerp( const DirectX :: XMFLOAT3 & a , const DirectX :: XMFLOAT3 & b , float t)",37,39
4,1,34,3,4,"MathUtils::LerpClamped@41-44@engine\include\core\MathUtils.h","engine\include\core\MathUtils.h","MathUtils::LerpClamped","MathUtils::LerpClamped( const DirectX :: XMFLOAT3 & a , const DirectX :: XMFLOAT3 & b , float t)",41,44
3,1,76,3,3,"MathUtils::Lerp@46-48@engine\include\core\MathUtils.h","engine\include\core\MathUtils.h","MathUtils::Lerp","MathUtils::Lerp( const DirectX :: XMFLOAT4 & a , const DirectX :: XMFLOAT4 & b , float t)",46,48
4,1,34,3,4,"MathUtils::LerpClamped@50-53@engine\include\core\MathUtils.h","engine\include\core\MathUtils.h","MathUtils::LerpClamped","MathUtils::LerpClamped( const DirectX :: XMFLOAT4 & a , const DirectX :: XMFLOAT4 & b , float t)",50,53
3,1,45,2,3,"MathUtils::Add@55-57@engine\include\core\MathUtils.h","engine\include\core\MathUtils.h","MathUtils::Add","MathUtils::Add( const DirectX :: XMFLOAT3 & a , const DirectX :: XMFLOAT3 & b)",55,57
3,1,45,2,3,"MathUtils::Subtract@59-61@engine\include\core\MathUtils.h","engine\include\core\MathUtils.h","MathUtils::Subtract","MathUtils::Subtract( const DirectX :: XMFLOAT3 & a , const DirectX :: XMFLOAT3 & b)",59,61
3,1,35,2,3,"MathUtils::Scale@63-65@engine\include\core\MathUtils.h","engine\include\core\MathUtils.h","MathUtils::Scale","MathUtils::Scale( const DirectX :: XMFLOAT3 & value , float scale)",63,65
3,1,43,2,3,"MathUtils::Dot@67-69@engine\include\core\MathUtils.h","engine\include\core\MathUtils.h","MathUtils::Dot","MathUtils::Dot( const DirectX :: XMFLOAT3 & a , const DirectX :: XMFLOAT3 & b)",67,69
3,1,69,2,3,"MathUtils::Cross@71-73@engine\include\core\MathUtils.h","engine\include\core\MathUtils.h","MathUtils::Cross","MathUtils::Cross( const DirectX :: XMFLOAT3 & a , const DirectX :: XMFLOAT3 & b)",71,73
3,1,34,1,3,"MathUtils::Length@75-77@engine\include\core\MathUtils.h","engine\include\core\MathUtils.h","MathUtils::Length","MathUtils::Length( const DirectX :: XMFLOAT3 & value)",75,77
12,7,123,1,14,"MathUtils::LoadNormalizedQuaternionOrIdentity@79-92@engine\include\core\MathUtils.h","engine\include\core\MathUtils.h","MathUtils::LoadNormalizedQuaternionOrIdentity","MathUtils::LoadNormalizedQuaternionOrIdentity( const DirectX :: XMFLOAT4 & rotation)",79,92
9,3,101,2,10,"MathUtils::NormalizeOrDefault@94-103@engine\include\core\MathUtils.h","engine\include\core\MathUtils.h","MathUtils::NormalizeOrDefault","MathUtils::NormalizeOrDefault( const DirectX :: XMFLOAT3 & value , const DirectX :: XMFLOAT3 & fallback)",94,103
3,1,33,1,3,"MathUtils::LengthXZ@105-107@engine\include\core\MathUtils.h","engine\include\core\MathUtils.h","MathUtils::LengthXZ","MathUtils::LengthXZ( const DirectX :: XMFLOAT3 & value)",105,107
5,1,56,2,5,"MathUtils::DistanceXZ@109-113@engine\include\core\MathUtils.h","engine\include\core\MathUtils.h","MathUtils::DistanceXZ","MathUtils::DistanceXZ( const DirectX :: XMFLOAT3 & a , const DirectX :: XMFLOAT3 & b)",109,113
9,3,90,2,10,"MathUtils::NormalizeXZOrDefault@115-124@engine\include\core\MathUtils.h","engine\include\core\MathUtils.h","MathUtils::NormalizeXZOrDefault","MathUtils::NormalizeXZOrDefault( const DirectX :: XMFLOAT3 & value , const DirectX :: XMFLOAT3 & fallback)",115,124
7,1,89,1,7,"MathUtils::HorizontalScaleFromWorld@126-132@engine\include\core\MathUtils.h","engine\include\core\MathUtils.h","MathUtils::HorizontalScaleFromWorld","MathUtils::HorizontalScaleFromWorld( const DirectX :: XMFLOAT4X4 & world)",126,132
3,1,41,1,3,"MathUtils::VerticalScaleFromWorld@134-136@engine\include\core\MathUtils.h","engine\include\core\MathUtils.h","MathUtils::VerticalScaleFromWorld","MathUtils::VerticalScaleFromWorld( const DirectX :: XMFLOAT4X4 & world)",134,136
3,1,25,1,3,"MathUtils::YawFromWorld@138-140@engine\include\core\MathUtils.h","engine\include\core\MathUtils.h","MathUtils::YawFromWorld","MathUtils::YawFromWorld( const DirectX :: XMFLOAT4X4 & world)",138,140
3,1,22,1,3,"MathUtils::SmoothStepUnclamped@147-149@engine\include\core\MathUtils.h","engine\include\core\MathUtils.h","MathUtils::SmoothStepUnclamped","MathUtils::SmoothStepUnclamped( float value)",147,149
3,2,24,1,3,"MathUtils::SmoothStep01@156-158@engine\include\core\MathUtils.h","engine\include\core\MathUtils.h","MathUtils::SmoothStep01","MathUtils::SmoothStep01( float value)",156,158
13,9,104,3,13,"MathUtils::SmoothStep@167-179@engine\include\core\MathUtils.h","engine\include\core\MathUtils.h","MathUtils::SmoothStep","MathUtils::SmoothStep( float edge0 , float edge1 , float value)",167,179
3,2,22,2,3,"Numeric::FiniteOr@8-10@engine\include\core\Numeric.h","engine\include\core\Numeric.h","Numeric::FiniteOr","Numeric::FiniteOr( float value , float fallback)",8,10
3,1,33,4,3,"Numeric::ClampFinite@12-14@engine\include\core\Numeric.h","engine\include\core\Numeric.h","Numeric::ClampFinite","Numeric::ClampFinite( float value , float minimum , float maximum , float fallback)",12,14
3,1,30,3,3,"Numeric::AtLeastFinite@16-18@engine\include\core\Numeric.h","engine\include\core\Numeric.h","Numeric::AtLeastFinite","Numeric::AtLeastFinite( float value , float minimum , float fallback)",16,18
7,2,43,1,7,"PathUtils::ResolveAssetPath@13-19@engine\include\core\PathUtils.h","engine\include\core\PathUtils.h","PathUtils::ResolveAssetPath","PathUtils::ResolveAssetPath( const std :: wstring & path)",13,19
15,4,111,1,17,"PathUtils::NormalizePathKey@21-37@engine\include\core\PathUtils.h","engine\include\core\PathUtils.h","PathUtils::NormalizePathKey","PathUtils::NormalizePathKey( const std :: filesystem :: path & path)",21,37
15,4,101,1,17,"PathUtils::NormalizeKey@39-55@engine\include\core\PathUtils.h","engine\include\core\PathUtils.h","PathUtils::NormalizeKey","PathUtils::NormalizeKey( const std :: wstring & source)",39,55
3,1,13,1,3,"IsValidResourceId@7-9@engine\include\core\ResourceHandle.h","engine\include\core\ResourceHandle.h","IsValidResourceId","IsValidResourceId( uint32_t id)",7,9
1,1,12,1,1,"ResourceHandle::ResourceHandle@19-19@engine\include\core\ResourceHandle.h","engine\include\core\ResourceHandle.h","ResourceHandle::ResourceHandle","ResourceHandle::ResourceHandle( uint32_t index)",19,19
3,1,11,0,3,"ResourceHandle::IsValid@21-23@engine\include\core\ResourceHandle.h","engine\include\core\ResourceHandle.h","ResourceHandle::IsValid","ResourceHandle::IsValid() const",21,23
3,1,9,0,3,"ResourceHandle::Get@24-26@engine\include\core\ResourceHandle.h","engine\include\core\ResourceHandle.h","ResourceHandle::Get","ResourceHandle::Get() const",24,26
3,1,12,0,3,"ResourceHandle::operator bool@28-30@engine\include\core\ResourceHandle.h","engine\include\core\ResourceHandle.h","ResourceHandle::operator bool","ResourceHandle::operator bool() const",28,30
3,1,20,2,3,"ResourceHandle::operator ==@32-34@engine\include\core\ResourceHandle.h","engine\include\core\ResourceHandle.h","ResourceHandle::operator ==","ResourceHandle::operator ==( ResourceHandle lhs , ResourceHandle rhs)",32,34
3,1,19,2,3,"ResourceHandle::operator !=@36-38@engine\include\core\ResourceHandle.h","engine\include\core\ResourceHandle.h","ResourceHandle::operator !=","ResourceHandle::operator !=( ResourceHandle lhs , ResourceHandle rhs)",36,38
3,1,17,1,3,"MakeResourceHandle@44-46@engine\include\core\ResourceHandle.h","engine\include\core\ResourceHandle.h","MakeResourceHandle","MakeResourceHandle( uint32_t id)",44,46
3,1,18,1,3,"ToResourceId@48-50@engine\include\core\ResourceHandle.h","engine\include\core\ResourceHandle.h","ToResourceId","ToResourceId( ResourceHandle<Tag> handle)",48,50
2,1,37,2,2,"ThreadedTask::ThreadedTask@12-13@engine\include\core\ThreadedTask.h","engine\include\core\ThreadedTask.h","ThreadedTask::ThreadedTask","ThreadedTask::ThreadedTask( std :: future<Result> future , std :: thread worker)",12,13
7,1,89,1,7,"ThreadedTask::Start@20-26@engine\include\core\ThreadedTask.h","engine\include\core\ThreadedTask.h","ThreadedTask::Start","ThreadedTask::Start( Callable && callable)",20,26
3,1,13,0,3,"ThreadedTask::IsValid@28-30@engine\include\core\ThreadedTask.h","engine\include\core\ThreadedTask.h","ThreadedTask::IsValid","ThreadedTask::IsValid() const",28,30
4,2,33,0,4,"ThreadedTask::IsReady@32-35@engine\include\core\ThreadedTask.h","engine\include\core\ThreadedTask.h","ThreadedTask::IsReady","ThreadedTask::IsReady() const",32,35
4,2,33,0,4,"ThreadedTask::IsRunning@37-40@engine\include\core\ThreadedTask.h","engine\include\core\ThreadedTask.h","ThreadedTask::IsRunning","ThreadedTask::IsRunning() const",37,40
3,1,12,0,3,"ThreadedTask::Get@42-44@engine\include\core\ThreadedTask.h","engine\include\core\ThreadedTask.h","ThreadedTask::Get","ThreadedTask::Get()",42,44
5,2,21,0,5,"ThreadedTask::JoinWorker@46-50@engine\include\core\ThreadedTask.h","engine\include\core\ThreadedTask.h","ThreadedTask::JoinWorker","ThreadedTask::JoinWorker()",46,50
5,2,22,0,5,"ThreadedTask::DetachWorker@52-56@engine\include\core\ThreadedTask.h","engine\include\core\ThreadedTask.h","ThreadedTask::DetachWorker","ThreadedTask::DetachWorker()",52,56
3,1,9,0,3,"WinApp::IsFullscreen@52-54@engine\include\core\WinApp.h","engine\include\core\WinApp.h","WinApp::IsFullscreen","WinApp::IsFullscreen() const",52,54
3,1,9,0,3,"WinApp::GetHwnd@72-74@engine\include\core\WinApp.h","engine\include\core\WinApp.h","WinApp::GetHwnd","WinApp::GetHwnd() const",72,74
5,1,73,2,5,"InstanceDataDetail::FiniteFloat4@22-26@engine\include\geometry\InstanceData.h","engine\include\geometry\InstanceData.h","InstanceDataDetail::FiniteFloat4","InstanceDataDetail::FiniteFloat4( const DirectX :: XMFLOAT4 & value , const DirectX :: XMFLOAT4 & fallback)",22,26
4,1,56,0,4,"InstanceDataDetail::IdentityMatrix@28-31@engine\include\geometry\InstanceData.h","engine\include\geometry\InstanceData.h","InstanceDataDetail::IdentityMatrix","InstanceDataDetail::IdentityMatrix()",28,31
9,3,89,1,9,"InstanceDataDetail::SanitizeMatrix@33-41@engine\include\geometry\InstanceData.h","engine\include\geometry\InstanceData.h","InstanceDataDetail::SanitizeMatrix","InstanceDataDetail::SanitizeMatrix( DirectX :: XMFLOAT4X4 value)",33,41
11,1,126,1,11,"SanitizeInstanceDataForDraw@44-54@engine\include\geometry\InstanceData.h","engine\include\geometry\InstanceData.h","SanitizeInstanceDataForDraw","SanitizeInstanceDataForDraw( InstanceData instance)",44,54
3,1,40,4,3,"MeshGeometryUtils::AddTriangleIndices@10-12@engine\include\geometry\MeshGeometryUtils.h","engine\include\geometry\MeshGeometryUtils.h","MeshGeometryUtils::AddTriangleIndices","MeshGeometryUtils::AddTriangleIndices( Geometry & geometry , uint32_t a , uint32_t b , uint32_t c)",10,12
3,1,49,5,3,"MeshGeometryUtils::AddQuadIndices@15-17@engine\include\geometry\MeshGeometryUtils.h","engine\include\geometry\MeshGeometryUtils.h","MeshGeometryUtils::AddQuadIndices","MeshGeometryUtils::AddQuadIndices( Geometry & geometry , uint32_t a , uint32_t b , uint32_t c , uint32_t d)",15,17
4,1,49,5,4,"MeshGeometryUtils::AddReversedQuadIndices@20-23@engine\include\geometry\MeshGeometryUtils.h","engine\include\geometry\MeshGeometryUtils.h","MeshGeometryUtils::AddReversedQuadIndices","MeshGeometryUtils::AddReversedQuadIndices( Geometry & geometry , uint32_t a , uint32_t b , uint32_t c , uint32_t d)",20,23
8,2,107,2,8,"MeshGeometryUtils::AppendMeshGeometry@26-33@engine\include\geometry\MeshGeometryUtils.h","engine\include\geometry\MeshGeometryUtils.h","MeshGeometryUtils::AppendMeshGeometry","MeshGeometryUtils::AppendMeshGeometry( Geometry & target , const Geometry & source)",26,33
6,2,55,1,6,"ConstantBufferUtils::Align256@16-21@engine\include\graphics\ConstantBufferUtils.h","engine\include\graphics\ConstantBufferUtils.h","ConstantBufferUtils::Align256","ConstantBufferUtils::Align256( size_t size)",16,21
45,11,284,6,49,"ConstantBufferUtils::CreateUploadFrames@24-72@engine\include\graphics\ConstantBufferUtils.h","engine\include\graphics\ConstantBufferUtils.h","ConstantBufferUtils::CreateUploadFrames","ConstantBufferUtils::CreateUploadFrames( ID3D12Device * device , UINT frameCount , size_t elementSize , std :: vector<Frame> & frames , Microsoft :: WRL :: ComPtr<ID3D12Resource> Frame :: * resourceMember , Data * Frame :: * mappedMember)",24,72
12,3,103,3,12,"ConstantBufferUtils::HasMappedFrames@75-86@engine\include\graphics\ConstantBufferUtils.h","engine\include\graphics\ConstantBufferUtils.h","ConstantBufferUtils::HasMappedFrames","ConstantBufferUtils::HasMappedFrames( const std :: vector<Frame> & frames , Microsoft :: WRL :: ComPtr<ID3D12Resource> Frame :: * resourceMember , Data * Frame :: * mappedMember)",75,86
3,1,9,0,3,"DirectXCommon::GetSwapChainBufferCount@212-214@engine\include\graphics\DirectXCommon.h","engine\include\graphics\DirectXCommon.h","DirectXCommon::GetSwapChainBufferCount","DirectXCommon::GetSwapChainBufferCount() const",212,214
7,2,54,2,7,"DynamicBuffer::Write@35-41@engine\include\graphics\DynamicBuffer.h","engine\include\graphics\DynamicBuffer.h","DynamicBuffer::Write","DynamicBuffer::Write( const T & value , size_t alignment = 0)",35,41
14,6,116,3,14,"DynamicBuffer::WriteArray@44-57@engine\include\graphics\DynamicBuffer.h","engine\include\graphics\DynamicBuffer.h","DynamicBuffer::WriteArray","DynamicBuffer::WriteArray( const T * values , size_t count , size_t alignment = 0)",44,57
3,1,13,0,3,"DynamicBuffer::GetResource@59-61@engine\include\graphics\DynamicBuffer.h","engine\include\graphics\DynamicBuffer.h","DynamicBuffer::GetResource","DynamicBuffer::GetResource() const",59,61
3,1,9,0,3,"DynamicBuffer::GetCapacity@66-68@engine\include\graphics\DynamicBuffer.h","engine\include\graphics\DynamicBuffer.h","DynamicBuffer::GetCapacity","DynamicBuffer::GetCapacity() const",66,68
3,1,9,0,3,"DynamicBuffer::GetOffset@69-71@engine\include\graphics\DynamicBuffer.h","engine\include\graphics\DynamicBuffer.h","DynamicBuffer::GetOffset","DynamicBuffer::GetOffset() const",69,71
3,1,9,0,3,"DynamicBuffer::GetDefaultAlignment@72-74@engine\include\graphics\DynamicBuffer.h","engine\include\graphics\DynamicBuffer.h","DynamicBuffer::GetDefaultAlignment","DynamicBuffer::GetDefaultAlignment() const",72,74
3,1,12,0,3,"DynamicBuffer::HasResource@75-77@engine\include\graphics\DynamicBuffer.h","engine\include\graphics\DynamicBuffer.h","DynamicBuffer::HasResource","DynamicBuffer::HasResource() const",75,77
3,1,9,0,3,"FrameHistory::IsInitialized@44-46@engine\include\graphics\FrameHistory.h","engine\include\graphics\FrameHistory.h","FrameHistory::IsInitialized","FrameHistory::IsInitialized() const",44,46
3,1,9,0,3,"FrameHistory::GetFrameIndex@47-49@engine\include\graphics\FrameHistory.h","engine\include\graphics\FrameHistory.h","FrameHistory::GetFrameIndex","FrameHistory::GetFrameIndex() const",47,49
3,1,9,0,3,"FrameHistory::GetWidth@50-52@engine\include\graphics\FrameHistory.h","engine\include\graphics\FrameHistory.h","FrameHistory::GetWidth","FrameHistory::GetWidth() const",50,52
3,1,9,0,3,"FrameHistory::GetHeight@53-55@engine\include\graphics\FrameHistory.h","engine\include\graphics\FrameHistory.h","FrameHistory::GetHeight","FrameHistory::GetHeight() const",53,55
3,1,9,0,3,"FrameHistory::IsJitterEnabled@56-58@engine\include\graphics\FrameHistory.h","engine\include\graphics\FrameHistory.h","FrameHistory::IsJitterEnabled","FrameHistory::IsJitterEnabled() const",56,58
3,1,9,0,3,"FrameHistory::GetJitterScale@59-61@engine\include\graphics\FrameHistory.h","engine\include\graphics\FrameHistory.h","FrameHistory::GetJitterScale","FrameHistory::GetJitterScale() const",59,61
3,1,9,0,3,"FrameHistory::CameraHistory@63-65@engine\include\graphics\FrameHistory.h","engine\include\graphics\FrameHistory.h","FrameHistory::CameraHistory","FrameHistory::CameraHistory() const",63,65
3,1,9,0,3,"FrameHistory::GetStats@66-68@engine\include\graphics\FrameHistory.h","engine\include\graphics\FrameHistory.h","FrameHistory::GetStats","FrameHistory::GetStats() const",66,68
14,4,79,2,14,"FrameRollbackRegistry::Add@10-23@engine\include\graphics\FrameRollbackRegistry.h","engine\include\graphics\FrameRollbackRegistry.h","FrameRollbackRegistry::Add","FrameRollbackRegistry::Add( const * owner , std :: function<void()> rollback)",10,23
11,3,56,1,11,"FrameRollbackRegistry::ReserveAdditional@25-35@engine\include\graphics\FrameRollbackRegistry.h","engine\include\graphics\FrameRollbackRegistry.h","FrameRollbackRegistry::ReserveAdditional","FrameRollbackRegistry::ReserveAdditional( size_t additional)",25,35
8,2,67,1,8,"FrameRollbackRegistry::RemoveOwner@37-44@engine\include\graphics\FrameRollbackRegistry.h","engine\include\graphics\FrameRollbackRegistry.h","FrameRollbackRegistry::RemoveOwner","FrameRollbackRegistry::RemoveOwner( const * owner)",37,44
12,4,68,0,12,"FrameRollbackRegistry::Restore@46-57@engine\include\graphics\FrameRollbackRegistry.h","engine\include\graphics\FrameRollbackRegistry.h","FrameRollbackRegistry::Restore","FrameRollbackRegistry::Restore()",46,57
3,1,12,0,3,"FrameRollbackRegistry::Clear@59-61@engine\include\graphics\FrameRollbackRegistry.h","engine\include\graphics\FrameRollbackRegistry.h","FrameRollbackRegistry::Clear","FrameRollbackRegistry::Clear()",59,61
3,1,14,0,3,"FrameRollbackRegistry::Empty@63-65@engine\include\graphics\FrameRollbackRegistry.h","engine\include\graphics\FrameRollbackRegistry.h","FrameRollbackRegistry::Empty","FrameRollbackRegistry::Empty() const",63,65
14,6,90,7,14,"GpuResourceHelpers::CreateCommittedResourceChecked@7-20@engine\include\graphics\GpuResourceHelpers.h","engine\include\graphics\GpuResourceHelpers.h","GpuResourceHelpers::CreateCommittedResourceChecked","GpuResourceHelpers::CreateCommittedResourceChecked( ID3D12Device * device , const D3D12_HEAP_PROPERTIES * heapProperties , D3D12_HEAP_FLAGS heapFlags , const D3D12_RESOURCE_DESC * resourceDesc , D3D12_RESOURCE_STATES initialState , const D3D12_CLEAR_VALUE * clearValue , ID3D12Resource ** resource)",7,20
9,1,46,6,9,"GpuResourceHelpers::CreateCommittedResourceChecked@22-30@engine\include\graphics\GpuResourceHelpers.h","engine\include\graphics\GpuResourceHelpers.h","GpuResourceHelpers::CreateCommittedResourceChecked","GpuResourceHelpers::CreateCommittedResourceChecked( ID3D12Device * device , const D3D12_HEAP_PROPERTIES * heapProperties , D3D12_HEAP_FLAGS heapFlags , const D3D12_RESOURCE_DESC * resourceDesc , D3D12_RESOURCE_STATES initialState , ID3D12Resource ** resource)",22,30
7,4,52,2,7,"GpuResourceHelpers::MapResourceChecked@32-38@engine\include\graphics\GpuResourceHelpers.h","engine\include\graphics\GpuResourceHelpers.h","GpuResourceHelpers::MapResourceChecked","GpuResourceHelpers::MapResourceChecked( ID3D12Resource * resource , ** mapped)",32,38
12,3,65,2,12,"GpuResourceHelpers::MapResourceChecked@40-51@engine\include\graphics\GpuResourceHelpers.h","engine\include\graphics\GpuResourceHelpers.h","GpuResourceHelpers::MapResourceChecked","GpuResourceHelpers::MapResourceChecked( ID3D12Resource * resource , T ** mapped)",40,51
13,6,69,3,15,"CanReleaseGpuResources@5-19@engine\include\graphics\GpuResourceLifetime.h","engine\include\graphics\GpuResourceLifetime.h","CanReleaseGpuResources","CanReleaseGpuResources( DirectXCommon * dxCommon , bool hasGpuResources , bool allowFrameAbort = false)",5,19
3,1,9,0,3,"LightingScene::GetSceneLighting@18-20@engine\include\graphics\LightingScene.h","engine\include\graphics\LightingScene.h","LightingScene::GetSceneLighting","LightingScene::GetSceneLighting() const",18,20
3,1,9,0,3,"LightingScene::GetStats@22-24@engine\include\graphics\LightingScene.h","engine\include\graphics\LightingScene.h","LightingScene::GetStats","LightingScene::GetStats() const",22,24
3,1,9,0,3,"RenderGraph::GetExecutionOrder@78-80@engine\include\graphics\RenderGraph.h","engine\include\graphics\RenderGraph.h","RenderGraph::GetExecutionOrder","RenderGraph::GetExecutionOrder() const",78,80
3,1,9,0,3,"RenderGraph::GetResources@81-83@engine\include\graphics\RenderGraph.h","engine\include\graphics\RenderGraph.h","RenderGraph::GetResources","RenderGraph::GetResources() const",81,83
3,1,9,0,3,"RenderGraph::GetResourceAccesses@84-86@engine\include\graphics\RenderGraph.h","engine\include\graphics\RenderGraph.h","RenderGraph::GetResourceAccesses","RenderGraph::GetResourceAccesses() const",84,86
3,1,9,0,3,"RenderGraph::GetResourceTransitions@87-89@engine\include\graphics\RenderGraph.h","engine\include\graphics\RenderGraph.h","RenderGraph::GetResourceTransitions","RenderGraph::GetResourceTransitions() const",87,89
3,1,9,0,3,"RenderGraph::GetLastError@90-92@engine\include\graphics\RenderGraph.h","engine\include\graphics\RenderGraph.h","RenderGraph::GetLastError","RenderGraph::GetLastError() const",90,92
3,1,9,0,3,"RenderPassController::PassScope::GetContext@23-25@engine\include\graphics\RenderPassController.h","engine\include\graphics\RenderPassController.h","RenderPassController::PassScope::GetContext","RenderPassController::PassScope::GetContext() const",23,25
3,1,11,0,3,"RenderPassController::PassScope::operator ->@26-28@engine\include\graphics\RenderPassController.h","engine\include\graphics\RenderPassController.h","RenderPassController::PassScope::operator ->","RenderPassController::PassScope::operator ->() const",26,28
3,1,10,0,3,"RenderPassController::PassScope::operator *@29-31@engine\include\graphics\RenderPassController.h","engine\include\graphics\RenderPassController.h","RenderPassController::PassScope::operator *","RenderPassController::PassScope::operator *() const",29,31
3,1,9,0,3,"RenderPassController::GetContext@54-56@engine\include\graphics\RenderPassController.h","engine\include\graphics\RenderPassController.h","RenderPassController::GetContext","RenderPassController::GetContext() const",54,56
3,1,10,0,3,"RenderPassController::GetContextPtr@57-59@engine\include\graphics\RenderPassController.h","engine\include\graphics\RenderPassController.h","RenderPassController::GetContextPtr","RenderPassController::GetContextPtr() const",57,59
3,1,11,0,3,"RenderPassController::GetCurrentPass@60-62@engine\include\graphics\RenderPassController.h","engine\include\graphics\RenderPassController.h","RenderPassController::GetCurrentPass","RenderPassController::GetCurrentPass() const",60,62
3,2,15,0,3,"RenderPassController::IsReady@63-65@engine\include\graphics\RenderPassController.h","engine\include\graphics\RenderPassController.h","RenderPassController::IsReady","RenderPassController::IsReady() const",63,65
3,1,34,2,3,"operator |@28-30@engine\include\graphics\RenderScene.h","engine\include\graphics\RenderScene.h","operator |","operator |( RenderObjectFlags lhs , RenderObjectFlags rhs)",28,30
3,1,34,2,3,"operator &@32-34@engine\include\graphics\RenderScene.h","engine\include\graphics\RenderScene.h","operator &","operator &( RenderObjectFlags lhs , RenderObjectFlags rhs)",32,34
4,1,21,2,4,"operator |=@36-39@engine\include\graphics\RenderScene.h","engine\include\graphics\RenderScene.h","operator |=","operator |=( RenderObjectFlags & lhs , RenderObjectFlags rhs)",36,39
3,1,23,2,3,"HasRenderObjectFlag@41-43@engine\include\graphics\RenderScene.h","engine\include\graphics\RenderScene.h","HasRenderObjectFlag","HasRenderObjectFlag( RenderObjectFlags flags , RenderObjectFlags flag)",41,43
3,1,9,0,3,"RenderScene::GetStats@101-103@engine\include\graphics\RenderScene.h","engine\include\graphics\RenderScene.h","RenderScene::GetStats","RenderScene::GetStats() const",101,103
3,2,19,0,3,"RenderScene::Empty@104-106@engine\include\graphics\RenderScene.h","engine\include\graphics\RenderScene.h","RenderScene::Empty","RenderScene::Empty() const",104,106
3,1,16,1,3,"SrvManager::CanAllocate@31-33@engine\include\graphics\SrvManager.h","engine\include\graphics\SrvManager.h","SrvManager::CanAllocate","SrvManager::CanAllocate( UINT count = 1) const",31,33
3,1,13,0,3,"SrvManager::AllocateHandle@42-44@engine\include\graphics\SrvManager.h","engine\include\graphics\SrvManager.h","SrvManager::AllocateHandle","SrvManager::AllocateHandle()",42,44
3,1,16,1,3,"SrvManager::Free@56-58@engine\include\graphics\SrvManager.h","engine\include\graphics\SrvManager.h","SrvManager::Free","SrvManager::Free( DescriptorHandle handle)",56,58
3,1,17,1,3,"SrvManager::FreeIfAllocated@59-61@engine\include\graphics\SrvManager.h","engine\include\graphics\SrvManager.h","SrvManager::FreeIfAllocated","SrvManager::FreeIfAllocated( DescriptorHandle handle)",59,61
3,1,18,1,3,"SrvManager::GetCpuHandle@73-75@engine\include\graphics\SrvManager.h","engine\include\graphics\SrvManager.h","SrvManager::GetCpuHandle","SrvManager::GetCpuHandle( DescriptorHandle handle) const",73,75
3,1,18,1,3,"SrvManager::GetGpuHandle@87-89@engine\include\graphics\SrvManager.h","engine\include\graphics\SrvManager.h","SrvManager::GetGpuHandle","SrvManager::GetGpuHandle( DescriptorHandle handle) const",87,89
3,1,13,0,3,"TransparentRenderQueue::Empty@37-39@engine\include\graphics\TransparentRenderQueue.h","engine\include\graphics\TransparentRenderQueue.h","TransparentRenderQueue::Empty","TransparentRenderQueue::Empty() const",37,39
3,1,13,0,3,"TransparentRenderQueue::Size@40-42@engine\include\graphics\TransparentRenderQueue.h","engine\include\graphics\TransparentRenderQueue.h","TransparentRenderQueue::Size","TransparentRenderQueue::Size() const",40,42
7,2,54,2,7,"UploadRingBuffer::Write@49-55@engine\include\graphics\UploadRingBuffer.h","engine\include\graphics\UploadRingBuffer.h","UploadRingBuffer::Write","UploadRingBuffer::Write( const T & value , size_t alignment = 256)",49,55
14,5,110,3,14,"UploadRingBuffer::WriteArray@58-71@engine\include\graphics\UploadRingBuffer.h","engine\include\graphics\UploadRingBuffer.h","UploadRingBuffer::WriteArray","UploadRingBuffer::WriteArray( const T * values , size_t count , size_t alignment = alignof(T))",58,71
3,1,9,0,3,"UploadRingBuffer::GetFrameIndex@73-75@engine\include\graphics\UploadRingBuffer.h","engine\include\graphics\UploadRingBuffer.h","UploadRingBuffer::GetFrameIndex","UploadRingBuffer::GetFrameIndex() const",73,75
3,1,9,0,3,"UploadRingBuffer::GetBytesPerFrame@76-78@engine\include\graphics\UploadRingBuffer.h","engine\include\graphics\UploadRingBuffer.h","UploadRingBuffer::GetBytesPerFrame","UploadRingBuffer::GetBytesPerFrame() const",76,78
3,1,15,0,3,"UploadRingBuffer::GetTotalBytes@79-81@engine\include\graphics\UploadRingBuffer.h","engine\include\graphics\UploadRingBuffer.h","UploadRingBuffer::GetTotalBytes","UploadRingBuffer::GetTotalBytes() const",79,81
3,1,13,0,3,"UploadRingBuffer::GetFrameCount@82-84@engine\include\graphics\UploadRingBuffer.h","engine\include\graphics\UploadRingBuffer.h","UploadRingBuffer::GetFrameCount","UploadRingBuffer::GetFrameCount() const",82,84
3,1,9,0,3,"UploadRingBuffer::FrameResource::~FrameResource@94-96@engine\include\graphics\UploadRingBuffer.h","engine\include\graphics\UploadRingBuffer.h","UploadRingBuffer::FrameResource::~FrameResource","UploadRingBuffer::FrameResource::~FrameResource()",94,96
5,1,47,1,5,"UploadRingBuffer::FrameResource::FrameResource@99-103@engine\include\graphics\UploadRingBuffer.h","engine\include\graphics\UploadRingBuffer.h","UploadRingBuffer::FrameResource::FrameResource","UploadRingBuffer::FrameResource::FrameResource( FrameResource && other)",99,103
11,2,62,1,11,"UploadRingBuffer::FrameResource::operator =@104-114@engine\include\graphics\UploadRingBuffer.h","engine\include\graphics\UploadRingBuffer.h","UploadRingBuffer::FrameResource::operator =","UploadRingBuffer::FrameResource::operator =( FrameResource && other)",104,114
8,3,36,0,8,"UploadRingBuffer::FrameResource::Reset@116-123@engine\include\graphics\UploadRingBuffer.h","engine\include\graphics\UploadRingBuffer.h","UploadRingBuffer::FrameResource::Reset","UploadRingBuffer::FrameResource::Reset()",116,123
9,1,74,2,9,"MaterialDetail::FiniteFloat4@66-74@engine\include\model\Material.h","engine\include\model\Material.h","MaterialDetail::FiniteFloat4","MaterialDetail::FiniteFloat4( const DirectX :: XMFLOAT4 & value , const DirectX :: XMFLOAT4 & fallback)",66,74
11,3,95,2,11,"MaterialDetail::FiniteMatrix@76-86@engine\include\model\Material.h","engine\include\model\Material.h","MaterialDetail::FiniteMatrix","MaterialDetail::FiniteMatrix( const DirectX :: XMFLOAT4X4 & value , const DirectX :: XMFLOAT4X4 & fallback)",76,86
4,2,32,1,4,"MaterialDetail::IsBlendModeValue@88-91@engine\include\model\Material.h","engine\include\model\Material.h","MaterialDetail::IsBlendModeValue","MaterialDetail::IsBlendModeValue( int32_t value)",88,91
9,4,61,1,9,"MaterialDetail::ResolveBlendMode@93-101@engine\include\model\Material.h","engine\include\model\Material.h","MaterialDetail::ResolveBlendMode","MaterialDetail::ResolveBlendMode( const Material & material)",93,101
4,2,32,1,4,"MaterialDetail::IsPbrTexturePackingValue@103-106@engine\include\model\Material.h","engine\include\model\Material.h","MaterialDetail::IsPbrTexturePackingValue","MaterialDetail::IsPbrTexturePackingValue( int32_t value)",103,106
4,2,25,1,4,"MaterialDetail::ResolvePbrTexturePacking@108-111@engine\include\model\Material.h","engine\include\model\Material.h","MaterialDetail::ResolvePbrTexturePacking","MaterialDetail::ResolvePbrTexturePacking( int32_t value)",108,111
11,9,97,2,12,"MaterialDetail::BuildPbrTextureParams@113-124@engine\include\model\Material.h","engine\include\model\Material.h","MaterialDetail::BuildPbrTextureParams","MaterialDetail::BuildPbrTextureParams( const Material & material , PbrTexturePacking packing)",113,124
4,2,32,1,4,"MaterialDetail::IsCullModeValue@126-129@engine\include\model\Material.h","engine\include\model\Material.h","MaterialDetail::IsCullModeValue","MaterialDetail::IsCullModeValue( int32_t value)",126,129
14,2,107,3,15,"MaterialDetail::NormalizeReflectionParams@131-145@engine\include\model\Material.h","engine\include\model\Material.h","MaterialDetail::NormalizeReflectionParams","MaterialDetail::NormalizeReflectionParams( Material & material , const Material & defaults , bool reflectionsEnabled)",131,145
36,7,388,2,43,"NormalizeMaterialForDraw@148-190@engine\include\model\Material.h","engine\include\model\Material.h","NormalizeMaterialForDraw","NormalizeMaterialForDraw( Material material , bool reflectionsEnabled = true)",148,190
5,1,34,2,5,"operator |@29-33@engine\include\model\MaterialFeatures.h","engine\include\model\MaterialFeatures.h","operator |","operator |( MaterialFeatureFlags lhs , MaterialFeatureFlags rhs)",29,33
5,1,34,2,5,"operator &@35-39@engine\include\model\MaterialFeatures.h","engine\include\model\MaterialFeatures.h","operator &","operator &( MaterialFeatureFlags lhs , MaterialFeatureFlags rhs)",35,39
4,1,21,2,4,"operator |=@41-44@engine\include\model\MaterialFeatures.h","engine\include\model\MaterialFeatures.h","operator |=","operator |=( MaterialFeatureFlags & lhs , MaterialFeatureFlags rhs)",41,44
3,1,25,2,3,"HasMaterialFeature@46-48@engine\include\model\MaterialFeatures.h","engine\include\model\MaterialFeatures.h","HasMaterialFeature","HasMaterialFeature( MaterialFeatureFlags flags , MaterialFeatureFlags feature)",46,48
27,7,198,3,28,"BuildMaterialPipelineKey@58-85@engine\include\model\MaterialFeatures.h","engine\include\model\MaterialFeatures.h","BuildMaterialPipelineKey","BuildMaterialPipelineKey( const Material & material , MaterialDomain domain = MaterialDomain :: Surface , MaterialFeatureFlags extraFeatures = MaterialFeatureFlags :: None)",58,85
3,1,18,1,3,"MaterialManager::CreateMaterialHandle@37-39@engine\include\model\MaterialManager.h","engine\include\model\MaterialManager.h","MaterialManager::CreateMaterialHandle","MaterialManager::CreateMaterialHandle( const Material & material)",37,39
3,1,16,1,3,"MaterialManager::DestroyMaterial@42-44@engine\include\model\MaterialManager.h","engine\include\model\MaterialManager.h","MaterialManager::DestroyMaterial","MaterialManager::DestroyMaterial( MaterialHandle material)",42,44
3,1,23,2,3,"MaterialManager::SetMaterial@52-54@engine\include\model\MaterialManager.h","engine\include\model\MaterialManager.h","MaterialManager::SetMaterial","MaterialManager::SetMaterial( MaterialHandle materialId , const Material & material)",52,54
3,1,17,1,3,"MaterialManager::GetGPUVirtualAddress@63-65@engine\include\model\MaterialManager.h","engine\include\model\MaterialManager.h","MaterialManager::GetGPUVirtualAddress","MaterialManager::GetGPUVirtualAddress( MaterialHandle materialId)",63,65
3,1,18,1,3,"MaterialManager::GetMaterial@73-75@engine\include\model\MaterialManager.h","engine\include\model\MaterialManager.h","MaterialManager::GetMaterial","MaterialManager::GetMaterial( MaterialHandle materialId) const",73,75
3,1,18,1,3,"MaterialManager::IsValidMaterial@81-83@engine\include\model\MaterialManager.h","engine\include\model\MaterialManager.h","MaterialManager::IsValidMaterial","MaterialManager::IsValidMaterial( MaterialHandle materialId) const",81,83
7,3,26,0,7,"MeshGpuCullBuffer::~MeshGpuCullBuffer@51-57@engine\include\model\MeshGpuCullBuffer.h","engine\include\model\MeshGpuCullBuffer.h","MeshGpuCullBuffer::~MeshGpuCullBuffer","MeshGpuCullBuffer::~MeshGpuCullBuffer()",51,57
8,13,75,2,8,"MeshGpuCullBuffer::IsValidFor@59-66@engine\include\model\MeshGpuCullBuffer.h","engine\include\model\MeshGpuCullBuffer.h","MeshGpuCullBuffer::IsValidFor","MeshGpuCullBuffer::IsValidFor( uint32_t instanceCount , const ID3D12Resource * source) const",59,66
11,1,49,0,11,"MeshGpuCullBuffer::ResetResourcesOnly@68-78@engine\include\model\MeshGpuCullBuffer.h","engine\include\model\MeshGpuCullBuffer.h","MeshGpuCullBuffer::ResetResourcesOnly","MeshGpuCullBuffer::ResetResourcesOnly()",68,78
14,1,62,0,14,"MeshGpuCullBuffer::ResetDescriptorsOnly@80-93@engine\include\model\MeshGpuCullBuffer.h","engine\include\model\MeshGpuCullBuffer.h","MeshGpuCullBuffer::ResetDescriptorsOnly","MeshGpuCullBuffer::ResetDescriptorsOnly()",80,93
4,1,14,0,4,"MeshGpuCullBuffer::Reset@95-98@engine\include\model\MeshGpuCullBuffer.h","engine\include\model\MeshGpuCullBuffer.h","MeshGpuCullBuffer::Reset","MeshGpuCullBuffer::Reset()",95,98
3,3,14,0,3,"MeshGpuCullBuffer::HasResources@100-102@engine\include\model\MeshGpuCullBuffer.h","engine\include\model\MeshGpuCullBuffer.h","MeshGpuCullBuffer::HasResources","MeshGpuCullBuffer::HasResources() const",100,102
8,12,76,0,8,"MeshGpuCullBuffer::HasDescriptors@104-111@engine\include\model\MeshGpuCullBuffer.h","engine\include\model\MeshGpuCullBuffer.h","MeshGpuCullBuffer::HasDescriptors","MeshGpuCullBuffer::HasDescriptors() const",104,111
3,2,18,0,3,"MeshGpuCullBuffer::IsEmpty@113-115@engine\include\model\MeshGpuCullBuffer.h","engine\include\model\MeshGpuCullBuffer.h","MeshGpuCullBuffer::IsEmpty","MeshGpuCullBuffer::IsEmpty() const",113,115
7,3,26,0,7,"MeshGpuLodCullBuffer::~MeshGpuLodCullBuffer@158-164@engine\include\model\MeshGpuCullBuffer.h","engine\include\model\MeshGpuCullBuffer.h","MeshGpuLodCullBuffer::~MeshGpuLodCullBuffer","MeshGpuLodCullBuffer::~MeshGpuLodCullBuffer()",158,164
15,15,137,2,15,"MeshGpuLodCullBuffer::IsValidFor@166-180@engine\include\model\MeshGpuCullBuffer.h","engine\include\model\MeshGpuCullBuffer.h","MeshGpuLodCullBuffer::IsValidFor","MeshGpuLodCullBuffer::IsValidFor( uint32_t instanceCount , const ID3D12Resource * source) const",166,180
21,4,91,0,21,"MeshGpuLodCullBuffer::ResetResourcesOnly@182-202@engine\include\model\MeshGpuCullBuffer.h","engine\include\model\MeshGpuCullBuffer.h","MeshGpuLodCullBuffer::ResetResourcesOnly","MeshGpuLodCullBuffer::ResetResourcesOnly()",182,202
14,1,80,0,14,"MeshGpuLodCullBuffer::ResetDescriptorsOnly@204-217@engine\include\model\MeshGpuCullBuffer.h","engine\include\model\MeshGpuCullBuffer.h","MeshGpuLodCullBuffer::ResetDescriptorsOnly","MeshGpuLodCullBuffer::ResetDescriptorsOnly()",204,217
4,1,14,0,4,"MeshGpuLodCullBuffer::Reset@219-222@engine\include\model\MeshGpuCullBuffer.h","engine\include\model\MeshGpuCullBuffer.h","MeshGpuLodCullBuffer::Reset","MeshGpuLodCullBuffer::Reset()",219,222
8,5,48,0,8,"MeshGpuLodCullBuffer::HasResources@224-231@engine\include\model\MeshGpuCullBuffer.h","engine\include\model\MeshGpuCullBuffer.h","MeshGpuLodCullBuffer::HasResources","MeshGpuLodCullBuffer::HasResources() const",224,231
17,14,135,0,17,"MeshGpuLodCullBuffer::HasDescriptors@233-249@engine\include\model\MeshGpuCullBuffer.h","engine\include\model\MeshGpuCullBuffer.h","MeshGpuLodCullBuffer::HasDescriptors","MeshGpuLodCullBuffer::HasDescriptors() const",233,249
3,2,18,0,3,"MeshGpuLodCullBuffer::IsEmpty@251-253@engine\include\model\MeshGpuCullBuffer.h","engine\include\model\MeshGpuCullBuffer.h","MeshGpuLodCullBuffer::IsEmpty","MeshGpuLodCullBuffer::IsEmpty() const",251,253
4,5,31,0,4,"MeshInstanceBuffer::IsValid@15-18@engine\include\model\MeshInstanceBuffer.h","engine\include\model\MeshInstanceBuffer.h","MeshInstanceBuffer::IsValid","MeshInstanceBuffer::IsValid() const",15,18
8,1,34,0,8,"MeshInstanceBuffer::Reset@20-27@engine\include\model\MeshInstanceBuffer.h","engine\include\model\MeshInstanceBuffer.h","MeshInstanceBuffer::Reset","MeshInstanceBuffer::Reset()",20,27
7,1,47,6,7,"MeshManager::CreateMeshHandle@68-74@engine\include\model\MeshManager.h","engine\include\model\MeshManager.h","MeshManager::CreateMeshHandle","MeshManager::CreateMeshHandle( const * vertexData , uint32_t vertexStride , uint32_t vertexCount , const uint32_t * indexData , uint32_t indexCount , D3D12_PRIMITIVE_TOPOLOGY primitiveTopology = D3D_PRIMITIVE_TOPOLOGY_TRIANGLELIST)",68,74
3,1,16,1,3,"MeshManager::DestroyMesh@80-82@engine\include\model\MeshManager.h","engine\include\model\MeshManager.h","MeshManager::DestroyMesh","MeshManager::DestroyMesh( MeshHandle mesh)",80,82
3,1,18,1,3,"MeshManager::GetMesh@90-92@engine\include\model\MeshManager.h","engine\include\model\MeshManager.h","MeshManager::GetMesh","MeshManager::GetMesh( MeshHandle mesh) const",90,92
3,1,18,1,3,"MeshManager::IsValidMesh@98-100@engine\include\model\MeshManager.h","engine\include\model\MeshManager.h","MeshManager::IsValidMesh","MeshManager::IsValidMesh( MeshHandle mesh) const",98,100
5,1,31,1,5,"RendererMath::StoreMatrix@14-18@engine\include\model\RendererMath.h","engine\include\model\RendererMath.h","RendererMath::StoreMatrix","RendererMath::StoreMatrix( const DirectX :: XMMATRIX & matrix)",14,18
10,1,87,1,10,"RendererMath::MakeWorldMatrix@20-29@engine\include\model\RendererMath.h","engine\include\model\RendererMath.h","RendererMath::MakeWorldMatrix","RendererMath::MakeWorldMatrix( const Transform & transform)",20,29
8,3,79,1,8,"RendererMath::MakeSafeInverseTranspose@31-38@engine\include\model\RendererMath.h","engine\include\model\RendererMath.h","RendererMath::MakeSafeInverseTranspose","RendererMath::MakeSafeInverseTranspose( const DirectX :: XMMATRIX & matrix)",31,38
9,2,91,1,11,"RendererMath::NormalizeInfluence@40-50@engine\include\model\RendererMath.h","engine\include\model\RendererMath.h","RendererMath::NormalizeInfluence","RendererMath::NormalizeInfluence( VertexInfluence & influence)",40,50
3,2,22,2,3,"TransformFiniteOr@14-16@engine\include\model\Transform.h","engine\include\model\Transform.h","TransformFiniteOr","TransformFiniteOr( float value , float fallback)",14,16
9,1,118,1,9,"SanitizeTransformForDraw@18-26@engine\include\model\Transform.h","engine\include\model\Transform.h","SanitizeTransformForDraw","SanitizeTransformForDraw( Transform transform)",18,26
3,1,9,0,3,"GPUParticleSystem::GetEmitterSettings@98-100@engine\include\particle\GPUParticleSystem.h","engine\include\particle\GPUParticleSystem.h","GPUParticleSystem::GetEmitterSettings","GPUParticleSystem::GetEmitterSettings() const",98,100
3,1,11,1,3,"GPUParticleSystem::SetTexture@105-107@engine\include\particle\GPUParticleSystem.h","engine\include\particle\GPUParticleSystem.h","GPUParticleSystem::SetTexture","GPUParticleSystem::SetTexture( uint32_t textureId)",105,107
3,1,14,1,3,"BaseScene::Initialize@36-38@engine\include\scene\BaseScene.h","engine\include\scene\BaseScene.h","BaseScene::Initialize","BaseScene::Initialize( const SceneContext & ctx)",36,38
1,1,5,0,1,"BaseScene::AdvanceDeferredLoading@43-43@engine\include\scene\BaseScene.h","engine\include\scene\BaseScene.h","BaseScene::AdvanceDeferredLoading","BaseScene::AdvanceDeferredLoading()",43,43
3,1,10,0,3,"BaseScene::GetLoadingStatus@48-50@engine\include\scene\BaseScene.h","engine\include\scene\BaseScene.h","BaseScene::GetLoadingStatus","BaseScene::GetLoadingStatus() const",48,50
3,1,13,1,3,"BaseScene::SubmitRenderScene@60-62@engine\include\scene\BaseScene.h","engine\include\scene\BaseScene.h","BaseScene::SubmitRenderScene","BaseScene::SubmitRenderScene( RenderScene & renderScene)",60,62
3,1,13,1,3,"BaseScene::SubmitLighting@67-69@engine\include\scene\BaseScene.h","engine\include\scene\BaseScene.h","BaseScene::SubmitLighting","BaseScene::SubmitLighting( LightingScene & lightingScene)",67,69
3,1,13,1,3,"BaseScene::SubmitFrameHistory@74-76@engine\include\scene\BaseScene.h","engine\include\scene\BaseScene.h","BaseScene::SubmitFrameHistory","BaseScene::SubmitFrameHistory( FrameHistory & frameHistory)",74,76
1,1,5,0,1,"BaseScene::DrawShadow@81-81@engine\include\scene\BaseScene.h","engine\include\scene\BaseScene.h","BaseScene::DrawShadow","BaseScene::DrawShadow()",81,81
1,1,5,0,1,"BaseScene::DrawSpotLightShadow@86-86@engine\include\scene\BaseScene.h","engine\include\scene\BaseScene.h","BaseScene::DrawSpotLightShadow","BaseScene::DrawSpotLightShadow()",86,86
3,1,9,0,3,"BaseScene::UsesSpotLightShadowPass@91-93@engine\include\scene\BaseScene.h","engine\include\scene\BaseScene.h","BaseScene::UsesSpotLightShadowPass","BaseScene::UsesSpotLightShadowPass() const",91,93
3,1,9,0,3,"BaseScene::UsesForeground3DPass@103-105@engine\include\scene\BaseScene.h","engine\include\scene\BaseScene.h","BaseScene::UsesForeground3DPass","BaseScene::UsesForeground3DPass() const",103,105
1,1,5,0,1,"BaseScene::DrawForeground3D@110-110@engine\include\scene\BaseScene.h","engine\include\scene\BaseScene.h","BaseScene::DrawForeground3D","BaseScene::DrawForeground3D()",110,110
3,1,9,0,3,"BaseScene::UsesVolumetricLightingPass@115-117@engine\include\scene\BaseScene.h","engine\include\scene\BaseScene.h","BaseScene::UsesVolumetricLightingPass","BaseScene::UsesVolumetricLightingPass() const",115,117
1,1,5,0,1,"BaseScene::DrawTransparent@122-122@engine\include\scene\BaseScene.h","engine\include\scene\BaseScene.h","BaseScene::DrawTransparent","BaseScene::DrawTransparent()",122,122
1,1,5,0,1,"BaseScene::DrawVolumetricLighting@127-127@engine\include\scene\BaseScene.h","engine\include\scene\BaseScene.h","BaseScene::DrawVolumetricLighting","BaseScene::DrawVolumetricLighting()",127,127
1,1,5,0,1,"BaseScene::DrawPostProcessOverlay@132-132@engine\include\scene\BaseScene.h","engine\include\scene\BaseScene.h","BaseScene::DrawPostProcessOverlay","BaseScene::DrawPostProcessOverlay()",132,132
3,1,12,1,3,"BaseScene::SetSceneManager@138-140@engine\include\scene\BaseScene.h","engine\include\scene\BaseScene.h","BaseScene::SetSceneManager","BaseScene::SetSceneManager( SceneManager * sceneManager)",138,140
8,2,54,1,8,"AudioFileLoader::SoundData::CopyFormat@24-31@engine\include\sound\AudioFileLoader.h","engine\include\sound\AudioFileLoader.h","AudioFileLoader::SoundData::CopyFormat","AudioFileLoader::SoundData::CopyFormat( WAVEFORMATEX & outFormat) const",24,31
4,1,31,4,4,"NullSoundService::CreatePcm16Sound@7-10@engine\include\sound\NullSoundService.h","engine\include\sound\NullSoundService.h","NullSoundService::CreatePcm16Sound","NullSoundService::CreatePcm16Sound( const std :: wstring & , const std :: vector<int16_t> & , uint32_t = 48000 , uint16_t = 1)",7,10
3,1,15,1,3,"NullSoundService::FindPcm16Sound@12-14@engine\include\sound\NullSoundService.h","engine\include\sound\NullSoundService.h","NullSoundService::FindPcm16Sound","NullSoundService::FindPcm16Sound( const std :: wstring &) const",12,14
3,1,19,3,3,"NullSoundService::Play@16-18@engine\include\sound\NullSoundService.h","engine\include\sound\NullSoundService.h","NullSoundService::Play","NullSoundService::Play( uint32_t , float = 1.0 f , bool = false)",16,18
3,1,21,4,3,"NullSoundService::PlayFrom@20-22@engine\include\sound\NullSoundService.h","engine\include\sound\NullSoundService.h","NullSoundService::PlayFrom","NullSoundService::PlayFrom( uint32_t , float , float = 1.0 f , bool = false)",20,22
3,1,25,4,3,"NullSoundService::Play3D@24-26@engine\include\sound\NullSoundService.h","engine\include\sound\NullSoundService.h","NullSoundService::Play3D","NullSoundService::Play3D( uint32_t , const DirectX :: XMFLOAT3 & , float = 1.0 f , bool = false)",24,26
1,1,7,1,1,"NullSoundService::Stop@28-28@engine\include\sound\NullSoundService.h","engine\include\sound\NullSoundService.h","NullSoundService::Stop","NullSoundService::Stop( uint32_t)",28,28
1,1,6,0,1,"NullSoundService::StopAll@29-29@engine\include\sound\NullSoundService.h","engine\include\sound\NullSoundService.h","NullSoundService::StopAll","NullSoundService::StopAll()",29,29
3,1,11,1,3,"NullSoundService::IsPlaying@30-32@engine\include\sound\NullSoundService.h","engine\include\sound\NullSoundService.h","NullSoundService::IsPlaying","NullSoundService::IsPlaying( uint32_t) const",30,32
3,1,11,1,3,"NullSoundService::GetInfo@33-35@engine\include\sound\NullSoundService.h","engine\include\sound\NullSoundService.h","NullSoundService::GetInfo","NullSoundService::GetInfo( uint32_t) const",33,35
1,1,9,2,1,"NullSoundService::SetVoiceVolume@36-36@engine\include\sound\NullSoundService.h","engine\include\sound\NullSoundService.h","NullSoundService::SetVoiceVolume","NullSoundService::SetVoiceVolume( uint32_t , float)",36,36
1,1,9,2,1,"NullSoundService::SetVoiceFrequencyRatio@37-37@engine\include\sound\NullSoundService.h","engine\include\sound\NullSoundService.h","NullSoundService::SetVoiceFrequencyRatio","NullSoundService::SetVoiceFrequencyRatio( uint32_t , float)",37,37
1,1,13,2,1,"NullSoundService::SetVoicePosition@38-38@engine\include\sound\NullSoundService.h","engine\include\sound\NullSoundService.h","NullSoundService::SetVoicePosition","NullSoundService::SetVoicePosition( uint32_t , const DirectX :: XMFLOAT3 &)",38,38
1,1,11,3,1,"NullSoundService::SetVoice3DRange@39-39@engine\include\sound\NullSoundService.h","engine\include\sound\NullSoundService.h","NullSoundService::SetVoice3DRange","NullSoundService::SetVoice3DRange( uint32_t , float , float)",39,39
2,1,34,4,2,"NullSoundService::SetListener@40-41@engine\include\sound\NullSoundService.h","engine\include\sound\NullSoundService.h","NullSoundService::SetListener","NullSoundService::SetListener( const DirectX :: XMFLOAT3 & , const DirectX :: XMFLOAT3 & , const DirectX :: XMFLOAT3 & = { 0.0 f , 1.0 f , 0.0 f })",40,41
3,1,20,1,3,"SoundManager::LoadHandle@40-42@engine\include\sound\SoundManager.h","engine\include\sound\SoundManager.h","SoundManager::LoadHandle","SoundManager::LoadHandle( const std :: wstring & path)",40,42
6,1,41,2,6,"SoundManager::TryLoadHandle@48-53@engine\include\sound\SoundManager.h","engine\include\sound\SoundManager.h","SoundManager::TryLoadHandle","SoundManager::TryLoadHandle( const std :: wstring & path , SoundHandle & sound)",48,53
3,1,20,1,3,"SoundManager::LoadOrCreateSilentHandle@59-61@engine\include\sound\SoundManager.h","engine\include\sound\SoundManager.h","SoundManager::LoadOrCreateSilentHandle","SoundManager::LoadOrCreateSilentHandle( const std :: wstring & path)",59,61
5,1,46,4,5,"SoundManager::CreatePcm16SoundHandle@70-74@engine\include\sound\SoundManager.h","engine\include\sound\SoundManager.h","SoundManager::CreatePcm16SoundHandle","SoundManager::CreatePcm16SoundHandle( const std :: wstring & cacheKey , const std :: vector<int16_t> & pcmSamples , uint32_t sampleRate = 48000 , uint16_t channels = 1)",70,74
3,1,34,3,3,"SoundManager::Play@87-89@engine\include\sound\SoundManager.h","engine\include\sound\SoundManager.h","SoundManager::Play","SoundManager::Play( SoundHandle sound , float volume = 1.0 f , bool loop = false)",87,89
4,1,39,4,4,"SoundManager::PlayFrom@96-99@engine\include\sound\SoundManager.h","engine\include\sound\SoundManager.h","SoundManager::PlayFrom","SoundManager::PlayFrom( SoundHandle sound , float startSeconds , float volume = 1.0 f , bool loop = false)",96,99
4,1,43,4,4,"SoundManager::Play3D@106-109@engine\include\sound\SoundManager.h","engine\include\sound\SoundManager.h","SoundManager::Play3D","SoundManager::Play3D( SoundHandle sound , const DirectX :: XMFLOAT3 & sourcePosition , float volume = 1.0 f , bool loop = false)",106,109
3,1,35,3,3,"SoundManager::PlayStreamHandle@115-117@engine\include\sound\SoundManager.h","engine\include\sound\SoundManager.h","SoundManager::PlayStreamHandle","SoundManager::PlayStreamHandle( const std :: wstring & path , float volume = 1.0 f , bool loop = false)",115,117
3,1,15,1,3,"SoundManager::Stop@123-125@engine\include\sound\SoundManager.h","engine\include\sound\SoundManager.h","SoundManager::Stop","SoundManager::Stop( VoiceHandle voice)",123,125
3,1,16,1,3,"SoundManager::Pause@131-133@engine\include\sound\SoundManager.h","engine\include\sound\SoundManager.h","SoundManager::Pause","SoundManager::Pause( VoiceHandle voice)",131,133
3,1,16,1,3,"SoundManager::Resume@139-141@engine\include\sound\SoundManager.h","engine\include\sound\SoundManager.h","SoundManager::Resume","SoundManager::Resume( VoiceHandle voice)",139,141
3,1,20,2,3,"SoundManager::SetVoiceVolume@147-149@engine\include\sound\SoundManager.h","engine\include\sound\SoundManager.h","SoundManager::SetVoiceVolume","SoundManager::SetVoiceVolume( VoiceHandle voice , float volume)",147,149
3,1,18,1,3,"SoundManager::GetVoiceVolume@155-157@engine\include\sound\SoundManager.h","engine\include\sound\SoundManager.h","SoundManager::GetVoiceVolume","SoundManager::GetVoiceVolume( VoiceHandle voice) const",155,157
3,1,18,1,3,"SoundManager::GetPlaybackPosition@163-165@engine\include\sound\SoundManager.h","engine\include\sound\SoundManager.h","SoundManager::GetPlaybackPosition","SoundManager::GetPlaybackPosition( VoiceHandle voice) const",163,165
3,1,20,2,3,"SoundManager::SetVoiceFrequencyRatio@171-173@engine\include\sound\SoundManager.h","engine\include\sound\SoundManager.h","SoundManager::SetVoiceFrequencyRatio","SoundManager::SetVoiceFrequencyRatio( VoiceHandle voice , float frequencyRatio)",171,173
3,1,18,1,3,"SoundManager::GetVoiceFrequencyRatio@179-181@engine\include\sound\SoundManager.h","engine\include\sound\SoundManager.h","SoundManager::GetVoiceFrequencyRatio","SoundManager::GetVoiceFrequencyRatio( VoiceHandle voice) const",179,181
3,1,21,2,3,"SoundManager::SetVoiceLowPassCutoff@187-189@engine\include\sound\SoundManager.h","engine\include\sound\SoundManager.h","SoundManager::SetVoiceLowPassCutoff","SoundManager::SetVoiceLowPassCutoff( VoiceHandle voice , float cutoffHz)",187,189
3,1,18,1,3,"SoundManager::GetVoiceLowPassCutoff@195-197@engine\include\sound\SoundManager.h","engine\include\sound\SoundManager.h","SoundManager::GetVoiceLowPassCutoff","SoundManager::GetVoiceLowPassCutoff( VoiceHandle voice) const",195,197
3,1,24,2,3,"SoundManager::SetVoicePosition@209-211@engine\include\sound\SoundManager.h","engine\include\sound\SoundManager.h","SoundManager::SetVoicePosition","SoundManager::SetVoicePosition( VoiceHandle voice , const DirectX :: XMFLOAT3 & sourcePosition)",209,211
3,1,25,3,3,"SoundManager::SetVoice3DRange@217-219@engine\include\sound\SoundManager.h","engine\include\sound\SoundManager.h","SoundManager::SetVoice3DRange","SoundManager::SetVoice3DRange( VoiceHandle voice , float minDistance , float maxDistance)",217,219
3,1,18,1,3,"SoundManager::IsStreaming@225-227@engine\include\sound\SoundManager.h","engine\include\sound\SoundManager.h","SoundManager::IsStreaming","SoundManager::IsStreaming( VoiceHandle voice) const",225,227
3,1,17,1,3,"SoundManager::IsPlaying@243-245@engine\include\sound\SoundManager.h","engine\include\sound\SoundManager.h","SoundManager::IsPlaying","SoundManager::IsPlaying( VoiceHandle voice) const",243,245
3,1,17,1,3,"SoundManager::GetInfo@251-253@engine\include\sound\SoundManager.h","engine\include\sound\SoundManager.h","SoundManager::GetInfo","SoundManager::GetInfo( SoundHandle sound) const",251,253
4,1,31,3,4,"SoundManager::GetAmplitudeAt@260-263@engine\include\sound\SoundManager.h","engine\include\sound\SoundManager.h","SoundManager::GetAmplitudeAt","SoundManager::GetAmplitudeAt( SoundHandle sound , float playbackSeconds , float windowSeconds = 0.045 f) const",260,263
4,1,33,4,4,"SoundManager::FillSpectrumBands@270-273@engine\include\sound\SoundManager.h","engine\include\sound\SoundManager.h","SoundManager::FillSpectrumBands","SoundManager::FillSpectrumBands( SoundHandle sound , float playbackSeconds , float * outBands , size_t bandCount) const",270,273
4,2,27,0,4,"SoundVoiceCallback::IsEnded@10-13@engine\include\sound\SoundVoiceCallback.h","engine\include\sound\SoundVoiceCallback.h","SoundVoiceCallback::IsEnded","SoundVoiceCallback::IsEnded() const",10,13
3,1,17,0,3,"SoundVoiceCallback::ConsumeEndedBufferCount@15-17@engine\include\sound\SoundVoiceCallback.h","engine\include\sound\SoundVoiceCallback.h","SoundVoiceCallback::ConsumeEndedBufferCount","SoundVoiceCallback::ConsumeEndedBufferCount()",15,17
4,1,27,0,4,"SoundVoiceCallback::Reset@19-22@engine\include\sound\SoundVoiceCallback.h","engine\include\sound\SoundVoiceCallback.h","SoundVoiceCallback::Reset","SoundVoiceCallback::Reset()",19,22
3,1,19,0,3,"SoundVoiceCallback::OnBufferEnd@27-29@engine\include\sound\SoundVoiceCallback.h","engine\include\sound\SoundVoiceCallback.h","SoundVoiceCallback::OnBufferEnd","SoundVoiceCallback::OnBufferEnd( *)",27,29
3,1,17,0,3,"SoundVoiceCallback::OnStreamEnd@34-36@engine\include\sound\SoundVoiceCallback.h","engine\include\sound\SoundVoiceCallback.h","SoundVoiceCallback::OnStreamEnd","SoundVoiceCallback::OnStreamEnd()",34,36
1,1,6,0,1,"SoundVoiceCallback::OnVoiceProcessingPassEnd@41-41@engine\include\sound\SoundVoiceCallback.h","engine\include\sound\SoundVoiceCallback.h","SoundVoiceCallback::OnVoiceProcessingPassEnd","SoundVoiceCallback::OnVoiceProcessingPassEnd()",41,41
1,1,7,1,1,"SoundVoiceCallback::OnVoiceProcessingPassStart@46-46@engine\include\sound\SoundVoiceCallback.h","engine\include\sound\SoundVoiceCallback.h","SoundVoiceCallback::OnVoiceProcessingPassStart","SoundVoiceCallback::OnVoiceProcessingPassStart( UINT32)",46,46
1,1,8,0,1,"SoundVoiceCallback::OnBufferStart@51-51@engine\include\sound\SoundVoiceCallback.h","engine\include\sound\SoundVoiceCallback.h","SoundVoiceCallback::OnBufferStart","SoundVoiceCallback::OnBufferStart( *)",51,51
1,1,8,0,1,"SoundVoiceCallback::OnLoopEnd@56-56@engine\include\sound\SoundVoiceCallback.h","engine\include\sound\SoundVoiceCallback.h","SoundVoiceCallback::OnLoopEnd","SoundVoiceCallback::OnLoopEnd( *)",56,56
3,1,21,1,3,"SoundVoiceCallback::OnVoiceError@61-63@engine\include\sound\SoundVoiceCallback.h","engine\include\sound\SoundVoiceCallback.h","SoundVoiceCallback::OnVoiceError","SoundVoiceCallback::OnVoiceError( * , HRESULT)",61,63
3,1,9,0,3,"SpriteManager::GetRenderer@72-74@engine\include\sprite\SpriteManager.h","engine\include\sprite\SpriteManager.h","SpriteManager::GetRenderer","SpriteManager::GetRenderer()",72,74
3,1,10,0,3,"SpriteManager::GetRenderer@75-77@engine\include\sprite\SpriteManager.h","engine\include\sprite\SpriteManager.h","SpriteManager::GetRenderer","SpriteManager::GetRenderer() const",75,77
3,1,13,0,3,"SpriteManager::IsReady@78-80@engine\include\sprite\SpriteManager.h","engine\include\sprite\SpriteManager.h","SpriteManager::IsReady","SpriteManager::IsReady() const",78,80
3,1,13,0,3,"SpriteManager::GetUploadBytesPerFrame@81-83@engine\include\sprite\SpriteManager.h","engine\include\sprite\SpriteManager.h","SpriteManager::GetUploadBytesPerFrame","SpriteManager::GetUploadBytesPerFrame() const",81,83
3,1,13,0,3,"SpriteManager::GetUploadTotalBytes@84-86@engine\include\sprite\SpriteManager.h","engine\include\sprite\SpriteManager.h","SpriteManager::GetUploadTotalBytes","SpriteManager::GetUploadTotalBytes() const",84,86
3,1,13,0,3,"SpriteManager::GetUploadFrameOffset@87-89@engine\include\sprite\SpriteManager.h","engine\include\sprite\SpriteManager.h","SpriteManager::GetUploadFrameOffset","SpriteManager::GetUploadFrameOffset() const",87,89
3,1,13,0,3,"SpriteManager::GetCount@104-106@engine\include\sprite\SpriteManager.h","engine\include\sprite\SpriteManager.h","SpriteManager::GetCount","SpriteManager::GetCount() const",104,106
9,4,69,0,9,"CpuTextureRgbaImage::IsValid@14-22@engine\include\texture\CpuTextureLoader.h","engine\include\texture\CpuTextureLoader.h","CpuTextureRgbaImage::IsValid","CpuTextureRgbaImage::IsValid() const",14,22
9,3,59,1,9,"TextureLimits::IsFileWithinInputBudget@21-29@engine\include\texture\TextureLimits.h","engine\include\texture\TextureLimits.h","TextureLimits::IsFileWithinInputBudget","TextureLimits::IsFileWithinInputBudget( const std :: filesystem :: path & path)",21,29
3,2,19,1,3,"TextureLimits::IsMemoryWithinInputBudget@31-33@engine\include\texture\TextureLimits.h","engine\include\texture\TextureLimits.h","TextureLimits::IsMemoryWithinInputBudget","TextureLimits::IsMemoryWithinInputBudget( std :: size_t size)",31,33
23,13,178,2,23,"TextureLimits::IsMetadataWithinBudget@35-57@engine\include\texture\TextureLimits.h","engine\include\texture\TextureLimits.h","TextureLimits::IsMetadataWithinBudget","TextureLimits::IsMetadataWithinBudget( const DirectX :: TexMetadata & metadata , std :: size_t imageCount = 0)",35,57
19,10,128,2,20,"TextureLimits::AreImagesWithinDecodedBudget@59-78@engine\include\texture\TextureLimits.h","engine\include\texture\TextureLimits.h","TextureLimits::AreImagesWithinDecodedBudget","TextureLimits::AreImagesWithinDecodedBudget( const DirectX :: Image * images , std :: size_t imageCount)",59,78
3,1,20,1,3,"TextureManager::LoadHandle@59-61@engine\include\texture\TextureManager.h","engine\include\texture\TextureManager.h","TextureManager::LoadHandle","TextureManager::LoadHandle( const std :: wstring & filePath)",59,61
4,2,43,1,4,"TextureManager::GetAsyncTextureHandle@92-95@engine\include\texture\TextureManager.h","engine\include\texture\TextureManager.h","TextureManager::GetAsyncTextureHandle","TextureManager::GetAsyncTextureHandle( uint32_t requestId) const",92,95
3,1,23,2,3,"TextureManager::LoadFromMemoryHandle@114-116@engine\include\texture\TextureManager.h","engine\include\texture\TextureManager.h","TextureManager::LoadFromMemoryHandle","TextureManager::LoadFromMemoryHandle( const uint8_t * data , size_t size)",114,116
4,1,28,3,4,"TextureManager::CreateFromRgbaPixelsHandle@123-126@engine\include\texture\TextureManager.h","engine\include\texture\TextureManager.h","TextureManager::CreateFromRgbaPixelsHandle","TextureManager::CreateFromRgbaPixelsHandle( uint32_t width , uint32_t height , const uint8_t * pixels)",123,126
3,1,25,2,3,"TextureManager::CreateCubeFromRgbaPixelsHandle@132-134@engine\include\texture\TextureManager.h","engine\include\texture\TextureManager.h","TextureManager::CreateCubeFromRgbaPixelsHandle","TextureManager::CreateCubeFromRgbaPixelsHandle( uint32_t size , const uint8_t * const * facePixels)",132,134
4,1,38,5,4,"TextureManager::CreateTexture2DHandle@147-150@engine\include\texture\TextureManager.h","engine\include\texture\TextureManager.h","TextureManager::CreateTexture2DHandle","TextureManager::CreateTexture2DHandle( uint32_t width , uint32_t height , DXGI_FORMAT format , const uint8_t * pixels , size_t rowPitch)",147,150
3,1,28,3,3,"TextureManager::UpdateTexture2D@156-158@engine\include\texture\TextureManager.h","engine\include\texture\TextureManager.h","TextureManager::UpdateTexture2D","TextureManager::UpdateTexture2D( TextureHandle texture , const uint8_t * pixels , size_t rowPitch)",156,158
3,1,24,2,3,"TextureManager::ReleaseTexture@164-166@engine\include\texture\TextureManager.h","engine\include\texture\TextureManager.h","TextureManager::ReleaseTexture","TextureManager::ReleaseTexture( TextureHandle texture , bool allowFrameAbort = false)",164,166
3,1,18,1,3,"TextureManager::GetGpuHandle@180-182@engine\include\texture\TextureManager.h","engine\include\texture\TextureManager.h","TextureManager::GetGpuHandle","TextureManager::GetGpuHandle( TextureHandle texture) const",180,182
3,1,14,0,3,"TextureManager::GetWhiteTextureHandle@188-190@engine\include\texture\TextureManager.h","engine\include\texture\TextureManager.h","TextureManager::GetWhiteTextureHandle","TextureManager::GetWhiteTextureHandle() const",188,190
3,1,14,0,3,"TextureManager::GetWhiteCubeTextureHandle@191-193@engine\include\texture\TextureManager.h","engine\include\texture\TextureManager.h","TextureManager::GetWhiteCubeTextureHandle","TextureManager::GetWhiteCubeTextureHandle() const",191,193
3,1,14,0,3,"TextureManager::GetBlackCubeTextureHandle@194-196@engine\include\texture\TextureManager.h","engine\include\texture\TextureManager.h","TextureManager::GetBlackCubeTextureHandle","TextureManager::GetBlackCubeTextureHandle() const",194,196
3,1,14,0,3,"TextureManager::GetDefaultNormalTextureHandle@197-199@engine\include\texture\TextureManager.h","engine\include\texture\TextureManager.h","TextureManager::GetDefaultNormalTextureHandle","TextureManager::GetDefaultNormalTextureHandle() const",197,199
3,1,18,1,3,"TextureManager::IsValidTexture@206-208@engine\include\texture\TextureManager.h","engine\include\texture\TextureManager.h","TextureManager::IsValidTexture","TextureManager::IsValidTexture( TextureHandle texture) const",206,208
3,1,18,1,3,"TextureManager::IsCubeTexture@209-211@engine\include\texture\TextureManager.h","engine\include\texture\TextureManager.h","TextureManager::IsCubeTexture","TextureManager::IsCubeTexture( TextureHandle texture) const",209,211
3,1,18,1,3,"TextureManager::GetResource@219-221@engine\include\texture\TextureManager.h","engine\include\texture\TextureManager.h","TextureManager::GetResource","TextureManager::GetResource( TextureHandle texture) const",219,221
3,1,18,1,3,"TextureManager::GetWidth@229-231@engine\include\texture\TextureManager.h","engine\include\texture\TextureManager.h","TextureManager::GetWidth","TextureManager::GetWidth( TextureHandle texture) const",229,231
3,1,18,1,3,"TextureManager::GetHeight@239-241@engine\include\texture\TextureManager.h","engine\include\texture\TextureManager.h","TextureManager::GetHeight","TextureManager::GetHeight( TextureHandle texture) const",239,241
14,1,153,3,15,"LerpVec3@16-30@engine\src\animation\AnimationSampler.cpp","engine\src\animation\AnimationSampler.cpp","LerpVec3","LerpVec3( const XMFLOAT3 & a , const XMFLOAT3 & b , float t)",16,30
3,1,42,1,3,"SanitizeVec3@32-34@engine\src\animation\AnimationSampler.cpp","engine\src\animation\AnimationSampler.cpp","SanitizeVec3","SanitizeVec3( const XMFLOAT3 & value)",32,34
6,3,38,1,6,"SafeInv@36-41@engine\src\animation\AnimationSampler.cpp","engine\src\animation\AnimationSampler.cpp","SafeInv","SafeInv( float x)",36,41
11,7,106,1,12,"LoadNormalizedQuatOrIdentity@43-54@engine\src\animation\AnimationSampler.cpp","engine\src\animation\AnimationSampler.cpp","LoadNormalizedQuatOrIdentity","LoadNormalizedQuatOrIdentity( const XMFLOAT4 & q)",43,54
11,3,67,1,12,"StoreQuat@56-67@engine\src\animation\AnimationSampler.cpp","engine\src\animation\AnimationSampler.cpp","StoreQuat","StoreQuat( XMVECTOR q)",56,67
3,4,23,0,3,"KeyRange::IsValid@75-77@engine\src\animation\AnimationSampler.cpp","engine\src\animation\AnimationSampler.cpp","KeyRange::IsValid","KeyRange::IsValid() const",75,77
41,18,302,2,44,"FindKeyRange@81-124@engine\src\animation\AnimationSampler.cpp","engine\src\animation\AnimationSampler.cpp","FindKeyRange","FindKeyRange( const std :: vector<Keyframe<TValue>> & keys , float time)",81,124
16,5,180,2,18,"AnimationSampler::SampleVec3@128-145@engine\src\animation\AnimationSampler.cpp","engine\src\animation\AnimationSampler.cpp","AnimationSampler::SampleVec3","AnimationSampler::SampleVec3( const AnimationCurve<XMFLOAT3> & curve , float time)",128,145
19,5,224,2,23,"AnimationSampler::SampleQuat@147-169@engine\src\animation\AnimationSampler.cpp","engine\src\animation\AnimationSampler.cpp","AnimationSampler::SampleQuat","AnimationSampler::SampleQuat( const AnimationCurve<XMFLOAT4> & curve , float time)",147,169
4,1,26,1,4,"ResetRootAnimation@17-20@engine\src\animation\Animator.cpp","engine\src\animation\Animator.cpp","ResetRootAnimation","ResetRootAnimation( Model & model)",17,20
5,2,42,2,5,"FinishLoopingPlayback@27-31@engine\src\animation\Animator.cpp","engine\src\animation\Animator.cpp","FinishLoopingPlayback","FinishLoopingPlayback( Model & model , const AnimationClip & clip)",27,31
7,2,45,2,7,"FinishOneShotPlayback@33-39@engine\src\animation\Animator.cpp","engine\src\animation\Animator.cpp","FinishOneShotPlayback","FinishOneShotPlayback( Model & model , const AnimationClip & clip)",33,39
7,1,49,0,7,"AnimationPlaybackPolicies@41-47@engine\src\animation\Animator.cpp","engine\src\animation\Animator.cpp","AnimationPlaybackPolicies","AnimationPlaybackPolicies()",41,47
6,2,66,1,6,"PlaybackPolicyFor@49-54@engine\src\animation\Animator.cpp","engine\src\animation\Animator.cpp","PlaybackPolicyFor","PlaybackPolicyFor( bool loop)",49,54
14,7,130,3,16,"AdvancePlayback@56-71@engine\src\animation\Animator.cpp","engine\src\animation\Animator.cpp","AdvancePlayback","AdvancePlayback( Model & model , const AnimationClip & clip , float deltaTime)",56,71
11,2,79,3,12,"Animator::Play@75-86@engine\src\animation\Animator.cpp","engine\src\animation\Animator.cpp","Animator::Play","Animator::Play( Model & model , const std :: string & animationName , bool loop)",75,86
3,1,16,1,3,"Animator::IsFinished@88-90@engine\src\animation\Animator.cpp","engine\src\animation\Animator.cpp","Animator::IsFinished","Animator::IsFinished( const Model & model)",88,90
9,2,62,1,10,"Animator::ApplyBindPose@92-101@engine\src\animation\Animator.cpp","engine\src\animation\Animator.cpp","Animator::ApplyBindPose","Animator::ApplyBindPose( Model & model)",92,101
57,13,457,2,68,"Animator::Update@103-170@engine\src\animation\Animator.cpp","engine\src\animation\Animator.cpp","Animator::Update","Animator::Update( Model & model , float deltaTime)",103,170
13,6,86,2,14,"ToSeconds@23-36@engine\src\animation\AssimpAnimationLoader.cpp","engine\src\animation\AssimpAnimationLoader.cpp","ToSeconds","ToSeconds( double ticks , float ticksPerSecond)",23,36
12,2,131,1,12,"NormalizeKeyframes@38-49@engine\src\animation\AssimpAnimationLoader.cpp","engine\src\animation\AssimpAnimationLoader.cpp","NormalizeKeyframes","NormalizeKeyframes( AnimationCurve<TValue> & curve)",38,49
5,1,29,1,5,"NormalizeNodeAnimation@51-55@engine\src\animation\AssimpAnimationLoader.cpp","engine\src\animation\AssimpAnimationLoader.cpp","NormalizeNodeAnimation","NormalizeNodeAnimation( NodeAnimation & nodeAnimation)",51,55
4,3,43,1,4,"HasKeyframes@57-60@engine\src\animation\AssimpAnimationLoader.cpp","engine\src\animation\AssimpAnimationLoader.cpp","HasKeyframes","HasKeyframes( const NodeAnimation & nodeAnimation)",57,60
3,2,34,1,3,"MaxKeyTime@62-64@engine\src\animation\AssimpAnimationLoader.cpp","engine\src\animation\AssimpAnimationLoader.cpp","MaxKeyTime","MaxKeyTime( const AnimationCurve<TValue> & curve)",62,64
4,1,40,1,4,"MaxNodeAnimationTime@66-69@engine\src\animation\AssimpAnimationLoader.cpp","engine\src\animation\AssimpAnimationLoader.cpp","MaxNodeAnimationTime","MaxNodeAnimationTime( const NodeAnimation & nodeAnimation)",66,69
6,1,65,1,6,"MaxClipKeyTime@71-76@engine\src\animation\AssimpAnimationLoader.cpp","engine\src\animation\AssimpAnimationLoader.cpp","MaxClipKeyTime","MaxClipKeyTime( const AnimationClip & clip)",71,76
38,11,212,2,42,"FindNearestAnimatedNode@78-119@engine\src\animation\AssimpAnimationLoader.cpp","engine\src\animation\AssimpAnimationLoader.cpp","FindNearestAnimatedNode","FindNearestAnimatedNode( const aiNode * node , const std :: unordered_map<std::string,NodeAnimation> & nodeAnimations)",78,119
9,5,55,1,9,"IsSceneAnimationListUsable@121-129@engine\src\animation\AssimpAnimationLoader.cpp","engine\src\animation\AssimpAnimationLoader.cpp","IsSceneAnimationListUsable","IsSceneAnimationListUsable( const aiScene * scene)",121,129
8,3,51,2,8,"TryReserveAnimationChannels@131-138@engine\src\animation\AssimpAnimationLoader.cpp","engine\src\animation\AssimpAnimationLoader.cpp","TryReserveAnimationChannels","TryReserveAnimationChannels( const aiAnimation * animation , AnimationLoadCounters & counters)",131,138
3,2,22,1,3,"HasUsableAnimationChannels@140-142@engine\src\animation\AssimpAnimationLoader.cpp","engine\src\animation\AssimpAnimationLoader.cpp","HasUsableAnimationChannels","HasUsableAnimationChannels( const aiAnimation * animation)",140,142
5,6,52,1,5,"HasUsableChannelKeyArrays@144-148@engine\src\animation\AssimpAnimationLoader.cpp","engine\src\animation\AssimpAnimationLoader.cpp","HasUsableChannelKeyArrays","HasUsableChannelKeyArrays( const aiNodeAnim * channel)",144,148
5,1,40,1,5,"ChannelKeyCount@150-154@engine\src\animation\AssimpAnimationLoader.cpp","engine\src\animation\AssimpAnimationLoader.cpp","ChannelKeyCount","ChannelKeyCount( const aiNodeAnim * channel)",150,154
9,3,54,2,9,"TryReserveChannelKeys@156-164@engine\src\animation\AssimpAnimationLoader.cpp","engine\src\animation\AssimpAnimationLoader.cpp","TryReserveChannelKeys","TryReserveChannelKeys( const aiNodeAnim * channel , AnimationLoadCounters & counters)",156,164
9,2,93,3,9,"AppendPositionKeys@166-174@engine\src\animation\AssimpAnimationLoader.cpp","engine\src\animation\AssimpAnimationLoader.cpp","AppendPositionKeys","AppendPositionKeys( const aiNodeAnim * channel , float ticksPerSecond , NodeAnimation & nodeAnimation)",166,174
9,2,99,3,9,"AppendRotationKeys@176-184@engine\src\animation\AssimpAnimationLoader.cpp","engine\src\animation\AssimpAnimationLoader.cpp","AppendRotationKeys","AppendRotationKeys( const aiNodeAnim * channel , float ticksPerSecond , NodeAnimation & nodeAnimation)",176,184
9,2,93,3,9,"AppendScalingKeys@186-194@engine\src\animation\AssimpAnimationLoader.cpp","engine\src\animation\AssimpAnimationLoader.cpp","AppendScalingKeys","AppendScalingKeys( const aiNodeAnim * channel , float ticksPerSecond , NodeAnimation & nodeAnimation)",186,194
12,4,83,4,13,"TryLoadNodeAnimation@196-208@engine\src\animation\AssimpAnimationLoader.cpp","engine\src\animation\AssimpAnimationLoader.cpp","TryLoadNodeAnimation","TryLoadNodeAnimation( const aiNodeAnim * channel , float ticksPerSecond , AnimationLoadCounters & counters , NodeAnimation & nodeAnimation)",196,208
6,3,55,1,6,"FinalizeClipDuration@210-215@engine\src\animation\AssimpAnimationLoader.cpp","engine\src\animation\AssimpAnimationLoader.cpp","FinalizeClipDuration","FinalizeClipDuration( AnimationClip & clip)",210,215
8,3,74,2,8,"ResolveClipRootNode@217-224@engine\src\animation\AssimpAnimationLoader.cpp","engine\src\animation\AssimpAnimationLoader.cpp","ResolveClipRootNode","ResolveClipRootNode( const aiScene * scene , AnimationClip & clip)",217,224
7,2,50,2,7,"ResolveAnimationName@226-232@engine\src\animation\AssimpAnimationLoader.cpp","engine\src\animation\AssimpAnimationLoader.cpp","ResolveAnimationName","ResolveAnimationName( const aiAnimation * animation , unsigned int index)",226,232
23,7,171,4,25,"TryLoadAnimationClip@234-258@engine\src\animation\AssimpAnimationLoader.cpp","engine\src\animation\AssimpAnimationLoader.cpp","TryLoadAnimationClip","TryLoadAnimationClip( const aiScene * scene , const aiAnimation * animation , AnimationLoadCounters & counters , AnimationClip & clip)",234,258
9,2,55,1,9,"EnableModelAnimationPlayback@260-268@engine\src\animation\AssimpAnimationLoader.cpp","engine\src\animation\AssimpAnimationLoader.cpp","EnableModelAnimationPlayback","EnableModelAnimationPlayback( Model & model)",260,268
20,5,135,2,21,"AssimpAnimationLoader::LoadAnimations@272-292@engine\src\animation\AssimpAnimationLoader.cpp","engine\src\animation\AssimpAnimationLoader.cpp","AssimpAnimationLoader::LoadAnimations","AssimpAnimationLoader::LoadAnimations( const aiScene * scene , Model & model)",272,292
12,4,62,4,14,"ResolveReadyParentIndex@15-28@engine\src\animation\SkeletonPoseBuilder.cpp","engine\src\animation\SkeletonPoseBuilder.cpp","ResolveReadyParentIndex","ResolveReadyParentIndex( int parentIndex , size_t childIndex , size_t boneCount , size_t & resolvedIndex)",15,28
19,5,238,3,25,"MakeAnimatedLocalMatrix@30-54@engine\src\animation\SkeletonPoseBuilder.cpp","engine\src\animation\SkeletonPoseBuilder.cpp","MakeAnimatedLocalMatrix","MakeAnimatedLocalMatrix( const BoneInfo & bone , const AnimationClip & clip , float time)",30,54
13,3,94,2,13,"SkeletonPoseBuilder::BuildBindPoseLocals@58-70@engine\src\animation\SkeletonPoseBuilder.cpp","engine\src\animation\SkeletonPoseBuilder.cpp","SkeletonPoseBuilder::BuildBindPoseLocals","SkeletonPoseBuilder::BuildBindPoseLocals( const Model & model , std :: vector<XMMATRIX> & localMatrices)",58,70
13,3,103,4,13,"SkeletonPoseBuilder::BuildAnimatedLocals@72-84@engine\src\animation\SkeletonPoseBuilder.cpp","engine\src\animation\SkeletonPoseBuilder.cpp","SkeletonPoseBuilder::BuildAnimatedLocals","SkeletonPoseBuilder::BuildAnimatedLocals( const Model & model , const AnimationClip & clip , float time , std :: vector<XMMATRIX> & localMatrices)",72,84
32,6,276,2,36,"SkeletonPoseBuilder::UpdateSkeleton@86-121@engine\src\animation\SkeletonPoseBuilder.cpp","engine\src\animation\SkeletonPoseBuilder.cpp","SkeletonPoseBuilder::UpdateSkeleton","SkeletonPoseBuilder::UpdateSkeleton( Model & model , const std :: vector<XMMATRIX> & localMatrices)",86,121
5,1,40,2,5,"NormalizeAngle@27-31@engine\src\camera\Camera.cpp","engine\src\camera\Camera.cpp","NormalizeAngle","NormalizeAngle( float value , float fallback)",27,31
4,4,48,1,4,"IsFiniteVector@33-36@engine\src\camera\Camera.cpp","engine\src\camera\Camera.cpp","IsFiniteVector","IsFiniteVector( FXMVECTOR value)",33,36
4,4,50,1,4,"IsFiniteMatrix@38-41@engine\src\camera\Camera.cpp","engine\src\camera\Camera.cpp","IsFiniteMatrix","IsFiniteMatrix( const XMMATRIX & matrix)",38,41
3,1,11,0,3,"Camera::Camera@45-47@engine\src\camera\Camera.cpp","engine\src\camera\Camera.cpp","Camera::Camera","Camera::Camera()",45,47
4,1,17,1,4,"Camera::Initialize@49-52@engine\src\camera\Camera.cpp","engine\src\camera\Camera.cpp","Camera::Initialize","Camera::Initialize( float aspect)",49,52
31,8,269,0,33,"Camera::UpdateMatrices@54-86@engine\src\camera\Camera.cpp","engine\src\camera\Camera.cpp","Camera::UpdateMatrices","Camera::UpdateMatrices()",54,86
5,1,52,1,5,"Camera::SetPosition@88-92@engine\src\camera\Camera.cpp","engine\src\camera\Camera.cpp","Camera::SetPosition","Camera::SetPosition( const XMFLOAT3 & position)",88,92
5,1,52,1,5,"Camera::SetRotation@94-98@engine\src\camera\Camera.cpp","engine\src\camera\Camera.cpp","Camera::SetRotation","Camera::SetRotation( const XMFLOAT3 & rotation)",94,98
4,1,17,1,4,"Camera::SetAspect@100-103@engine\src\camera\Camera.cpp","engine\src\camera\Camera.cpp","Camera::SetAspect","Camera::SetAspect( float aspect)",100,103
3,1,17,1,3,"Camera::SetPerspectiveFovDeg@105-107@engine\src\camera\Camera.cpp","engine\src\camera\Camera.cpp","Camera::SetPerspectiveFovDeg","Camera::SetPerspectiveFovDeg( float fovDeg)",105,107
5,1,23,1,5,"Camera::SetPerspectiveFovRad@109-113@engine\src\camera\Camera.cpp","engine\src\camera\Camera.cpp","Camera::SetPerspectiveFovRad","Camera::SetPerspectiveFovRad( float fovRad)",109,113
5,1,23,1,5,"Camera::SetOrthographicHeight@115-119@engine\src\camera\Camera.cpp","engine\src\camera\Camera.cpp","Camera::SetOrthographicHeight","Camera::SetOrthographicHeight( float height)",115,119
5,1,24,2,5,"Camera::SetClipRange@121-125@engine\src\camera\Camera.cpp","engine\src\camera\Camera.cpp","Camera::SetClipRange","Camera::SetClipRange( float nearZ , float farZ)",121,125
9,1,103,0,9,"Camera::SanitizeProjection@127-135@engine\src\camera\Camera.cpp","engine\src\camera\Camera.cpp","Camera::SanitizeProjection","Camera::SanitizeProjection()",127,135
10,3,86,1,10,"MakeGeneratedCameraName@8-17@engine\src\camera\CameraManager.cpp","engine\src\camera\CameraManager.cpp","MakeGeneratedCameraName","MakeGeneratedCameraName( const std :: unordered_map<std::string,std::unique_ptr<Camera>> & cameras)",8,17
5,1,21,1,5,"FallbackCamera@19-23@engine\src\camera\CameraManager.cpp","engine\src\camera\CameraManager.cpp","FallbackCamera","FallbackCamera( float aspect)",19,23
16,5,126,2,17,"CameraManager::CreateCamera@26-42@engine\src\camera\CameraManager.cpp","engine\src\camera\CameraManager.cpp","CameraManager::CreateCamera","CameraManager::CreateCamera( const std :: string & name , float aspect)",26,42
15,6,92,2,16,"CameraManager::RegisterCamera@44-59@engine\src\camera\CameraManager.cpp","engine\src\camera\CameraManager.cpp","CameraManager::RegisterCamera","CameraManager::RegisterCamera( const std :: string & name , std :: unique_ptr<Camera> camera)",44,59
11,3,51,1,12,"CameraManager::SetActiveCamera@61-72@engine\src\camera\CameraManager.cpp","engine\src\camera\CameraManager.cpp","CameraManager::SetActiveCamera","CameraManager::SetActiveCamera( const std :: string & name)",61,72
3,1,13,0,3,"CameraManager::GetActiveCamera@74-76@engine\src\camera\CameraManager.cpp","engine\src\camera\CameraManager.cpp","CameraManager::GetActiveCamera","CameraManager::GetActiveCamera()",74,76
3,1,14,0,3,"CameraManager::GetActiveCamera@78-80@engine\src\camera\CameraManager.cpp","engine\src\camera\CameraManager.cpp","CameraManager::GetActiveCamera","CameraManager::GetActiveCamera() const",78,80
4,2,42,1,4,"CameraManager::FindCamera@82-85@engine\src\camera\CameraManager.cpp","engine\src\camera\CameraManager.cpp","CameraManager::FindCamera","CameraManager::FindCamera( const std :: string & name)",82,85
4,2,43,1,4,"CameraManager::FindCamera@87-90@engine\src\camera\CameraManager.cpp","engine\src\camera\CameraManager.cpp","CameraManager::FindCamera","CameraManager::FindCamera( const std :: string & name) const",87,90
14,4,76,1,15,"CameraManager::RemoveCamera@92-106@engine\src\camera\CameraManager.cpp","engine\src\camera\CameraManager.cpp","CameraManager::RemoveCamera","CameraManager::RemoveCamera( const std :: string & name)",92,106
4,1,19,0,4,"CameraManager::Clear@108-111@engine\src\camera\CameraManager.cpp","engine\src\camera\CameraManager.cpp","CameraManager::Clear","CameraManager::Clear()",108,111
6,3,37,2,6,"FinitePairValue@21-26@engine\src\collision\CollisionManager.cpp","engine\src\collision\CollisionManager.cpp","FinitePairValue","FinitePairValue( float primary , float secondary)",21,26
3,2,28,1,3,"FiniteHalfExtent@28-30@engine\src\collision\CollisionManager.cpp","engine\src\collision\CollisionManager.cpp","FiniteHalfExtent","FiniteHalfExtent( float value)",28,30
16,1,221,1,17,"NormalizeAABB@32-48@engine\src\collision\CollisionManager.cpp","engine\src\collision\CollisionManager.cpp","NormalizeAABB","NormalizeAABB( const AABB & box)",32,48
16,1,144,1,16,"AABBToOBB@50-65@engine\src\collision\CollisionManager.cpp","engine\src\collision\CollisionManager.cpp","AABBToOBB","AABBToOBB( const AABB & box)",50,65
12,7,107,1,12,"NormalizeQuaternion@67-78@engine\src\collision\CollisionManager.cpp","engine\src\collision\CollisionManager.cpp","NormalizeQuaternion","NormalizeQuaternion( const XMFLOAT4 & rotation)",67,78
3,1,19,1,3,"ShapeAabbToObb@80-82@engine\src\collision\CollisionManager.cpp","engine\src\collision\CollisionManager.cpp","ShapeAabbToObb","ShapeAabbToObb( const CollisionManager :: Shape & shape)",80,82
3,1,16,1,3,"ShapeObbToObb@84-86@engine\src\collision\CollisionManager.cpp","engine\src\collision\CollisionManager.cpp","ShapeObbToObb","ShapeObbToObb( const CollisionManager :: Shape & shape)",84,86
3,1,19,1,3,"ShapeAabbBounds@88-90@engine\src\collision\CollisionManager.cpp","engine\src\collision\CollisionManager.cpp","ShapeAabbBounds","ShapeAabbBounds( const CollisionManager :: Shape & shape)",88,90
39,8,545,1,43,"ShapeObbBounds@92-134@engine\src\collision\CollisionManager.cpp","engine\src\collision\CollisionManager.cpp","ShapeObbBounds","ShapeObbBounds( const CollisionManager :: Shape & shape)",92,134
6,2,59,1,6,"ShapeOperationsFor@147-152@engine\src\collision\CollisionManager.cpp","engine\src\collision\CollisionManager.cpp","ShapeOperationsFor","ShapeOperationsFor( CollisionManager :: ShapeType type)",147,152
3,1,24,1,3,"ToOBB@154-156@engine\src\collision\CollisionManager.cpp","engine\src\collision\CollisionManager.cpp","ToOBB","ToOBB( const CollisionManager :: Shape & shape)",154,156
6,1,35,1,6,"CollisionManager::Shape::FromOBB@160-165@engine\src\collision\CollisionManager.cpp","engine\src\collision\CollisionManager.cpp","CollisionManager::Shape::FromOBB","CollisionManager::Shape::FromOBB( const OBB & box)",160,165
6,1,38,1,6,"CollisionManager::Shape::FromAABB@167-172@engine\src\collision\CollisionManager.cpp","engine\src\collision\CollisionManager.cpp","CollisionManager::Shape::FromAABB","CollisionManager::Shape::FromAABB( const AABB & box)",167,172
4,1,17,0,4,"CollisionManager::Clear@174-177@engine\src\collision\CollisionManager.cpp","engine\src\collision\CollisionManager.cpp","CollisionManager::Clear","CollisionManager::Clear()",174,177
13,3,70,1,13,"CollisionManager::AddBody@179-191@engine\src\collision\CollisionManager.cpp","engine\src\collision\CollisionManager.cpp","CollisionManager::AddBody","CollisionManager::AddBody( const CollisionManager :: BodyDesc & desc)",179,191
10,2,82,1,11,"CollisionManager::RemoveBody@193-203@engine\src\collision\CollisionManager.cpp","engine\src\collision\CollisionManager.cpp","CollisionManager::RemoveBody","CollisionManager::RemoveBody( BodyId id)",193,203
10,2,59,2,11,"CollisionManager::UpdateBody@205-215@engine\src\collision\CollisionManager.cpp","engine\src\collision\CollisionManager.cpp","CollisionManager::UpdateBody","CollisionManager::UpdateBody( BodyId id , const BodyDesc & desc)",205,215
9,2,54,2,10,"CollisionManager::UpdateShape@217-226@engine\src\collision\CollisionManager.cpp","engine\src\collision\CollisionManager.cpp","CollisionManager::UpdateShape","CollisionManager::UpdateShape( BodyId id , const Shape & shape)",217,226
8,2,45,2,9,"CollisionManager::UpdateFilter@228-236@engine\src\collision\CollisionManager.cpp","engine\src\collision\CollisionManager.cpp","CollisionManager::UpdateFilter","CollisionManager::UpdateFilter( BodyId id , const Filter & filter)",228,236
8,2,43,2,9,"CollisionManager::SetActive@238-246@engine\src\collision\CollisionManager.cpp","engine\src\collision\CollisionManager.cpp","CollisionManager::SetActive","CollisionManager::SetActive( BodyId id , bool isActive)",238,246
3,1,16,1,3,"CollisionManager::GetBody@248-250@engine\src\collision\CollisionManager.cpp","engine\src\collision\CollisionManager.cpp","CollisionManager::GetBody","CollisionManager::GetBody( BodyId id) const",248,250
20,7,148,3,24,"CollisionManager::Test@252-275@engine\src\collision\CollisionManager.cpp","engine\src\collision\CollisionManager.cpp","CollisionManager::Test","CollisionManager::Test( BodyId a , BodyId b , Hit * outHit) const",252,275
11,4,59,2,12,"CollisionManager::QueryFirst@277-288@engine\src\collision\CollisionManager.cpp","engine\src\collision\CollisionManager.cpp","CollisionManager::QueryFirst","CollisionManager::QueryFirst( BodyId body , Hit & outHit) const",277,288
17,5,88,1,18,"CollisionManager::Query@290-307@engine\src\collision\CollisionManager.cpp","engine\src\collision\CollisionManager.cpp","CollisionManager::Query","CollisionManager::Query( BodyId body) const",290,307
16,5,114,0,16,"CollisionManager::FindPairs@309-324@engine\src\collision\CollisionManager.cpp","engine\src\collision\CollisionManager.cpp","CollisionManager::FindPairs","CollisionManager::FindPairs() const",309,324
4,2,55,1,4,"CollisionManager::FindBody@326-329@engine\src\collision\CollisionManager.cpp","engine\src\collision\CollisionManager.cpp","CollisionManager::FindBody","CollisionManager::FindBody( BodyId id)",326,329
4,2,56,1,4,"CollisionManager::FindBody@331-334@engine\src\collision\CollisionManager.cpp","engine\src\collision\CollisionManager.cpp","CollisionManager::FindBody","CollisionManager::FindBody( BodyId id) const",331,334
8,5,98,2,9,"CollisionManager::CanCollide@336-344@engine\src\collision\CollisionManager.cpp","engine\src\collision\CollisionManager.cpp","CollisionManager::CanCollide","CollisionManager::CanCollide( const Body & a , const Body & b)",336,344
3,1,24,1,3,"CollisionManager::ComputeBounds@346-348@engine\src\collision\CollisionManager.cpp","engine\src\collision\CollisionManager.cpp","CollisionManager::ComputeBounds","CollisionManager::ComputeBounds( const Shape & shape)",346,348
3,1,32,2,3,"CollisionManager::TestShapes@350-352@engine\src\collision\CollisionManager.cpp","engine\src\collision\CollisionManager.cpp","CollisionManager::TestShapes","CollisionManager::TestShapes( const Shape & a , const Shape & b)",350,352
6,1,38,1,6,"CollisionManager::CreateBody@354-359@engine\src\collision\CollisionManager.cpp","engine\src\collision\CollisionManager.cpp","CollisionManager::CreateBody","CollisionManager::CreateBody( const CollisionManager :: BodyDesc & desc)",354,359
14,5,81,0,15,"CollisionManager::AllocateBodyId@361-375@engine\src\collision\CollisionManager.cpp","engine\src\collision\CollisionManager.cpp","CollisionManager::AllocateBodyId","CollisionManager::AllocateBodyId()",361,375
3,1,34,2,3,"AbsDot@19-21@engine\src\collision\CollisionUtil.cpp","engine\src\collision\CollisionUtil.cpp","AbsDot","AbsDot( DirectX :: FXMVECTOR a , DirectX :: FXMVECTOR b)",19,21
3,1,29,2,3,"Dot@23-25@engine\src\collision\CollisionUtil.cpp","engine\src\collision\CollisionUtil.cpp","Dot","Dot( DirectX :: FXMVECTOR a , DirectX :: FXMVECTOR b)",23,25
3,3,39,1,3,"IsFinite@27-29@engine\src\collision\CollisionUtil.cpp","engine\src\collision\CollisionUtil.cpp","IsFinite","IsFinite( const DirectX :: XMFLOAT3 & value)",27,29
17,3,172,2,18,"NormalizeAABB@31-48@engine\src\collision\CollisionUtil.cpp","engine\src\collision\CollisionUtil.cpp","NormalizeAABB","NormalizeAABB( const AABB & source , AABB & normalized)",31,48
3,2,28,1,3,"FiniteHalfExtent@50-52@engine\src\collision\CollisionUtil.cpp","engine\src\collision\CollisionUtil.cpp","FiniteHalfExtent","FiniteHalfExtent( float value)",50,52
12,7,122,1,13,"NormalizeQuaternion@54-66@engine\src\collision\CollisionUtil.cpp","engine\src\collision\CollisionUtil.cpp","NormalizeQuaternion","NormalizeQuaternion( const DirectX :: XMFLOAT4 & rotation)",54,66
11,1,159,1,12,"BuildBasis@68-79@engine\src\collision\CollisionUtil.cpp","engine\src\collision\CollisionUtil.cpp","BuildBasis","BuildBasis( const OBB & box)",68,79
7,2,60,2,7,"ProjectRadius@81-87@engine\src\collision\CollisionUtil.cpp","engine\src\collision\CollisionUtil.cpp","ProjectRadius","ProjectRadius( const OBBBasis & basis , DirectX :: FXMVECTOR axis)",81,87
22,6,183,6,25,"TestAxis@89-113@engine\src\collision\CollisionUtil.cpp","engine\src\collision\CollisionUtil.cpp","TestAxis","TestAxis( const OBBBasis & aBasis , const OBBBasis & bBasis , DirectX :: FXMVECTOR centerDelta , DirectX :: FXMVECTOR axis , float & minPenetration , DirectX :: XMVECTOR & bestNormal)",89,113
33,7,353,2,36,"CollisionUtil::TestOBB@117-152@engine\src\collision\CollisionUtil.cpp","engine\src\collision\CollisionUtil.cpp","CollisionUtil::TestOBB","CollisionUtil::TestOBB( const OBB & a , const OBB & b)",117,152
3,1,26,2,3,"CollisionUtil::CheckOBB@154-156@engine\src\collision\CollisionUtil.cpp","engine\src\collision\CollisionUtil.cpp","CollisionUtil::CheckOBB","CollisionUtil::CheckOBB( const OBB & a , const OBB & b)",154,156
14,9,139,2,16,"CollisionUtil::CheckAABB@158-173@engine\src\collision\CollisionUtil.cpp","engine\src\collision\CollisionUtil.cpp","CollisionUtil::CheckAABB","CollisionUtil::CheckAABB( const AABB & a , const AABB & b)",158,173
1,1,14,1,1,"EngineRuntimeInternal::FrameAbortScope::FrameAbortScope@20-20@engine\src\core\internal\EngineRuntimeInternal.h","engine\src\core\internal\EngineRuntimeInternal.h","EngineRuntimeInternal::FrameAbortScope::FrameAbortScope","EngineRuntimeInternal::FrameAbortScope::FrameAbortScope( DirectXCommon & dxCommon)",20,20
5,3,22,0,5,"EngineRuntimeInternal::FrameAbortScope::~FrameAbortScope@21-25@engine\src\core\internal\EngineRuntimeInternal.h","engine\src\core\internal\EngineRuntimeInternal.h","EngineRuntimeInternal::FrameAbortScope::~FrameAbortScope","EngineRuntimeInternal::FrameAbortScope::~FrameAbortScope()",21,25
3,1,10,0,3,"EngineRuntimeInternal::FrameAbortScope::Complete@30-32@engine\src\core\internal\EngineRuntimeInternal.h","engine\src\core\internal\EngineRuntimeInternal.h","EngineRuntimeInternal::FrameAbortScope::Complete","EngineRuntimeInternal::FrameAbortScope::Complete()",30,32
3,2,14,1,3,"EngineRuntimeInternal::BoolText@39-41@engine\src\core\internal\EngineRuntimeInternal.h","engine\src\core\internal\EngineRuntimeInternal.h","EngineRuntimeInternal::BoolText","EngineRuntimeInternal::BoolText( bool value)",39,41
9,1,77,0,11,"EngineRuntimeInternal::MakeTimestamp@43-53@engine\src\core\internal\EngineRuntimeInternal.h","engine\src\core\internal\EngineRuntimeInternal.h","EngineRuntimeInternal::MakeTimestamp","EngineRuntimeInternal::MakeTimestamp()",43,53
18,4,159,1,21,"EngineRuntimeInternal::WideToUtf8@55-75@engine\src\core\internal\EngineRuntimeInternal.h","engine\src\core\internal\EngineRuntimeInternal.h","EngineRuntimeInternal::WideToUtf8","EngineRuntimeInternal::WideToUtf8( const std :: wstring & value)",55,75
15,2,115,1,16,"EngineRuntimeInternal::ReplayModeName@77-92@engine\src\core\internal\EngineRuntimeInternal.h","engine\src\core\internal\EngineRuntimeInternal.h","EngineRuntimeInternal::ReplayModeName","EngineRuntimeInternal::ReplayModeName( InputReplayMode mode)",77,92
5,1,56,1,5,"Lowercase@10-14@engine\src\core\AssetHotReloader.cpp","engine\src\core\AssetHotReloader.cpp","Lowercase","Lowercase( std :: wstring value)",10,14
41,8,253,2,43,"AssetHotReloader::WatchFile@18-60@engine\src\core\AssetHotReloader.cpp","engine\src\core\AssetHotReloader.cpp","AssetHotReloader::WatchFile","AssetHotReloader::WatchFile( const std :: filesystem :: path & path , ReloadCallback callback)",18,60
50,16,271,3,53,"AssetHotReloader::WatchDirectory@62-114@engine\src\core\AssetHotReloader.cpp","engine\src\core\AssetHotReloader.cpp","AssetHotReloader::WatchDirectory","AssetHotReloader::WatchDirectory( const std :: filesystem :: path & directory , const std :: vector<std::wstring> & extensions , ReloadCallback callback)",62,114
11,2,96,1,11,"AssetHotReloader::Unwatch@116-126@engine\src\core\AssetHotReloader.cpp","engine\src\core\AssetHotReloader.cpp","AssetHotReloader::Unwatch","AssetHotReloader::Unwatch( const std :: filesystem :: path & path)",116,126
3,1,13,0,3,"AssetHotReloader::Clear@128-130@engine\src\core\AssetHotReloader.cpp","engine\src\core\AssetHotReloader.cpp","AssetHotReloader::Clear","AssetHotReloader::Clear()",128,130
16,5,78,0,16,"AssetHotReloader::Poll@132-147@engine\src\core\AssetHotReloader.cpp","engine\src\core\AssetHotReloader.cpp","AssetHotReloader::Poll","AssetHotReloader::Poll()",132,147
12,3,74,1,12,"AssetHotReloader::NormalizePath@149-160@engine\src\core\AssetHotReloader.cpp","engine\src\core\AssetHotReloader.cpp","AssetHotReloader::NormalizePath","AssetHotReloader::NormalizePath( const std :: filesystem :: path & path)",149,160
10,2,61,2,10,"AssetHotReloader::TryGetLastWriteTime@162-171@engine\src\core\AssetHotReloader.cpp","engine\src\core\AssetHotReloader.cpp","AssetHotReloader::TryGetLastWriteTime","AssetHotReloader::TryGetLastWriteTime( const std :: filesystem :: path & path , std :: filesystem :: file_time_type & lastWriteTime)",162,171
17,6,124,2,17,"AssetHotReloader::HasExtension@173-189@engine\src\core\AssetHotReloader.cpp","engine\src\core\AssetHotReloader.cpp","AssetHotReloader::HasExtension","AssetHotReloader::HasExtension( const std :: filesystem :: path & path , const std :: vector<std::wstring> & extensions)",173,189
9,3,66,0,9,"SafeCurrentPath@10-18@engine\src\core\AssetManager.cpp","engine\src\core\AssetManager.cpp","SafeCurrentPath","SafeCurrentPath()",10,18
12,3,70,1,12,"CanonicalizePath@23-34@engine\src\core\AssetManager.cpp","engine\src\core\AssetManager.cpp","CanonicalizePath","CanonicalizePath( const std :: filesystem :: path & path)",23,34
7,3,52,1,7,"ResolveRoot@36-42@engine\src\core\AssetManager.cpp","engine\src\core\AssetManager.cpp","ResolveRoot","ResolveRoot( const std :: filesystem :: path & path)",36,42
9,2,81,1,9,"HasParentTraversal@44-52@engine\src\core\AssetManager.cpp","engine\src\core\AssetManager.cpp","HasParentTraversal","HasParentTraversal( const std :: filesystem :: path & path)",44,52
9,4,81,2,9,"IsWithinRoot@54-62@engine\src\core\AssetManager.cpp","engine\src\core\AssetManager.cpp","IsWithinRoot","IsWithinRoot( const std :: filesystem :: path & root , const std :: filesystem :: path & path)",54,62
8,2,46,1,8,"ExistsNoThrow@64-71@engine\src\core\AssetManager.cpp","engine\src\core\AssetManager.cpp","ExistsNoThrow","ExistsNoThrow( const std :: filesystem :: path & path)",64,71
9,5,67,1,9,"LooksLikeRepositoryAssetRoot@73-81@engine\src\core\AssetManager.cpp","engine\src\core\AssetManager.cpp","LooksLikeRepositoryAssetRoot","LooksLikeRepositoryAssetRoot( const std :: filesystem :: path & path)",73,81
7,2,38,1,7,"HasLocalResources@83-89@engine\src\core\AssetManager.cpp","engine\src\core\AssetManager.cpp","HasLocalResources","HasLocalResources( const std :: filesystem :: path & path)",83,89
15,5,94,2,16,"FindAncestor@92-107@engine\src\core\AssetManager.cpp","engine\src\core\AssetManager.cpp","FindAncestor","FindAncestor( const std :: filesystem :: path & start , Predicate predicate)",92,107
12,3,81,0,12,"FindDefaultAssetRoot@109-120@engine\src\core\AssetManager.cpp","engine\src\core\AssetManager.cpp","FindDefaultAssetRoot","FindDefaultAssetRoot()",109,120
9,2,62,1,9,"AssetManager::SetAssetRoot@124-132@engine\src\core\AssetManager.cpp","engine\src\core\AssetManager.cpp","AssetManager::SetAssetRoot","AssetManager::SetAssetRoot( std :: filesystem :: path assetRoot)",124,132
11,3,64,0,11,"AssetManager::GetAssetRoot@134-144@engine\src\core\AssetManager.cpp","engine\src\core\AssetManager.cpp","AssetManager::GetAssetRoot","AssetManager::GetAssetRoot()",134,144
35,9,214,1,40,"AssetManager::ResolvePath@146-185@engine\src\core\AssetManager.cpp","engine\src\core\AssetManager.cpp","AssetManager::ResolvePath","AssetManager::ResolvePath( const std :: filesystem :: path & relativePath)",146,185
27,10,193,1,31,"AssetManager::ResolvePathStrict@187-217@engine\src\core\AssetManager.cpp","engine\src\core\AssetManager.cpp","AssetManager::ResolvePathStrict","AssetManager::ResolvePathStrict( const std :: filesystem :: path & relativePath)",187,217
3,1,21,1,3,"AssetManager::Canonicalize@219-221@engine\src\core\AssetManager.cpp","engine\src\core\AssetManager.cpp","AssetManager::Canonicalize","AssetManager::Canonicalize( const std :: filesystem :: path & path)",219,221
1,1,19,0,1,"CpuProfiler::CpuProfiler@8-8@engine\src\core\CpuProfiler.cpp","engine\src\core\CpuProfiler.cpp","CpuProfiler::CpuProfiler","CpuProfiler::CpuProfiler()",8,8
3,1,13,0,3,"CpuProfiler::GetLastSamples@12-14@engine\src\core\CpuProfiler.cpp","engine\src\core\CpuProfiler.cpp","CpuProfiler::GetLastSamples","CpuProfiler::GetLastSamples() const",12,14
3,1,13,0,3,"CpuProfiler::GetLastSampleCount@16-18@engine\src\core\CpuProfiler.cpp","engine\src\core\CpuProfiler.cpp","CpuProfiler::GetLastSampleCount","CpuProfiler::GetLastSampleCount() const",16,18
4,1,30,2,4,"CpuProfiler::ScopedEvent::ScopedEvent@20-23@engine\src\core\CpuProfiler.cpp","engine\src\core\CpuProfiler.cpp","CpuProfiler::ScopedEvent::ScopedEvent","CpuProfiler::ScopedEvent::ScopedEvent( CpuProfiler & profiler , const char * name)",20,23
5,2,21,0,5,"CpuProfiler::ScopedEvent::~ScopedEvent@25-29@engine\src\core\CpuProfiler.cpp","engine\src\core\CpuProfiler.cpp","CpuProfiler::ScopedEvent::~ScopedEvent","CpuProfiler::ScopedEvent::~ScopedEvent()",25,29
8,2,38,0,8,"CpuProfiler::BeginFrame@31-38@engine\src\core\CpuProfiler.cpp","engine\src\core\CpuProfiler.cpp","CpuProfiler::BeginFrame","CpuProfiler::BeginFrame()",31,38
10,4,68,1,10,"CpuProfiler::BeginEvent@40-49@engine\src\core\CpuProfiler.cpp","engine\src\core\CpuProfiler.cpp","CpuProfiler::BeginEvent","CpuProfiler::BeginEvent( const char * name)",40,49
17,4,125,0,19,"CpuProfiler::EndEvent@51-69@engine\src\core\CpuProfiler.cpp","engine\src\core\CpuProfiler.cpp","CpuProfiler::EndEvent","CpuProfiler::EndEvent()",51,69
11,3,57,0,11,"CpuProfiler::EndFrame@71-81@engine\src\core\CpuProfiler.cpp","engine\src\core\CpuProfiler.cpp","CpuProfiler::EndFrame","CpuProfiler::EndFrame()",71,81
9,2,47,1,9,"CpuProfiler::SetEnabled@83-91@engine\src\core\CpuProfiler.cpp","engine\src\core\CpuProfiler.cpp","CpuProfiler::SetEnabled","CpuProfiler::SetEnabled( bool enabled)",83,91
3,1,13,0,3,"CpuProfiler::IsEnabled@93-95@engine\src\core\CpuProfiler.cpp","engine\src\core\CpuProfiler.cpp","CpuProfiler::IsEnabled","CpuProfiler::IsEnabled() const",93,95
7,3,72,2,7,"IsFloatArray@10-16@engine\src\core\DebugSettingsStore.cpp","engine\src\core\DebugSettingsStore.cpp","IsFloatArray","IsFloatArray( const nlohmann :: json & value , size_t expectedSize)",10,16
21,5,103,1,22,"DebugSettingsStore::Load@20-41@engine\src\core\DebugSettingsStore.cpp","engine\src\core\DebugSettingsStore.cpp","DebugSettingsStore::Load","DebugSettingsStore::Load( const std :: filesystem :: path & path)",20,41
19,5,105,1,20,"DebugSettingsStore::Save@43-62@engine\src\core\DebugSettingsStore.cpp","engine\src\core\DebugSettingsStore.cpp","DebugSettingsStore::Save","DebugSettingsStore::Save( const std :: filesystem :: path & path) const",43,62
6,2,30,0,6,"DebugSettingsStore::Clear@64-69@engine\src\core\DebugSettingsStore.cpp","engine\src\core\DebugSettingsStore.cpp","DebugSettingsStore::Clear","DebugSettingsStore::Clear()",64,69
7,2,38,1,7,"DebugSettingsStore::Has@71-77@engine\src\core\DebugSettingsStore.cpp","engine\src\core\DebugSettingsStore.cpp","DebugSettingsStore::Has","DebugSettingsStore::Has( const std :: string & key) const",71,77
6,2,33,1,6,"DebugSettingsStore::Remove@79-84@engine\src\core\DebugSettingsStore.cpp","engine\src\core\DebugSettingsStore.cpp","DebugSettingsStore::Remove","DebugSettingsStore::Remove( const std :: string & key)",79,84
6,2,36,2,6,"DebugSettingsStore::SetBool@86-91@engine\src\core\DebugSettingsStore.cpp","engine\src\core\DebugSettingsStore.cpp","DebugSettingsStore::SetBool","DebugSettingsStore::SetBool( const std :: string & key , bool value)",86,91
6,2,36,2,6,"DebugSettingsStore::SetInt@93-98@engine\src\core\DebugSettingsStore.cpp","engine\src\core\DebugSettingsStore.cpp","DebugSettingsStore::SetInt","DebugSettingsStore::SetInt( const std :: string & key , int value)",93,98
6,2,36,2,6,"DebugSettingsStore::SetFloat@100-105@engine\src\core\DebugSettingsStore.cpp","engine\src\core\DebugSettingsStore.cpp","DebugSettingsStore::SetFloat","DebugSettingsStore::SetFloat( const std :: string & key , float value)",100,105
6,2,40,2,6,"DebugSettingsStore::SetString@107-112@engine\src\core\DebugSettingsStore.cpp","engine\src\core\DebugSettingsStore.cpp","DebugSettingsStore::SetString","DebugSettingsStore::SetString( const std :: string & key , const std :: string & value)",107,112
6,2,52,2,6,"DebugSettingsStore::SetFloat3@114-119@engine\src\core\DebugSettingsStore.cpp","engine\src\core\DebugSettingsStore.cpp","DebugSettingsStore::SetFloat3","DebugSettingsStore::SetFloat3( const std :: string & key , const DirectX :: XMFLOAT3 & value)",114,119
6,2,58,2,6,"DebugSettingsStore::SetFloat4@121-126@engine\src\core\DebugSettingsStore.cpp","engine\src\core\DebugSettingsStore.cpp","DebugSettingsStore::SetFloat4","DebugSettingsStore::SetFloat4( const std :: string & key , const DirectX :: XMFLOAT4 & value)",121,126
11,4,73,1,11,"DebugSettingsStore::GetBool@128-138@engine\src\core\DebugSettingsStore.cpp","engine\src\core\DebugSettingsStore.cpp","DebugSettingsStore::GetBool","DebugSettingsStore::GetBool( const std :: string & key) const",128,138
11,4,73,1,11,"DebugSettingsStore::GetInt@140-150@engine\src\core\DebugSettingsStore.cpp","engine\src\core\DebugSettingsStore.cpp","DebugSettingsStore::GetInt","DebugSettingsStore::GetInt( const std :: string & key) const",140,150
11,4,73,1,11,"DebugSettingsStore::GetFloat@152-162@engine\src\core\DebugSettingsStore.cpp","engine\src\core\DebugSettingsStore.cpp","DebugSettingsStore::GetFloat","DebugSettingsStore::GetFloat( const std :: string & key) const",152,162
11,4,75,1,11,"DebugSettingsStore::GetString@164-174@engine\src\core\DebugSettingsStore.cpp","engine\src\core\DebugSettingsStore.cpp","DebugSettingsStore::GetString","DebugSettingsStore::GetString( const std :: string & key) const",164,174
12,4,116,1,12,"DebugSettingsStore::GetFloat3@176-187@engine\src\core\DebugSettingsStore.cpp","engine\src\core\DebugSettingsStore.cpp","DebugSettingsStore::GetFloat3","DebugSettingsStore::GetFloat3( const std :: string & key) const",176,187
12,4,131,1,12,"DebugSettingsStore::GetFloat4@189-200@engine\src\core\DebugSettingsStore.cpp","engine\src\core\DebugSettingsStore.cpp","DebugSettingsStore::GetFloat4","DebugSettingsStore::GetFloat4( const std :: string & key) const",189,200
8,3,58,1,8,"DebugSettingsStore::Find@202-209@engine\src\core\DebugSettingsStore.cpp","engine\src\core\DebugSettingsStore.cpp","DebugSettingsStore::Find","DebugSettingsStore::Find( const std :: string & key) const",202,209
1,1,19,0,1,"EngineRuntime::EngineRuntime@19-19@engine\src\core\EngineRuntime.cpp","engine\src\core\EngineRuntime.cpp","EngineRuntime::EngineRuntime","EngineRuntime::EngineRuntime()",19,19
28,3,199,0,31,"EngineRuntime::~EngineRuntime@21-51@engine\src\core\EngineRuntime.cpp","engine\src\core\EngineRuntime.cpp","EngineRuntime::~EngineRuntime","EngineRuntime::~EngineRuntime()",21,51
36,9,202,1,39,"EngineRuntime::InitializeLog@53-91@engine\src\core\EngineRuntime.cpp","engine\src\core\EngineRuntime.cpp","EngineRuntime::InitializeLog","EngineRuntime::InitializeLog( const std :: wstring & path)",53,91
8,2,44,1,8,"EngineRuntime::FailInitialize@93-100@engine\src\core\EngineRuntime.cpp","engine\src\core\EngineRuntime.cpp","EngineRuntime::FailInitialize","EngineRuntime::FailInitialize( const char * reason)",93,100
12,4,83,1,12,"EngineRuntime::Log@102-113@engine\src\core\EngineRuntime.cpp","engine\src\core\EngineRuntime.cpp","EngineRuntime::Log","EngineRuntime::Log( const std :: string & message)",102,113
8,2,62,4,8,"EngineRuntime::Run@114-121@engine\src\core\EngineRuntime.cpp","engine\src\core\EngineRuntime.cpp","EngineRuntime::Run","EngineRuntime::Run( HINSTANCE instance , int showCommand , std :: unique_ptr<BaseScene> initialScene , const EngineRuntimeConfig & config)",114,121
9,2,69,5,9,"EngineRuntime::Run@123-131@engine\src\core\EngineRuntime.cpp","engine\src\core\EngineRuntime.cpp","EngineRuntime::Run","EngineRuntime::Run( HINSTANCE instance , int showCommand , const std :: string & initialSceneName , AbstractSceneFactory * sceneFactory , const EngineRuntimeConfig & config)",123,131
40,7,227,0,41,"EngineRuntime::RunMainLoop@133-173@engine\src\core\EngineRuntime.cpp","engine\src\core\EngineRuntime.cpp","EngineRuntime::RunMainLoop","EngineRuntime::RunMainLoop()",133,173
18,4,100,3,20,"EngineRuntime::Initialize@174-193@engine\src\core\EngineRuntime.cpp","engine\src\core\EngineRuntime.cpp","EngineRuntime::Initialize","EngineRuntime::Initialize( HINSTANCE instance , int showCommand , const EngineRuntimeConfig & config)",174,193
35,6,326,3,37,"EngineRuntime::InitializeWindowAndDevice@195-231@engine\src\core\EngineRuntime.cpp","engine\src\core\EngineRuntime.cpp","EngineRuntime::InitializeWindowAndDevice","EngineRuntime::InitializeWindowAndDevice( HINSTANCE instance , int showCommand , const EngineRuntimeConfig & config)",195,231
62,13,506,0,63,"EngineRuntime::InitializeRenderingSystems@233-295@engine\src\core\EngineRuntime.cpp","engine\src\core\EngineRuntime.cpp","EngineRuntime::InitializeRenderingSystems","EngineRuntime::InitializeRenderingSystems()",233,295
9,6,86,0,9,"EngineRuntime::ValidateDefaultTextures@297-305@engine\src\core\EngineRuntime.cpp","engine\src\core\EngineRuntime.cpp","EngineRuntime::ValidateDefaultTextures","EngineRuntime::ValidateDefaultTextures() const",297,305
19,5,163,2,23,"EngineRuntime::InitializeSceneSystems@307-329@engine\src\core\EngineRuntime.cpp","engine\src\core\EngineRuntime.cpp","EngineRuntime::InitializeSceneSystems","EngineRuntime::InitializeSceneSystems( HINSTANCE instance , const EngineRuntimeConfig & config)",307,329
39,3,484,0,41,"EngineRuntime::BindSceneContext@331-371@engine\src\core\EngineRuntime.cpp","engine\src\core\EngineRuntime.cpp","EngineRuntime::BindSceneContext","EngineRuntime::BindSceneContext()",331,371
6,1,59,0,6,"EngineRuntime::UpdateFrameContext@372-377@engine\src\core\EngineRuntime.cpp","engine\src\core\EngineRuntime.cpp","EngineRuntime::UpdateFrameContext","EngineRuntime::UpdateFrameContext()",372,377
37,17,300,0,39,"EngineRuntime::ResizeIfNeeded@379-417@engine\src\core\EngineRuntime.cpp","engine\src\core\EngineRuntime.cpp","EngineRuntime::ResizeIfNeeded","EngineRuntime::ResizeIfNeeded()",379,417
4,2,30,1,4,"UsesSpotLightShadowPass@22-25@engine\src\core\EngineRuntimeRenderGraph.cpp","engine\src\core\EngineRuntimeRenderGraph.cpp","UsesSpotLightShadowPass","UsesSpotLightShadowPass( const Systems & systems)",22,25
3,1,20,1,3,"ScopedShadowMapPass::ScopedShadowMapPass@29-31@engine\src\core\EngineRuntimeRenderGraph.cpp","engine\src\core\EngineRuntimeRenderGraph.cpp","ScopedShadowMapPass::ScopedShadowMapPass","ScopedShadowMapPass::ScopedShadowMapPass( ShadowRenderer & renderer)",29,31
5,2,19,0,5,"ScopedShadowMapPass::~ScopedShadowMapPass@32-36@engine\src\core\EngineRuntimeRenderGraph.cpp","engine\src\core\EngineRuntimeRenderGraph.cpp","ScopedShadowMapPass::~ScopedShadowMapPass","ScopedShadowMapPass::~ScopedShadowMapPass()",32,36
5,1,51,3,5,"AddRenderGraphPass@46-50@engine\src\core\EngineRuntimeRenderGraph.cpp","engine\src\core\EngineRuntimeRenderGraph.cpp","AddRenderGraphPass","AddRenderGraphPass( Systems & systems , std :: string name , Callback && callback)",46,50
27,2,220,1,27,"AddShadowPass@52-78@engine\src\core\EngineRuntimeRenderGraph.cpp","engine\src\core\EngineRuntimeRenderGraph.cpp","AddShadowPass","AddShadowPass( Systems & systems)",52,78
22,2,165,1,23,"AddSpotLightShadowPass@80-102@engine\src\core\EngineRuntimeRenderGraph.cpp","engine\src\core\EngineRuntimeRenderGraph.cpp","AddSpotLightShadowPass","AddSpotLightShadowPass( Systems & systems)",80,102
11,1,92,1,11,"AddSceneColorPass@104-114@engine\src\core\EngineRuntimeRenderGraph.cpp","engine\src\core\EngineRuntimeRenderGraph.cpp","AddSceneColorPass","AddSceneColorPass( Systems & systems)",104,114
13,2,100,1,14,"AddForeground3DPass@116-129@engine\src\core\EngineRuntimeRenderGraph.cpp","engine\src\core\EngineRuntimeRenderGraph.cpp","AddForeground3DPass","AddForeground3DPass( Systems & systems)",116,129
14,1,102,1,14,"AddTransparentPass@131-144@engine\src\core\EngineRuntimeRenderGraph.cpp","engine\src\core\EngineRuntimeRenderGraph.cpp","AddTransparentPass","AddTransparentPass( Systems & systems)",131,144
13,2,100,1,14,"AddVolumetricLightingPass@146-159@engine\src\core\EngineRuntimeRenderGraph.cpp","engine\src\core\EngineRuntimeRenderGraph.cpp","AddVolumetricLightingPass","AddVolumetricLightingPass( Systems & systems)",146,159
16,1,122,1,16,"AddPostProcessPass@161-176@engine\src\core\EngineRuntimeRenderGraph.cpp","engine\src\core\EngineRuntimeRenderGraph.cpp","AddPostProcessPass","AddPostProcessPass( Systems & systems)",161,176
15,2,116,1,15,"AddOverlayPass@178-192@engine\src\core\EngineRuntimeRenderGraph.cpp","engine\src\core\EngineRuntimeRenderGraph.cpp","AddOverlayPass","AddOverlayPass( Systems & systems)",178,192
9,1,83,1,9,"AddImguiPass@195-203@engine\src\core\EngineRuntimeRenderGraph.cpp","engine\src\core\EngineRuntimeRenderGraph.cpp","AddImguiPass","AddImguiPass( Systems & systems)",195,203
29,7,148,0,31,"EngineRuntime::RenderFrame@208-238@engine\src\core\EngineRuntimeRenderGraph.cpp","engine\src\core\EngineRuntimeRenderGraph.cpp","EngineRuntime::RenderFrame","EngineRuntime::RenderFrame()",208,238
17,2,144,0,17,"EngineRuntime::BeginRenderFrameSystems@240-256@engine\src\core\EngineRuntimeRenderGraph.cpp","engine\src\core\EngineRuntimeRenderGraph.cpp","EngineRuntime::BeginRenderFrameSystems","EngineRuntime::BeginRenderFrameSystems()",240,256
11,3,66,0,11,"EngineRuntime::EnsureSpotLightShadowRenderer@258-268@engine\src\core\EngineRuntimeRenderGraph.cpp","engine\src\core\EngineRuntimeRenderGraph.cpp","EngineRuntime::EnsureSpotLightShadowRenderer","EngineRuntime::EnsureSpotLightShadowRenderer()",258,268
11,3,68,0,11,"EngineRuntime::EnsureVolumetricLightingSystem@270-280@engine\src\core\EngineRuntimeRenderGraph.cpp","engine\src\core\EngineRuntimeRenderGraph.cpp","EngineRuntime::EnsureVolumetricLightingSystem","EngineRuntime::EnsureVolumetricLightingSystem()",270,280
18,3,144,0,21,"EngineRuntime::BeginCommandFrame@282-302@engine\src\core\EngineRuntimeRenderGraph.cpp","engine\src\core\EngineRuntimeRenderGraph.cpp","EngineRuntime::BeginCommandFrame","EngineRuntime::BeginCommandFrame()",282,302
26,10,141,0,27,"EngineRuntime::BuildRenderGraph@304-330@engine\src\core\EngineRuntimeRenderGraph.cpp","engine\src\core\EngineRuntimeRenderGraph.cpp","EngineRuntime::BuildRenderGraph","EngineRuntime::BuildRenderGraph()",304,330
12,11,79,1,14,"AddDefaultRenderGraphPasses@334-347@engine\src\core\EngineRuntimeRenderGraph.cpp","engine\src\core\EngineRuntimeRenderGraph.cpp","AddDefaultRenderGraphPasses","AddDefaultRenderGraphPasses( Systems & systems)",334,347
3,1,32,2,3,"AddGraphResource@350-352@engine\src\core\EngineRuntimeRenderGraph.cpp","engine\src\core\EngineRuntimeRenderGraph.cpp","AddGraphResource","AddGraphResource( Systems & systems , RenderGraph :: ResourceDesc desc)",350,352
4,1,37,4,4,"ReadGraphResource@355-358@engine\src\core\EngineRuntimeRenderGraph.cpp","engine\src\core\EngineRuntimeRenderGraph.cpp","ReadGraphResource","ReadGraphResource( Systems & systems , std :: string_view pass , std :: string_view resource , RenderGraph :: ResourceUsage usage)",355,358
4,1,37,4,4,"WriteGraphResource@361-364@engine\src\core\EngineRuntimeRenderGraph.cpp","engine\src\core\EngineRuntimeRenderGraph.cpp","WriteGraphResource","WriteGraphResource( Systems & systems , std :: string_view pass , std :: string_view resource , RenderGraph :: ResourceUsage usage)",361,364
16,6,147,3,17,"AddRenderGraphResourceDeclarations@367-383@engine\src\core\EngineRuntimeRenderGraph.cpp","engine\src\core\EngineRuntimeRenderGraph.cpp","AddRenderGraphResourceDeclarations","AddRenderGraphResourceDeclarations( Systems & systems , uint32_t width , uint32_t height)",367,383
13,4,75,1,14,"BindShadowMapResources@385-398@engine\src\core\EngineRuntimeRenderGraph.cpp","engine\src\core\EngineRuntimeRenderGraph.cpp","BindShadowMapResources","BindShadowMapResources( Systems & systems)",385,398
8,3,54,1,8,"BindSceneColorResources@400-407@engine\src\core\EngineRuntimeRenderGraph.cpp","engine\src\core\EngineRuntimeRenderGraph.cpp","BindSceneColorResources","BindSceneColorResources( Systems & systems)",400,407
9,3,55,1,10,"BindForeground3DResources@409-418@engine\src\core\EngineRuntimeRenderGraph.cpp","engine\src\core\EngineRuntimeRenderGraph.cpp","BindForeground3DResources","BindForeground3DResources( Systems & systems)",409,418
6,2,39,1,6,"BindTransparentResources@420-425@engine\src\core\EngineRuntimeRenderGraph.cpp","engine\src\core\EngineRuntimeRenderGraph.cpp","BindTransparentResources","BindTransparentResources( Systems & systems)",420,425
11,4,70,1,12,"BindVolumetricLightingResources@427-438@engine\src\core\EngineRuntimeRenderGraph.cpp","engine\src\core\EngineRuntimeRenderGraph.cpp","BindVolumetricLightingResources","BindVolumetricLightingResources( Systems & systems)",427,438
10,4,69,1,10,"BindPostProcessAndOverlayResources@440-449@engine\src\core\EngineRuntimeRenderGraph.cpp","engine\src\core\EngineRuntimeRenderGraph.cpp","BindPostProcessAndOverlayResources","BindPostProcessAndOverlayResources( Systems & systems)",440,449
15,10,117,3,17,"AddDefaultRenderGraphResources@452-468@engine\src\core\EngineRuntimeRenderGraph.cpp","engine\src\core\EngineRuntimeRenderGraph.cpp","AddDefaultRenderGraphResources","AddDefaultRenderGraphResources( Systems & systems , int width , int height)",452,468
38,16,238,1,40,"AddDefaultRenderGraphDependencies@470-509@engine\src\core\EngineRuntimeRenderGraph.cpp","engine\src\core\EngineRuntimeRenderGraph.cpp","AddDefaultRenderGraphDependencies","AddDefaultRenderGraphDependencies( Systems & systems)",470,509
13,4,78,2,14,"StoreFrameHistoryWorlds@511-524@engine\src\core\EngineRuntimeRenderGraph.cpp","engine\src\core\EngineRuntimeRenderGraph.cpp","StoreFrameHistoryWorlds","StoreFrameHistoryWorlds( FrameHistory & frameHistory , const RenderScene & renderScene)",511,524
10,2,58,0,10,"EngineRuntime::FinishCommandFrame@528-537@engine\src\core\EngineRuntimeRenderGraph.cpp","engine\src\core\EngineRuntimeRenderGraph.cpp","EngineRuntime::FinishCommandFrame","EngineRuntime::FinishCommandFrame()",528,537
6,3,38,1,6,"SanitizeDeltaSeconds@10-15@engine\src\core\FrameTimer.cpp","engine\src\core\FrameTimer.cpp","SanitizeDeltaSeconds","SanitizeDeltaSeconds( double delta)",10,15
4,1,20,0,4,"FrameTimer::Reset@18-21@engine\src\core\FrameTimer.cpp","engine\src\core\FrameTimer.cpp","FrameTimer::Reset","FrameTimer::Reset()",18,21
12,3,110,0,13,"FrameTimer::Tick@23-35@engine\src\core\FrameTimer.cpp","engine\src\core\FrameTimer.cpp","FrameTimer::Tick","FrameTimer::Tick()",23,35
9,4,62,4,9,"WinApp::HandleSetCursorMessage@18-26@engine\src\core\WinApp.cpp","engine\src\core\WinApp.cpp","WinApp::HandleSetCursorMessage","WinApp::HandleSetCursorMessage( HWND hwnd , WPARAM , LPARAM lParam , bool & handled)",18,26
9,2,43,4,9,"WinApp::HandleActivateAppMessage@28-36@engine\src\core\WinApp.cpp","engine\src\core\WinApp.cpp","WinApp::HandleActivateAppMessage","WinApp::HandleActivateAppMessage( HWND , WPARAM wParam , LPARAM , bool & handled)",28,36
5,1,27,4,5,"WinApp::HandleFocusMessage@38-42@engine\src\core\WinApp.cpp","engine\src\core\WinApp.cpp","WinApp::HandleFocusMessage","WinApp::HandleFocusMessage( HWND , WPARAM , LPARAM , bool & handled)",38,42
5,1,27,4,5,"WinApp::HandleKillFocusMessage@44-48@engine\src\core\WinApp.cpp","engine\src\core\WinApp.cpp","WinApp::HandleKillFocusMessage","WinApp::HandleKillFocusMessage( HWND , WPARAM , LPARAM , bool & handled)",44,48
8,6,52,4,8,"WinApp::HandleKeyDownMessage@50-57@engine\src\core\WinApp.cpp","engine\src\core\WinApp.cpp","WinApp::HandleKeyDownMessage","WinApp::HandleKeyDownMessage( HWND , WPARAM wParam , LPARAM , bool & handled)",50,57
7,3,48,4,7,"WinApp::HandleSysCommandMessage@59-65@engine\src\core\WinApp.cpp","engine\src\core\WinApp.cpp","WinApp::HandleSysCommandMessage","WinApp::HandleSysCommandMessage( HWND , WPARAM wParam , LPARAM , bool & handled)",59,65
10,2,49,4,10,"WinApp::HandleDestroyMessage@67-76@engine\src\core\WinApp.cpp","engine\src\core\WinApp.cpp","WinApp::HandleDestroyMessage","WinApp::HandleDestroyMessage( HWND hwnd , WPARAM , LPARAM , bool & handled)",67,76
25,2,188,5,27,"WinApp::TryHandleWindowMessage@78-104@engine\src\core\WinApp.cpp","engine\src\core\WinApp.cpp","WinApp::TryHandleWindowMessage","WinApp::TryHandleWindowMessage( HWND hwnd , UINT msg , WPARAM wParam , LPARAM lParam , LRESULT & result)",78,104
17,4,70,0,19,"WinApp::~WinApp@106-124@engine\src\core\WinApp.cpp","engine\src\core\WinApp.cpp","WinApp::~WinApp","WinApp::~WinApp()",106,124
10,4,73,4,14,"WinApp::WindowProc@126-139@engine\src\core\WinApp.cpp","engine\src\core\WinApp.cpp","WinApp::WindowProc","WinApp::WindowProc( HWND hwnd , UINT msg , WPARAM wParam , LPARAM lParam)",126,139
83,13,657,6,90,"WinApp::Initialize@141-230@engine\src\core\WinApp.cpp","engine\src\core\WinApp.cpp","WinApp::Initialize","WinApp::Initialize( HINSTANCE hInstance , int nCmdShow , int width , int height , const std :: wstring & title , bool fullscreen)",141,230
18,5,86,0,19,"WinApp::ProcessMessage@232-250@engine\src\core\WinApp.cpp","engine\src\core\WinApp.cpp","WinApp::ProcessMessage","WinApp::ProcessMessage() const",232,250
7,2,32,0,7,"WinApp::RequestClose@252-258@engine\src\core\WinApp.cpp","engine\src\core\WinApp.cpp","WinApp::RequestClose","WinApp::RequestClose()",252,258
4,1,19,1,4,"WinApp::SetCursorVisible@260-263@engine\src\core\WinApp.cpp","engine\src\core\WinApp.cpp","WinApp::SetCursorVisible","WinApp::SetCursorVisible( bool visible) const",260,263
32,6,219,1,36,"WinApp::SetFullscreen@265-300@engine\src\core\WinApp.cpp","engine\src\core\WinApp.cpp","WinApp::SetFullscreen","WinApp::SetFullscreen( bool fullscreen)",265,300
19,6,103,2,20,"WinApp::ApplyHiddenCursorState@302-321@engine\src\core\WinApp.cpp","engine\src\core\WinApp.cpp","WinApp::ApplyHiddenCursorState","WinApp::ApplyHiddenCursorState( HWND hwnd , bool lockToClient)",302,321
7,2,36,0,7,"WinApp::ApplyVisibleCursorState@323-329@engine\src\core\WinApp.cpp","engine\src\core\WinApp.cpp","WinApp::ApplyVisibleCursorState","WinApp::ApplyVisibleCursorState()",323,329
7,3,37,1,8,"WinApp::ApplyRequestedCursorState@331-338@engine\src\core\WinApp.cpp","engine\src\core\WinApp.cpp","WinApp::ApplyRequestedCursorState","WinApp::ApplyRequestedCursorState( HWND hwnd)",331,338
16,5,113,1,19,"WinApp::LockCursorToClient@340-358@engine\src\core\WinApp.cpp","engine\src\core\WinApp.cpp","WinApp::LockCursorToClient","WinApp::LockCursorToClient( HWND hwnd)",340,358
15,4,93,1,18,"WinApp::CenterCursorInClient@360-377@engine\src\core\WinApp.cpp","engine\src\core\WinApp.cpp","WinApp::CenterCursorInClient","WinApp::CenterCursorInClient( HWND hwnd)",360,377
3,1,12,0,3,"WinApp::ReleaseCursorLock@379-381@engine\src\core\WinApp.cpp","engine\src\core\WinApp.cpp","WinApp::ReleaseCursorLock","WinApp::ReleaseCursorLock()",379,381
3,1,15,1,3,"WinApp::ShouldLockHiddenCursor@383-385@engine\src\core\WinApp.cpp","engine\src\core\WinApp.cpp","WinApp::ShouldLockHiddenCursor","WinApp::ShouldLockHiddenCursor( HWND hwnd)",383,385
3,3,26,1,3,"WinApp::ShouldHideCursor@387-389@engine\src\core\WinApp.cpp","engine\src\core\WinApp.cpp","WinApp::ShouldHideCursor","WinApp::ShouldHideCursor( HWND hwnd)",387,389
3,1,12,0,3,"WinApp::RestoreCursorForAppInteraction@391-393@engine\src\core\WinApp.cpp","engine\src\core\WinApp.cpp","WinApp::RestoreCursorForAppInteraction","WinApp::RestoreCursorForAppInteraction()",391,393
4,1,15,0,4,"WinApp::GetWidth@395-398@engine\src\core\WinApp.cpp","engine\src\core\WinApp.cpp","WinApp::GetWidth","WinApp::GetWidth() const",395,398
4,1,15,0,4,"WinApp::GetHeight@400-403@engine\src\core\WinApp.cpp","engine\src\core\WinApp.cpp","WinApp::GetHeight","WinApp::GetHeight() const",400,403
11,3,57,0,13,"WinApp::UpdateClientSize@405-417@engine\src\core\WinApp.cpp","engine\src\core\WinApp.cpp","WinApp::UpdateClientSize","WinApp::UpdateClientSize() const",405,417
10,2,94,1,10,"NormalizePathKey@69-78@engine\src\font\FontManager.cpp","engine\src\font\FontManager.cpp","NormalizePathKey","NormalizePathKey( const std :: filesystem :: path & path)",69,78
19,6,126,1,19,"ResolveFontPath@80-98@engine\src\font\FontManager.cpp","engine\src\font\FontManager.cpp","ResolveFontPath","ResolveFontPath( const std :: wstring & filePath)",80,98
6,2,34,1,6,"SanitizePixelSize@100-105@engine\src\font\FontManager.cpp","engine\src\font\FontManager.cpp","SanitizePixelSize","SanitizePixelSize( float pixelSize)",100,105
6,1,51,1,6,"PixelKeyFromSize@107-112@engine\src\font\FontManager.cpp","engine\src\font\FontManager.cpp","PixelKeyFromSize","PixelKeyFromSize( float pixelSize)",107,112
6,2,49,2,6,"ScaleForPixelSize@114-119@engine\src\font\FontManager.cpp","engine\src\font\FontManager.cpp","ScaleForPixelSize","ScaleForPixelSize( const FontRecord & font , uint32_t pixelKey)",114,119
10,1,123,2,10,"BuildMetrics@121-130@engine\src\font\FontManager.cpp","engine\src\font\FontManager.cpp","BuildMetrics","BuildMetrics( const FontRecord & font , uint32_t pixelKey)",121,130
35,10,241,5,37,"TryAllocateGlyphRect@132-168@engine\src\font\FontManager.cpp","engine\src\font\FontManager.cpp","TryAllocateGlyphRect","TryAllocateGlyphRect( AtlasPage & page , uint32_t width , uint32_t height , uint32_t & x , uint32_t & y)",132,168
26,6,180,2,28,"CreateAtlasPage@170-197@engine\src\font\FontManager.cpp","engine\src\font\FontManager.cpp","CreateAtlasPage","CreateAtlasPage( TextureManager * textureManager , FontSizeCache & sizeCache)",170,197
13,5,94,2,14,"UploadDirtyPages@199-212@engine\src\font\FontManager.cpp","engine\src\font\FontManager.cpp","UploadDirtyPages","UploadDirtyPages( TextureManager * textureManager , FontSizeCache & sizeCache)",199,212
5,1,61,1,5,"AverageClearTypeCoverage@214-218@engine\src\font\FontManager.cpp","engine\src\font\FontManager.cpp","AverageClearTypeCoverage","AverageClearTypeCoverage( const uint8_t * coverage)",214,218
22,5,171,2,24,"CreateGlyphRunAnalysis@220-243@engine\src\font\FontManager.cpp","engine\src\font\FontManager.cpp","CreateGlyphRunAnalysis","CreateGlyphRunAnalysis( const GlyphRasterizationRequest & request , ComPtr<IDWriteGlyphRunAnalysis> & analysis)",220,243
19,4,136,4,21,"GetGlyphTextureBounds@245-265@engine\src\font\FontManager.cpp","engine\src\font\FontManager.cpp","GetGlyphTextureBounds","GetGlyphTextureBounds( IDWriteGlyphRunAnalysis * analysis , FontGlyph & glyph , RasterizedGlyph & rasterized , RECT & bounds)",245,265
31,6,238,3,33,"BuildGlyphAlphaPixels@267-299@engine\src\font\FontManager.cpp","engine\src\font\FontManager.cpp","BuildGlyphAlphaPixels","BuildGlyphAlphaPixels( IDWriteGlyphRunAnalysis * analysis , const RECT & bounds , RasterizedGlyph & rasterized)",267,299
6,1,76,3,6,"ApplyGlyphRasterBounds@301-306@engine\src\font\FontManager.cpp","engine\src\font\FontManager.cpp","ApplyGlyphRasterBounds","ApplyGlyphRasterBounds( FontGlyph & glyph , const RECT & bounds , const RasterizedGlyph & rasterized)",301,306
19,5,111,3,21,"RasterizeGlyph@308-328@engine\src\font\FontManager.cpp","engine\src\font\FontManager.cpp","RasterizeGlyph","RasterizeGlyph( const GlyphRasterizationRequest & request , FontGlyph & glyph , RasterizedGlyph & rasterized)",308,328
7,2,51,2,7,"GetSizeCache@330-336@engine\src\font\FontManager.cpp","engine\src\font\FontManager.cpp","GetSizeCache","GetSizeCache( FontRecord & font , uint32_t pixelKey)",330,336
10,3,64,2,10,"GetFontRecord@338-347@engine\src\font\FontManager.cpp","engine\src\font\FontManager.cpp","GetFontRecord","GetFontRecord( std :: vector<FontRecord> & fonts , FontHandle handle)",338,347
10,3,65,2,10,"GetFontRecord@349-358@engine\src\font\FontManager.cpp","engine\src\font\FontManager.cpp","GetFontRecord","GetFontRecord( const std :: vector<FontRecord> & fonts , FontHandle handle)",349,358
32,7,221,3,34,"FontManager::RegisterLoadedFont@370-403@engine\src\font\FontManager.cpp","engine\src\font\FontManager.cpp","FontManager::RegisterLoadedFont","FontManager::RegisterLoadedFont( const std :: wstring & key , const std :: filesystem :: path & path , IDWriteFontFace * fontFace)",370,403
81,16,645,3,90,"FontManager::EnsureGlyph@405-494@engine\src\font\FontManager.cpp","engine\src\font\FontManager.cpp","FontManager::EnsureGlyph","FontManager::EnsureGlyph( FontHandle handle , uint32_t pixelKey , char32_t codepoint)",405,494
1,1,19,0,1,"FontManager::FontManager@496-496@engine\src\font\FontManager.cpp","engine\src\font\FontManager.cpp","FontManager::FontManager","FontManager::FontManager()",496,496
3,1,12,0,3,"FontManager::~FontManager@498-500@engine\src\font\FontManager.cpp","engine\src\font\FontManager.cpp","FontManager::~FontManager","FontManager::~FontManager()",498,500
27,8,166,1,29,"FontManager::Initialize@502-530@engine\src\font\FontManager.cpp","engine\src\font\FontManager.cpp","FontManager::Initialize","FontManager::Initialize( TextureManager * textureManager)",502,530
11,2,62,1,11,"FontManager::Finalize@532-542@engine\src\font\FontManager.cpp","engine\src\font\FontManager.cpp","FontManager::Finalize","FontManager::Finalize( bool allowFrameAbort)",532,542
3,2,21,0,3,"FontManager::IsReady@544-546@engine\src\font\FontManager.cpp","engine\src\font\FontManager.cpp","FontManager::IsReady","FontManager::IsReady() const",544,546
55,17,365,1,61,"FontManager::LoadFont@548-608@engine\src\font\FontManager.cpp","engine\src\font\FontManager.cpp","FontManager::LoadFont","FontManager::LoadFont( const std :: wstring & filePath)",548,608
48,15,371,1,56,"FontManager::LoadSystemFontFamily@610-665@engine\src\font\FontManager.cpp","engine\src\font\FontManager.cpp","FontManager::LoadSystemFontFamily","FontManager::LoadSystemFontFamily( std :: wstring_view familyName)",610,665
3,1,13,0,3,"FontManager::GetDefaultFont@667-669@engine\src\font\FontManager.cpp","engine\src\font\FontManager.cpp","FontManager::GetDefaultFont","FontManager::GetDefaultFont() const",667,669
26,8,164,3,27,"FontManager::PrepareGlyphs@671-697@engine\src\font\FontManager.cpp","engine\src\font\FontManager.cpp","FontManager::PrepareGlyphs","FontManager::PrepareGlyphs( FontHandle font , float pixelSize , const std :: vector<char32_t> & codepoints)",671,697
23,6,162,3,24,"FontManager::GetGlyph@699-722@engine\src\font\FontManager.cpp","engine\src\font\FontManager.cpp","FontManager::GetGlyph","FontManager::GetGlyph( FontHandle font , float pixelSize , char32_t codepoint)",699,722
16,4,98,2,16,"FontManager::GetMetrics@724-739@engine\src\font\FontManager.cpp","engine\src\font\FontManager.cpp","FontManager::GetMetrics","FontManager::GetMetrics( FontHandle font , float pixelSize)",724,739
3,1,17,0,3,"FontManager::GetFontCount@741-743@engine\src\font\FontManager.cpp","engine\src\font\FontManager.cpp","FontManager::GetFontCount","FontManager::GetFontCount() const",741,743
10,1,105,0,10,"FontManager::GetAtlasPageCount@745-754@engine\src\font\FontManager.cpp","engine\src\font\FontManager.cpp","FontManager::GetAtlasPageCount","FontManager::GetAtlasPageCount() const",745,754
27,11,174,1,28,"FontManager::ReleaseAtlasTextures@756-783@engine\src\font\FontManager.cpp","engine\src\font\FontManager.cpp","FontManager::ReleaseAtlasTextures","FontManager::ReleaseAtlasTextures( bool allowFrameAbort)",756,783
9,3,54,1,9,"FontManager::ResolveFont@785-793@engine\src\font\FontManager.cpp","engine\src\font\FontManager.cpp","FontManager::ResolveFont","FontManager::ResolveFont( FontHandle font) const",785,793
3,1,15,1,3,"FontManager::ResolvePixelKey@795-797@engine\src\font\FontManager.cpp","engine\src\font\FontManager.cpp","FontManager::ResolvePixelKey","FontManager::ResolvePixelKey( float pixelSize)",795,797
3,1,16,1,3,"IsContinuationByte@18-20@engine\src\font\TextRenderer.cpp","engine\src\font\TextRenderer.cpp","IsContinuationByte","IsContinuationByte( uint8_t value)",18,20
12,5,76,2,12,"AppendCodepoint@22-33@engine\src\font\TextRenderer.cpp","engine\src\font\TextRenderer.cpp","AppendCodepoint","AppendCodepoint( std :: vector<char32_t> & codepoints , uint32_t value)",22,33
76,17,423,1,83,"DecodeUtf8@35-117@engine\src\font\TextRenderer.cpp","engine\src\font\TextRenderer.cpp","DecodeUtf8","DecodeUtf8( std :: string_view text)",35,117
51,15,295,1,54,"DecodeWide@119-172@engine\src\font\TextRenderer.cpp","engine\src\font\TextRenderer.cpp","DecodeWide","DecodeWide( std :: wstring_view text)",119,172
7,2,47,1,7,"CopyCodepoints@174-180@engine\src\font\TextRenderer.cpp","engine\src\font\TextRenderer.cpp","CopyCodepoints","CopyCodepoints( std :: u32string_view text)",174,180
3,2,20,1,3,"ResolveLineSpacing@182-184@engine\src\font\TextRenderer.cpp","engine\src\font\TextRenderer.cpp","ResolveLineSpacing","ResolveLineSpacing( float lineSpacing)",182,184
3,2,33,2,3,"ResolveStyleFont@186-188@engine\src\font\TextRenderer.cpp","engine\src\font\TextRenderer.cpp","ResolveStyleFont","ResolveStyleFont( const FontManager & fontManager , const TextStyle & style)",186,188
41,8,276,3,46,"MeasureCodepoints@190-235@engine\src\font\TextRenderer.cpp","engine\src\font\TextRenderer.cpp","MeasureCodepoints","MeasureCodepoints( FontManager & fontManager , const std :: vector<char32_t> & codepoints , const TextStyle & style)",190,235
43,9,311,5,49,"DrawCodepoints@237-285@engine\src\font\TextRenderer.cpp","engine\src\font\TextRenderer.cpp","DrawCodepoints","DrawCodepoints( FontManager & fontManager , SpriteRenderer & spriteRenderer , const std :: vector<char32_t> & codepoints , const DirectX :: XMFLOAT2 & position , const TextStyle & style)",237,285
4,1,22,2,4,"TextRenderer::Initialize@289-292@engine\src\font\TextRenderer.cpp","engine\src\font\TextRenderer.cpp","TextRenderer::Initialize","TextRenderer::Initialize( FontManager * fontManager , SpriteRenderer * spriteRenderer)",289,292
4,1,15,0,4,"TextRenderer::Finalize@294-297@engine\src\font\TextRenderer.cpp","engine\src\font\TextRenderer.cpp","TextRenderer::Finalize","TextRenderer::Finalize()",294,297
3,3,23,0,3,"TextRenderer::IsReady@299-301@engine\src\font\TextRenderer.cpp","engine\src\font\TextRenderer.cpp","TextRenderer::IsReady","TextRenderer::IsReady() const",299,301
7,2,52,3,7,"TextRenderer::DrawText@303-309@engine\src\font\TextRenderer.cpp","engine\src\font\TextRenderer.cpp","TextRenderer::DrawText","TextRenderer::DrawText( std :: string_view utf8Text , const DirectX :: XMFLOAT2 & position , const TextStyle & style)",303,309
7,2,52,3,7,"TextRenderer::DrawText@311-317@engine\src\font\TextRenderer.cpp","engine\src\font\TextRenderer.cpp","TextRenderer::DrawText","TextRenderer::DrawText( std :: wstring_view text , const DirectX :: XMFLOAT2 & position , const TextStyle & style)",311,317
7,2,52,3,7,"TextRenderer::DrawText@319-325@engine\src\font\TextRenderer.cpp","engine\src\font\TextRenderer.cpp","TextRenderer::DrawText","TextRenderer::DrawText( std :: u32string_view text , const DirectX :: XMFLOAT2 & position , const TextStyle & style)",319,325
6,2,43,2,6,"TextRenderer::MeasureText@327-332@engine\src\font\TextRenderer.cpp","engine\src\font\TextRenderer.cpp","TextRenderer::MeasureText","TextRenderer::MeasureText( std :: string_view utf8Text , const TextStyle & style)",327,332
6,2,43,2,6,"TextRenderer::MeasureText@334-339@engine\src\font\TextRenderer.cpp","engine\src\font\TextRenderer.cpp","TextRenderer::MeasureText","TextRenderer::MeasureText( std :: wstring_view text , const TextStyle & style)",334,339
6,2,43,2,6,"TextRenderer::MeasureText@341-346@engine\src\font\TextRenderer.cpp","engine\src\font\TextRenderer.cpp","TextRenderer::MeasureText","TextRenderer::MeasureText( std :: u32string_view text , const TextStyle & style)",341,346
3,1,9,0,3,"DirectXCommonGpuDiagnostics::BeginFrame@8-10@engine\src\graphics\internal\DirectXCommonDiagnostics.h","engine\src\graphics\internal\DirectXCommonDiagnostics.h","DirectXCommonGpuDiagnostics::BeginFrame","DirectXCommonGpuDiagnostics::BeginFrame()",8,10
7,2,46,1,7,"DirectXCommonGpuDiagnostics::TrackPhase@12-18@engine\src\graphics\internal\DirectXCommonDiagnostics.h","engine\src\graphics\internal\DirectXCommonDiagnostics.h","DirectXCommonGpuDiagnostics::TrackPhase","DirectXCommonGpuDiagnostics::TrackPhase( const char * phase)",12,18
1,1,13,1,1,"DirectXCommonInternal::ScopedWin32Handle::ScopedWin32Handle@10-10@engine\src\graphics\internal\DirectXCommonInternal.h","engine\src\graphics\internal\DirectXCommonInternal.h","DirectXCommonInternal::ScopedWin32Handle::ScopedWin32Handle","DirectXCommonInternal::ScopedWin32Handle::ScopedWin32Handle( HANDLE handle)",10,10
1,1,18,1,1,"DirectXCommonInternal::ScopedWin32Handle::ScopedWin32Handle@13-13@engine\src\graphics\internal\DirectXCommonInternal.h","engine\src\graphics\internal\DirectXCommonInternal.h","DirectXCommonInternal::ScopedWin32Handle::ScopedWin32Handle","DirectXCommonInternal::ScopedWin32Handle::ScopedWin32Handle( ScopedWin32Handle && other)",13,13
6,2,32,1,6,"DirectXCommonInternal::ScopedWin32Handle::operator =@14-19@engine\src\graphics\internal\DirectXCommonInternal.h","engine\src\graphics\internal\DirectXCommonInternal.h","DirectXCommonInternal::ScopedWin32Handle::operator =","DirectXCommonInternal::ScopedWin32Handle::operator =( ScopedWin32Handle && other)",14,19
3,1,9,0,3,"DirectXCommonInternal::ScopedWin32Handle::~ScopedWin32Handle@20-22@engine\src\graphics\internal\DirectXCommonInternal.h","engine\src\graphics\internal\DirectXCommonInternal.h","DirectXCommonInternal::ScopedWin32Handle::~ScopedWin32Handle","DirectXCommonInternal::ScopedWin32Handle::~ScopedWin32Handle()",20,22
3,1,10,0,3,"DirectXCommonInternal::ScopedWin32Handle::Get@24-26@engine\src\graphics\internal\DirectXCommonInternal.h","engine\src\graphics\internal\DirectXCommonInternal.h","DirectXCommonInternal::ScopedWin32Handle::Get","DirectXCommonInternal::ScopedWin32Handle::Get() const",24,26
3,1,13,0,3,"DirectXCommonInternal::ScopedWin32Handle::operator bool@27-29@engine\src\graphics\internal\DirectXCommonInternal.h","engine\src\graphics\internal\DirectXCommonInternal.h","DirectXCommonInternal::ScopedWin32Handle::operator bool","DirectXCommonInternal::ScopedWin32Handle::operator bool() const",27,29
6,2,27,1,6,"DirectXCommonInternal::ScopedWin32Handle::Reset@31-36@engine\src\graphics\internal\DirectXCommonInternal.h","engine\src\graphics\internal\DirectXCommonInternal.h","DirectXCommonInternal::ScopedWin32Handle::Reset","DirectXCommonInternal::ScopedWin32Handle::Reset( HANDLE handle = nullptr)",31,36
5,1,18,0,5,"DirectXCommonInternal::ScopedWin32Handle::Release@38-42@engine\src\graphics\internal\DirectXCommonInternal.h","engine\src\graphics\internal\DirectXCommonInternal.h","DirectXCommonInternal::ScopedWin32Handle::Release","DirectXCommonInternal::ScopedWin32Handle::Release()",38,42
9,3,48,2,9,"DirectXCommonInternal::LogIfFailed@48-56@engine\src\graphics\internal\DirectXCommonInternal.h","engine\src\graphics\internal\DirectXCommonInternal.h","DirectXCommonInternal::LogIfFailed","DirectXCommonInternal::LogIfFailed( HRESULT hr , const char * message)",48,56
14,7,162,1,15,"FrustumPlaneUtils::NormalizePlane@8-22@engine\src\graphics\internal\FrustumPlaneUtils.h","engine\src\graphics\internal\FrustumPlaneUtils.h","FrustumPlaneUtils::NormalizePlane","FrustumPlaneUtils::NormalizePlane( DirectX :: FXMVECTOR plane)",8,22
2,1,21,2,2,"GraphicsResourceScopes::ScopedUploadPass::ScopedUploadPass@16-17@engine\src\graphics\internal\GpuResourceScopes.h","engine\src\graphics\internal\GpuResourceScopes.h","GraphicsResourceScopes::ScopedUploadPass::ScopedUploadPass","GraphicsResourceScopes::ScopedUploadPass::ScopedUploadPass( DirectXCommon * dxCommon , bool active)",16,17
2,1,30,3,2,"GraphicsResourceScopes::ScopedUploadPass::ScopedUploadPass@18-19@engine\src\graphics\internal\GpuResourceScopes.h","engine\src\graphics\internal\GpuResourceScopes.h","GraphicsResourceScopes::ScopedUploadPass::ScopedUploadPass","GraphicsResourceScopes::ScopedUploadPass::ScopedUploadPass( DirectXCommon * dxCommon , TextureManager * textureManager , bool active)",18,19
4,1,39,4,4,"GraphicsResourceScopes::ScopedUploadPass::ScopedUploadPass@20-23@engine\src\graphics\internal\GpuResourceScopes.h","engine\src\graphics\internal\GpuResourceScopes.h","GraphicsResourceScopes::ScopedUploadPass::ScopedUploadPass","GraphicsResourceScopes::ScopedUploadPass::ScopedUploadPass( DirectXCommon * dxCommon , TextureManager * textureManager , MeshManager * meshManager , bool active)",20,23
6,3,25,0,6,"GraphicsResourceScopes::ScopedUploadPass::~ScopedUploadPass@25-30@engine\src\graphics\internal\GpuResourceScopes.h","engine\src\graphics\internal\GpuResourceScopes.h","GraphicsResourceScopes::ScopedUploadPass::~ScopedUploadPass","GraphicsResourceScopes::ScopedUploadPass::~ScopedUploadPass()",25,30
14,4,65,0,14,"GraphicsResourceScopes::ScopedUploadPass::Finish@35-48@engine\src\graphics\internal\GpuResourceScopes.h","engine\src\graphics\internal\GpuResourceScopes.h","GraphicsResourceScopes::ScopedUploadPass::Finish","GraphicsResourceScopes::ScopedUploadPass::Finish()",35,48
8,3,33,0,8,"GraphicsResourceScopes::ScopedUploadPass::ReleaseUploadBuffers@51-58@engine\src\graphics\internal\GpuResourceScopes.h","engine\src\graphics\internal\GpuResourceScopes.h","GraphicsResourceScopes::ScopedUploadPass::ReleaseUploadBuffers","GraphicsResourceScopes::ScopedUploadPass::ReleaseUploadBuffers()",51,58
1,1,13,1,1,"GraphicsResourceScopes::ScopedSrvAllocations::ScopedSrvAllocations@68-68@engine\src\graphics\internal\GpuResourceScopes.h","engine\src\graphics\internal\GpuResourceScopes.h","GraphicsResourceScopes::ScopedSrvAllocations::ScopedSrvAllocations","GraphicsResourceScopes::ScopedSrvAllocations::ScopedSrvAllocations( SrvManager * srvManager)",68,68
8,3,31,0,8,"GraphicsResourceScopes::ScopedSrvAllocations::~ScopedSrvAllocations@70-77@engine\src\graphics\internal\GpuResourceScopes.h","engine\src\graphics\internal\GpuResourceScopes.h","GraphicsResourceScopes::ScopedSrvAllocations::~ScopedSrvAllocations","GraphicsResourceScopes::ScopedSrvAllocations::~ScopedSrvAllocations()",70,77
16,5,73,0,16,"GraphicsResourceScopes::ScopedSrvAllocations::Allocate@82-97@engine\src\graphics\internal\GpuResourceScopes.h","engine\src\graphics\internal\GpuResourceScopes.h","GraphicsResourceScopes::ScopedSrvAllocations::Allocate","GraphicsResourceScopes::ScopedSrvAllocations::Allocate()",82,97
3,1,11,0,3,"GraphicsResourceScopes::ScopedSrvAllocations::Commit@99-101@engine\src\graphics\internal\GpuResourceScopes.h","engine\src\graphics\internal\GpuResourceScopes.h","GraphicsResourceScopes::ScopedSrvAllocations::Commit","GraphicsResourceScopes::ScopedSrvAllocations::Commit()",99,101
4,2,30,1,4,"PostProcessProfileUtils::HasSpecial@7-10@engine\src\graphics\internal\PostProcessProfileUtils.h","engine\src\graphics\internal\PostProcessProfileUtils.h","PostProcessProfileUtils::HasSpecial","PostProcessProfileUtils::HasSpecial( const PostProcessProfile & profile)",7,10
5,4,45,1,5,"PostProcessProfileUtils::HasVignette@12-16@engine\src\graphics\internal\PostProcessProfileUtils.h","engine\src\graphics\internal\PostProcessProfileUtils.h","PostProcessProfileUtils::HasVignette","PostProcessProfileUtils::HasVignette( const PostProcessProfile & profile)",12,16
4,2,29,1,4,"PostProcessProfileUtils::HasRandomNoise@18-21@engine\src\graphics\internal\PostProcessProfileUtils.h","engine\src\graphics\internal\PostProcessProfileUtils.h","PostProcessProfileUtils::HasRandomNoise","PostProcessProfileUtils::HasRandomNoise( const PostProcessProfile & profile)",18,21
3,2,25,1,3,"PostProcessProfileUtils::HasToon@23-25@engine\src\graphics\internal\PostProcessProfileUtils.h","engine\src\graphics\internal\PostProcessProfileUtils.h","PostProcessProfileUtils::HasToon","PostProcessProfileUtils::HasToon( const PostProcessProfile & profile)",23,25
9,2,54,1,10,"PostProcessProfileUtils::EnsureFinalToneMapEnabled@27-36@engine\src\graphics\internal\PostProcessProfileUtils.h","engine\src\graphics\internal\PostProcessProfileUtils.h","PostProcessProfileUtils::EnsureFinalToneMapEnabled","PostProcessProfileUtils::EnsureFinalToneMapEnabled( PostProcessProfile & profile)",27,36
7,3,34,0,7,"PostProcessSystem::ConstantFrame::Reset@35-41@engine\src\graphics\internal\PostProcessSystemInternal.h","engine\src\graphics\internal\PostProcessSystemInternal.h","PostProcessSystem::ConstantFrame::Reset","PostProcessSystem::ConstantFrame::Reset()",35,41
20,6,135,3,21,"RootSignatureUtils::CreateRootSignature@9-29@engine\src\graphics\internal\RootSignatureUtils.h","engine\src\graphics\internal\RootSignatureUtils.h","RootSignatureUtils::CreateRootSignature","RootSignatureUtils::CreateRootSignature( ID3D12Device * device , const D3D12_ROOT_SIGNATURE_DESC & desc , Microsoft :: WRL :: ComPtr<ID3D12RootSignature> & rootSignature)",9,29
24,6,134,4,28,"SrvDescriptorAllocation::Allocate@11-38@engine\src\graphics\internal\SrvDescriptorAllocation.h","engine\src\graphics\internal\SrvDescriptorAllocation.h","SrvDescriptorAllocation::Allocate","SrvDescriptorAllocation::Allocate( SrvManager * srvManager , uint32_t & index , D3D12_CPU_DESCRIPTOR_HANDLE & cpuHandle , D3D12_GPU_DESCRIPTOR_HANDLE & gpuHandle)",11,38
6,3,37,2,6,"SrvDescriptorAllocation::Release@40-45@engine\src\graphics\internal\SrvDescriptorAllocation.h","engine\src\graphics\internal\SrvDescriptorAllocation.h","SrvDescriptorAllocation::Release","SrvDescriptorAllocation::Release( SrvManager * srvManager , uint32_t & index)",40,45
15,1,278,1,16,"Frustum::Build@17-32@engine\src\graphics\Culling.cpp","engine\src\graphics\Culling.cpp","Frustum::Build","Frustum::Build( const XMMATRIX & viewProjection)",17,32
3,1,20,1,3,"Frustum::Build@34-36@engine\src\graphics\Culling.cpp","engine\src\graphics\Culling.cpp","Frustum::Build","Frustum::Build( const Camera & camera)",34,36
22,5,313,2,24,"Frustum::IntersectsAABB@38-61@engine\src\graphics\Culling.cpp","engine\src\graphics\Culling.cpp","Frustum::IntersectsAABB","Frustum::IntersectsAABB( const XMFLOAT3 & min , const XMFLOAT3 & max) const",38,61
15,7,111,3,17,"LODSelector::Select@63-79@engine\src\graphics\Culling.cpp","engine\src\graphics\Culling.cpp","LODSelector::Select","LODSelector::Select( float distance , const LODRange * ranges , uint32_t rangeCount)",63,79
3,1,25,1,3,"HalfCeil@24-26@engine\src\graphics\DepthPyramid.cpp","engine\src\graphics\DepthPyramid.cpp","HalfCeil","HalfCeil( uint32_t value)",24,26
9,4,55,2,9,"CalculateMipCount@28-36@engine\src\graphics\DepthPyramid.cpp","engine\src\graphics\DepthPyramid.cpp","CalculateMipCount","CalculateMipCount( uint32_t width , uint32_t height)",28,36
1,1,19,0,1,"DepthPyramid::DepthPyramid@40-40@engine\src\graphics\DepthPyramid.cpp","engine\src\graphics\DepthPyramid.cpp","DepthPyramid::DepthPyramid","DepthPyramid::DepthPyramid()",40,40
3,1,12,0,3,"DepthPyramid::~DepthPyramid@42-44@engine\src\graphics\DepthPyramid.cpp","engine\src\graphics\DepthPyramid.cpp","DepthPyramid::~DepthPyramid","DepthPyramid::~DepthPyramid()",42,44
5,7,43,0,5,"DepthPyramid::IsReady@46-50@engine\src\graphics\DepthPyramid.cpp","engine\src\graphics\DepthPyramid.cpp","DepthPyramid::IsReady","DepthPyramid::IsReady() const",46,50
3,1,13,0,3,"DepthPyramid::GetGpuHandle@52-54@engine\src\graphics\DepthPyramid.cpp","engine\src\graphics\DepthPyramid.cpp","DepthPyramid::GetGpuHandle","DepthPyramid::GetGpuHandle() const",52,54
3,1,13,0,3,"DepthPyramid::GetWidth@56-58@engine\src\graphics\DepthPyramid.cpp","engine\src\graphics\DepthPyramid.cpp","DepthPyramid::GetWidth","DepthPyramid::GetWidth() const",56,58
3,1,13,0,3,"DepthPyramid::GetHeight@60-62@engine\src\graphics\DepthPyramid.cpp","engine\src\graphics\DepthPyramid.cpp","DepthPyramid::GetHeight","DepthPyramid::GetHeight() const",60,62
3,1,13,0,3,"DepthPyramid::GetMipCount@64-66@engine\src\graphics\DepthPyramid.cpp","engine\src\graphics\DepthPyramid.cpp","DepthPyramid::GetMipCount","DepthPyramid::GetMipCount() const",64,66
14,7,82,4,15,"DepthPyramid::Initialize@68-82@engine\src\graphics\DepthPyramid.cpp","engine\src\graphics\DepthPyramid.cpp","DepthPyramid::Initialize","DepthPyramid::Initialize( DirectXCommon * dxCommon , SrvManager * srvManager , uint32_t width , uint32_t height)",68,82
3,1,13,0,3,"DepthPyramid::Release@84-86@engine\src\graphics\DepthPyramid.cpp","engine\src\graphics\DepthPyramid.cpp","DepthPyramid::Release","DepthPyramid::Release()",84,86
19,3,98,1,19,"DepthPyramid::Release@88-106@engine\src\graphics\DepthPyramid.cpp","engine\src\graphics\DepthPyramid.cpp","DepthPyramid::Release","DepthPyramid::Release( bool allowFrameAbort)",88,106
23,10,153,2,24,"DepthPyramid::Resize@108-131@engine\src\graphics\DepthPyramid.cpp","engine\src\graphics\DepthPyramid.cpp","DepthPyramid::Resize","DepthPyramid::Resize( uint32_t width , uint32_t height)",108,131
31,10,184,1,36,"DepthPyramid::Build@133-168@engine\src\graphics\DepthPyramid.cpp","engine\src\graphics\DepthPyramid.cpp","DepthPyramid::Build","DepthPyramid::Build( D3D12_GPU_DESCRIPTOR_HANDLE sceneDepth)",133,168
16,6,102,0,16,"DepthPyramid::ValidateBuildDescriptors@170-185@engine\src\graphics\DepthPyramid.cpp","engine\src\graphics\DepthPyramid.cpp","DepthPyramid::ValidateBuildDescriptors","DepthPyramid::ValidateBuildDescriptors() const",170,185
7,1,60,2,7,"DepthPyramid::BindBuildPipeline@187-193@engine\src\graphics\DepthPyramid.cpp","engine\src\graphics\DepthPyramid.cpp","DepthPyramid::BindBuildPipeline","DepthPyramid::BindBuildPipeline( ID3D12GraphicsCommandList * commandList , ID3D12DescriptorHeap * heap) const",187,193
38,7,329,7,42,"DepthPyramid::DispatchBuildMip@195-236@engine\src\graphics\DepthPyramid.cpp","engine\src\graphics\DepthPyramid.cpp","DepthPyramid::DispatchBuildMip","DepthPyramid::DispatchBuildMip( ID3D12GraphicsCommandList * commandList , D3D12_GPU_DESCRIPTOR_HANDLE sceneDepth , uint32_t mip , uint32_t & sourceWidth , uint32_t & sourceHeight , uint32_t & targetWidth , uint32_t & targetHeight)",195,236
33,7,265,0,40,"DepthPyramid::CreatePipeline@238-277@engine\src\graphics\DepthPyramid.cpp","engine\src\graphics\DepthPyramid.cpp","DepthPyramid::CreatePipeline","DepthPyramid::CreatePipeline()",238,277
98,18,682,2,108,"DepthPyramid::CreateResources@279-386@engine\src\graphics\DepthPyramid.cpp","engine\src\graphics\DepthPyramid.cpp","DepthPyramid::CreateResources","DepthPyramid::CreateResources( uint32_t width , uint32_t height)",279,386
3,1,13,0,3,"DepthPyramid::ReleaseResources@388-390@engine\src\graphics\DepthPyramid.cpp","engine\src\graphics\DepthPyramid.cpp","DepthPyramid::ReleaseResources","DepthPyramid::ReleaseResources()",388,390
13,3,69,1,13,"DepthPyramid::ReleaseResources@392-404@engine\src\graphics\DepthPyramid.cpp","engine\src\graphics\DepthPyramid.cpp","DepthPyramid::ReleaseResources","DepthPyramid::ReleaseResources( bool allowFrameAbort)",392,404
8,4,53,2,8,"DepthPyramid::FreeDescriptorRange@406-413@engine\src\graphics\DepthPyramid.cpp","engine\src\graphics\DepthPyramid.cpp","DepthPyramid::FreeDescriptorRange","DepthPyramid::FreeDescriptorRange( uint32_t start , uint32_t count)",406,413
6,1,37,0,6,"DepthPyramid::FreeDescriptors@415-420@engine\src\graphics\DepthPyramid.cpp","engine\src\graphics\DepthPyramid.cpp","DepthPyramid::FreeDescriptors","DepthPyramid::FreeDescriptors()",415,420
26,8,181,2,28,"DepthPyramid::TransitionSubresource@422-449@engine\src\graphics\DepthPyramid.cpp","engine\src\graphics\DepthPyramid.cpp","DepthPyramid::TransitionSubresource","DepthPyramid::TransitionSubresource( uint32_t mip , D3D12_RESOURCE_STATES state)",422,449
1,1,19,0,1,"DirectXCommon::DirectXCommon@17-17@engine\src\graphics\DirectXCommon.cpp","engine\src\graphics\DirectXCommon.cpp","DirectXCommon::DirectXCommon","DirectXCommon::DirectXCommon()",17,17
3,1,11,0,3,"DirectXCommon::~DirectXCommon@19-21@engine\src\graphics\DirectXCommon.cpp","engine\src\graphics\DirectXCommon.cpp","DirectXCommon::~DirectXCommon","DirectXCommon::~DirectXCommon()",19,21
3,3,27,0,3,"DirectXCommon::IsInitialized@23-25@engine\src\graphics\DirectXCommon.cpp","engine\src\graphics\DirectXCommon.cpp","DirectXCommon::IsInitialized","DirectXCommon::IsInitialized() const",23,25
3,4,25,0,3,"DirectXCommon::IsReadyForRendering@27-29@engine\src\graphics\DirectXCommon.cpp","engine\src\graphics\DirectXCommon.cpp","DirectXCommon::IsReadyForRendering","DirectXCommon::IsReadyForRendering() const",27,29
3,1,17,0,3,"DirectXCommon::GetDevice@31-33@engine\src\graphics\DirectXCommon.cpp","engine\src\graphics\DirectXCommon.cpp","DirectXCommon::GetDevice","DirectXCommon::GetDevice() const",31,33
3,1,17,0,3,"DirectXCommon::GetCommandQueue@35-37@engine\src\graphics\DirectXCommon.cpp","engine\src\graphics\DirectXCommon.cpp","DirectXCommon::GetCommandQueue","DirectXCommon::GetCommandQueue() const",35,37
3,2,23,0,3,"DirectXCommon::GetCommandList@39-41@engine\src\graphics\DirectXCommon.cpp","engine\src\graphics\DirectXCommon.cpp","DirectXCommon::GetCommandList","DirectXCommon::GetCommandList() const",39,41
3,1,13,0,3,"DirectXCommon::IsCommandListRecording@43-45@engine\src\graphics\DirectXCommon.cpp","engine\src\graphics\DirectXCommon.cpp","DirectXCommon::IsCommandListRecording","DirectXCommon::IsCommandListRecording() const",43,45
3,1,13,0,3,"DirectXCommon::IsUploadPassActive@47-49@engine\src\graphics\DirectXCommon.cpp","engine\src\graphics\DirectXCommon.cpp","DirectXCommon::IsUploadPassActive","DirectXCommon::IsUploadPassActive() const",47,49
3,1,13,0,3,"DirectXCommon::GetBackBufferIndex@51-53@engine\src\graphics\DirectXCommon.cpp","engine\src\graphics\DirectXCommon.cpp","DirectXCommon::GetBackBufferIndex","DirectXCommon::GetBackBufferIndex() const",51,53
4,2,32,0,4,"DirectXCommon::GetSceneWidth@55-58@engine\src\graphics\DirectXCommon.cpp","engine\src\graphics\DirectXCommon.cpp","DirectXCommon::GetSceneWidth","DirectXCommon::GetSceneWidth() const",55,58
4,2,32,0,4,"DirectXCommon::GetSceneHeight@60-63@engine\src\graphics\DirectXCommon.cpp","engine\src\graphics\DirectXCommon.cpp","DirectXCommon::GetSceneHeight","DirectXCommon::GetSceneHeight() const",60,63
3,1,17,0,3,"DirectXCommon::GetSceneColorBuffer@65-67@engine\src\graphics\DirectXCommon.cpp","engine\src\graphics\DirectXCommon.cpp","DirectXCommon::GetSceneColorBuffer","DirectXCommon::GetSceneColorBuffer() const",65,67
3,1,13,0,3,"DirectXCommon::GetSceneSrvIndex@69-71@engine\src\graphics\DirectXCommon.cpp","engine\src\graphics\DirectXCommon.cpp","DirectXCommon::GetSceneSrvIndex","DirectXCommon::GetSceneSrvIndex() const",69,71
3,1,15,0,3,"DirectXCommon::GetAdapterVendorId@73-75@engine\src\graphics\DirectXCommon.cpp","engine\src\graphics\DirectXCommon.cpp","DirectXCommon::GetAdapterVendorId","DirectXCommon::GetAdapterVendorId() const",73,75
3,1,17,0,3,"DirectXCommon::IsIntelAdapter@77-79@engine\src\graphics\DirectXCommon.cpp","engine\src\graphics\DirectXCommon.cpp","DirectXCommon::IsIntelAdapter","DirectXCommon::IsIntelAdapter() const",77,79
3,1,15,0,3,"DirectXCommon::GetAdapterDescription@81-83@engine\src\graphics\DirectXCommon.cpp","engine\src\graphics\DirectXCommon.cpp","DirectXCommon::GetAdapterDescription","DirectXCommon::GetAdapterDescription() const",81,83
40,11,223,3,40,"DirectXCommon::Initialize@85-124@engine\src\graphics\DirectXCommon.cpp","engine\src\graphics\DirectXCommon.cpp","DirectXCommon::Initialize","DirectXCommon::Initialize( HWND hwnd , int width , int height)",85,124
26,7,142,0,27,"DirectXCommon::BeginFrame@126-152@engine\src\graphics\DirectXCommon.cpp","engine\src\graphics\DirectXCommon.cpp","DirectXCommon::BeginFrame","DirectXCommon::BeginFrame()",126,152
49,11,324,0,54,"DirectXCommon::EndFrame@153-206@engine\src\graphics\DirectXCommon.cpp","engine\src\graphics\DirectXCommon.cpp","DirectXCommon::EndFrame","DirectXCommon::EndFrame()",153,206
17,3,81,0,19,"DirectXCommon::AbortFrame@207-225@engine\src\graphics\DirectXCommon.cpp","engine\src\graphics\DirectXCommon.cpp","DirectXCommon::AbortFrame","DirectXCommon::AbortFrame()",207,225
43,15,291,2,49,"DirectXCommon::Resize@227-275@engine\src\graphics\DirectXCommon.cpp","engine\src\graphics\DirectXCommon.cpp","DirectXCommon::Resize","DirectXCommon::Resize( int width , int height)",227,275
32,8,162,0,34,"DirectXCommon::BeginUpload@277-310@engine\src\graphics\DirectXCommon.cpp","engine\src\graphics\DirectXCommon.cpp","DirectXCommon::BeginUpload","DirectXCommon::BeginUpload()",277,310
35,6,197,0,38,"DirectXCommon::EndUploadPass@312-349@engine\src\graphics\DirectXCommon.cpp","engine\src\graphics\DirectXCommon.cpp","DirectXCommon::EndUploadPass","DirectXCommon::EndUploadPass()",312,349
3,1,16,0,3,"DirectXCommon::EndUpload@351-353@engine\src\graphics\DirectXCommon.cpp","engine\src\graphics\DirectXCommon.cpp","DirectXCommon::EndUpload","DirectXCommon::EndUpload()",351,353
23,6,150,0,25,"DirectXCommon::WaitForGpu@355-379@engine\src\graphics\DirectXCommon.cpp","engine\src\graphics\DirectXCommon.cpp","DirectXCommon::WaitForGpu","DirectXCommon::WaitForGpu()",355,379
3,1,12,0,3,"DirectXCommon::WaitForGpuIfPossible@381-383@engine\src\graphics\DirectXCommon.cpp","engine\src\graphics\DirectXCommon.cpp","DirectXCommon::WaitForGpuIfPossible","DirectXCommon::WaitForGpuIfPossible()",381,383
18,5,97,1,19,"DirectXCommon::CreateDepthStencilSrv@385-403@engine\src\graphics\DirectXCommon.cpp","engine\src\graphics\DirectXCommon.cpp","DirectXCommon::CreateDepthStencilSrv","DirectXCommon::CreateDepthStencilSrv( SrvManager * srvManager)",385,403
16,5,83,1,17,"DirectXCommon::RegisterSceneColorSRV@405-421@engine\src\graphics\DirectXCommon.cpp","engine\src\graphics\DirectXCommon.cpp","DirectXCommon::RegisterSceneColorSRV","DirectXCommon::RegisterSceneColorSRV( SrvManager * srvManager)",405,421
18,4,105,0,20,"DirectXCommon::ReleaseRegisteredSrvs@423-442@engine\src\graphics\DirectXCommon.cpp","engine\src\graphics\DirectXCommon.cpp","DirectXCommon::ReleaseRegisteredSrvs","DirectXCommon::ReleaseRegisteredSrvs()",423,442
6,3,35,1,6,"DirectXCommon::ReserveFrameRollbacks@6-11@engine\src\graphics\DirectXCommonFrameRecovery.cpp","engine\src\graphics\DirectXCommonFrameRecovery.cpp","DirectXCommon::ReserveFrameRollbacks","DirectXCommon::ReserveFrameRollbacks( size_t additional)",6,11
3,1,29,1,3,"DirectXCommon::RegisterFrameRollback@13-15@engine\src\graphics\DirectXCommonFrameRecovery.cpp","engine\src\graphics\DirectXCommonFrameRecovery.cpp","DirectXCommon::RegisterFrameRollback","DirectXCommon::RegisterFrameRollback( std :: function<void()> rollback)",13,15
6,3,53,2,6,"DirectXCommon::RegisterFrameRollback@17-22@engine\src\graphics\DirectXCommonFrameRecovery.cpp","engine\src\graphics\DirectXCommonFrameRecovery.cpp","DirectXCommon::RegisterFrameRollback","DirectXCommon::RegisterFrameRollback( const * owner , std :: function<void()> rollback)",17,22
3,1,21,1,3,"DirectXCommon::UnregisterFrameRollbacks@24-26@engine\src\graphics\DirectXCommonFrameRecovery.cpp","engine\src\graphics\DirectXCommonFrameRecovery.cpp","DirectXCommon::UnregisterFrameRollbacks","DirectXCommon::UnregisterFrameRollbacks( const * owner)",24,26
9,2,67,0,9,"DirectXCommon::SnapshotFrameResourceStates@28-36@engine\src\graphics\DirectXCommonFrameRecovery.cpp","engine\src\graphics\DirectXCommonFrameRecovery.cpp","DirectXCommon::SnapshotFrameResourceStates","DirectXCommon::SnapshotFrameResourceStates()",28,36
12,3,81,0,12,"DirectXCommon::RestoreFrameResourceStates@38-49@engine\src\graphics\DirectXCommonFrameRecovery.cpp","engine\src\graphics\DirectXCommonFrameRecovery.cpp","DirectXCommon::RestoreFrameResourceStates","DirectXCommon::RestoreFrameResourceStates()",38,49
3,1,16,0,3,"DirectXCommon::ClearFrameResourceStateSnapshot@51-53@engine\src\graphics\DirectXCommonFrameRecovery.cpp","engine\src\graphics\DirectXCommonFrameRecovery.cpp","DirectXCommon::ClearFrameResourceStateSnapshot","DirectXCommon::ClearFrameResourceStateSnapshot()",51,53
3,1,16,0,3,"DirectXCommon::RestoreFrameRollbacks@55-57@engine\src\graphics\DirectXCommonFrameRecovery.cpp","engine\src\graphics\DirectXCommonFrameRecovery.cpp","DirectXCommon::RestoreFrameRollbacks","DirectXCommon::RestoreFrameRollbacks()",55,57
3,1,16,0,3,"DirectXCommon::ClearFrameRollbacks@59-61@engine\src\graphics\DirectXCommonFrameRecovery.cpp","engine\src\graphics\DirectXCommonFrameRecovery.cpp","DirectXCommon::ClearFrameRollbacks","DirectXCommon::ClearFrameRollbacks()",59,61
5,1,24,0,5,"DirectXCommon::BeginScenePass@10-14@engine\src\graphics\DirectXCommonPasses.cpp","engine\src\graphics\DirectXCommonPasses.cpp","DirectXCommon::BeginScenePass","DirectXCommon::BeginScenePass()",10,14
5,1,26,1,5,"DirectXCommon::RestoreSceneRenderState@16-20@engine\src\graphics\DirectXCommonPasses.cpp","engine\src\graphics\DirectXCommonPasses.cpp","DirectXCommon::RestoreSceneRenderState","DirectXCommon::RestoreSceneRenderState( bool clearDepth)",16,20
14,3,71,0,14,"DirectXCommon::BeginSceneColorOverlayPass@22-35@engine\src\graphics\DirectXCommonPasses.cpp","engine\src\graphics\DirectXCommonPasses.cpp","DirectXCommon::BeginSceneColorOverlayPass","DirectXCommon::BeginSceneColorOverlayPass()",22,35
9,4,68,0,9,"DirectXCommon::ClearDepth@37-45@engine\src\graphics\DirectXCommonPasses.cpp","engine\src\graphics\DirectXCommonPasses.cpp","DirectXCommon::ClearDepth","DirectXCommon::ClearDepth()",37,45
7,2,28,0,7,"DirectXCommon::EndScenePass@47-53@engine\src\graphics\DirectXCommonPasses.cpp","engine\src\graphics\DirectXCommonPasses.cpp","DirectXCommon::EndScenePass","DirectXCommon::EndScenePass()",47,53
8,2,41,1,9,"DirectXCommon::BeginBackBufferPass@55-63@engine\src\graphics\DirectXCommonPasses.cpp","engine\src\graphics\DirectXCommonPasses.cpp","DirectXCommon::BeginBackBufferPass","DirectXCommon::BeginBackBufferPass( bool bindDepth)",55,63
28,8,159,2,31,"DirectXCommon::SetBackBufferRenderTarget@65-95@engine\src\graphics\DirectXCommonPasses.cpp","engine\src\graphics\DirectXCommonPasses.cpp","DirectXCommon::SetBackBufferRenderTarget","DirectXCommon::SetBackBufferRenderTarget( bool clear , bool bindDepth)",65,95
8,2,48,0,8,"DirectXCommon::ApplySceneViewportAndScissor@97-104@engine\src\graphics\DirectXCommonPasses.cpp","engine\src\graphics\DirectXCommonPasses.cpp","DirectXCommon::ApplySceneViewportAndScissor","DirectXCommon::ApplySceneViewportAndScissor()",97,104
19,7,133,2,21,"DirectXCommon::BindSceneRenderTarget@106-126@engine\src\graphics\DirectXCommonPasses.cpp","engine\src\graphics\DirectXCommonPasses.cpp","DirectXCommon::BindSceneRenderTarget","DirectXCommon::BindSceneRenderTarget( bool clearColor , bool clearDepth)",106,126
11,4,80,1,12,"DirectXCommon::TransitionSceneColor@128-139@engine\src\graphics\DirectXCommonPasses.cpp","engine\src\graphics\DirectXCommonPasses.cpp","DirectXCommon::TransitionSceneColor","DirectXCommon::TransitionSceneColor( D3D12_RESOURCE_STATES afterState)",128,139
12,5,102,2,13,"DirectXCommon::TransitionBackBuffer@141-153@engine\src\graphics\DirectXCommonPasses.cpp","engine\src\graphics\DirectXCommonPasses.cpp","DirectXCommon::TransitionBackBuffer","DirectXCommon::TransitionBackBuffer( UINT index , D3D12_RESOURCE_STATES afterState)",141,153
13,4,86,0,14,"DirectXCommon::TransitionDepthToShaderResource@155-168@engine\src\graphics\DirectXCommonPasses.cpp","engine\src\graphics\DirectXCommonPasses.cpp","DirectXCommon::TransitionDepthToShaderResource","DirectXCommon::TransitionDepthToShaderResource()",155,168
12,4,78,0,13,"DirectXCommon::TransitionDepthToWrite@170-182@engine\src\graphics\DirectXCommonPasses.cpp","engine\src\graphics\DirectXCommonPasses.cpp","DirectXCommon::TransitionDepthToWrite","DirectXCommon::TransitionDepthToWrite()",170,182
3,1,32,1,3,"DirectXCommon::SetClearColor@184-186@engine\src\graphics\DirectXCommonPasses.cpp","engine\src\graphics\DirectXCommonPasses.cpp","DirectXCommon::SetClearColor","DirectXCommon::SetClearColor( const DirectX :: XMFLOAT4 & color)",184,186
6,1,110,4,6,"DirectXCommon::SetClearColor@188-193@engine\src\graphics\DirectXCommonPasses.cpp","engine\src\graphics\DirectXCommonPasses.cpp","DirectXCommon::SetClearColor","DirectXCommon::SetClearColor( float r , float g , float b , float a)",188,193
6,1,55,0,6,"DirectXCommon::ResetClearColor@195-200@engine\src\graphics\DirectXCommonPasses.cpp","engine\src\graphics\DirectXCommonPasses.cpp","DirectXCommon::ResetClearColor","DirectXCommon::ResetClearColor()",195,200
24,6,138,1,27,"PickHighPerformanceAdapter@16-42@engine\src\graphics\DirectXCommonResources.cpp","engine\src\graphics\DirectXCommonResources.cpp","PickHighPerformanceAdapter","PickHighPerformanceAdapter( IDXGIFactory7 * factory)",16,42
3,2,24,0,3,"DirectXCommon::IsDeviceRemoved@46-48@engine\src\graphics\DirectXCommonResources.cpp","engine\src\graphics\DirectXCommonResources.cpp","DirectXCommon::IsDeviceRemoved","DirectXCommon::IsDeviceRemoved() const",46,48
6,2,35,0,6,"DirectXCommon::CreateFactory@49-54@engine\src\graphics\DirectXCommonResources.cpp","engine\src\graphics\DirectXCommonResources.cpp","DirectXCommon::CreateFactory","DirectXCommon::CreateFactory()",49,54
28,9,221,0,31,"DirectXCommon::CreateDevice@56-86@engine\src\graphics\DirectXCommonResources.cpp","engine\src\graphics\DirectXCommonResources.cpp","DirectXCommon::CreateDevice","DirectXCommon::CreateDevice()",56,86
13,4,75,0,13,"DirectXCommon::CreateCommandQueue@88-100@engine\src\graphics\DirectXCommonResources.cpp","engine\src\graphics\DirectXCommonResources.cpp","DirectXCommon::CreateCommandQueue","DirectXCommon::CreateCommandQueue()",88,100
18,5,114,0,18,"DirectXCommon::CreateCommandAllocator@102-119@engine\src\graphics\DirectXCommonResources.cpp","engine\src\graphics\DirectXCommonResources.cpp","DirectXCommon::CreateCommandAllocator","DirectXCommon::CreateCommandAllocator()",102,119
18,6,121,0,19,"DirectXCommon::CreateCommandList@121-139@engine\src\graphics\DirectXCommonResources.cpp","engine\src\graphics\DirectXCommonResources.cpp","DirectXCommon::CreateCommandList","DirectXCommon::CreateCommandList()",121,139
26,10,197,3,29,"DirectXCommon::CreateSwapChain@141-169@engine\src\graphics\DirectXCommonResources.cpp","engine\src\graphics\DirectXCommonResources.cpp","DirectXCommon::CreateSwapChain","DirectXCommon::CreateSwapChain( HWND hwnd , int width , int height)",141,169
44,8,359,0,53,"DirectXCommon::CreateRTV@171-223@engine\src\graphics\DirectXCommonResources.cpp","engine\src\graphics\DirectXCommonResources.cpp","DirectXCommon::CreateRTV","DirectXCommon::CreateRTV()",171,223
47,8,336,2,53,"DirectXCommon::CreateSceneRenderTarget@225-277@engine\src\graphics\DirectXCommonResources.cpp","engine\src\graphics\DirectXCommonResources.cpp","DirectXCommon::CreateSceneRenderTarget","DirectXCommon::CreateSceneRenderTarget( int width , int height)",225,277
8,1,76,2,8,"DirectXCommon::CreateViewport@279-286@engine\src\graphics\DirectXCommonResources.cpp","engine\src\graphics\DirectXCommonResources.cpp","DirectXCommon::CreateViewport","DirectXCommon::CreateViewport( int width , int height)",279,286
6,1,44,2,6,"DirectXCommon::CreateScissor@288-293@engine\src\graphics\DirectXCommonResources.cpp","engine\src\graphics\DirectXCommonResources.cpp","DirectXCommon::CreateScissor","DirectXCommon::CreateScissor( int width , int height)",288,293
51,8,329,2,59,"DirectXCommon::CreateDepthStencil@295-353@engine\src\graphics\DirectXCommonResources.cpp","engine\src\graphics\DirectXCommonResources.cpp","DirectXCommon::CreateDepthStencil","DirectXCommon::CreateDepthStencil( int width , int height)",295,353
23,7,158,0,25,"DirectXCommon::UpdateDepthStencilSrv@355-379@engine\src\graphics\DirectXCommonResources.cpp","engine\src\graphics\DirectXCommonResources.cpp","DirectXCommon::UpdateDepthStencilSrv","DirectXCommon::UpdateDepthStencilSrv()",355,379
18,6,130,0,20,"DirectXCommon::UpdateSceneColorSrv@381-400@engine\src\graphics\DirectXCommonResources.cpp","engine\src\graphics\DirectXCommonResources.cpp","DirectXCommon::UpdateSceneColorSrv","DirectXCommon::UpdateSceneColorSrv()",381,400
9,4,65,0,9,"DirectXCommon::GetBackBufferRtvHandle@401-409@engine\src\graphics\DirectXCommonResources.cpp","engine\src\graphics\DirectXCommonResources.cpp","DirectXCommon::GetBackBufferRtvHandle","DirectXCommon::GetBackBufferRtvHandle() const",401,409
8,3,57,0,9,"DirectXCommon::GetSceneRtvHandle@411-419@engine\src\graphics\DirectXCommonResources.cpp","engine\src\graphics\DirectXCommonResources.cpp","DirectXCommon::GetSceneRtvHandle","DirectXCommon::GetSceneRtvHandle() const",411,419
6,3,35,0,7,"DirectXCommon::GetDepthStencilView@421-427@engine\src\graphics\DirectXCommonResources.cpp","engine\src\graphics\DirectXCommonResources.cpp","DirectXCommon::GetDepthStencilView","DirectXCommon::GetDepthStencilView() const",421,427
7,4,40,0,8,"DirectXCommon::GetDepthStencilGpuHandle@430-437@engine\src\graphics\DirectXCommonResources.cpp","engine\src\graphics\DirectXCommonResources.cpp","DirectXCommon::GetDepthStencilGpuHandle","DirectXCommon::GetDepthStencilGpuHandle() const",430,437
9,4,53,1,10,"DirectXCommon::GetSceneSrvGpuHandle@440-449@engine\src\graphics\DirectXCommonResources.cpp","engine\src\graphics\DirectXCommonResources.cpp","DirectXCommon::GetSceneSrvGpuHandle","DirectXCommon::GetSceneSrvGpuHandle( const SrvManager * srvManager) const",440,449
9,8,92,0,10,"DirectXCommon::HasFrameResources@11-20@engine\src\graphics\DirectXCommonSync.cpp","engine\src\graphics\DirectXCommonSync.cpp","DirectXCommon::HasFrameResources","DirectXCommon::HasFrameResources() const",11,20
18,5,111,0,19,"DirectXCommon::CreateFence@22-40@engine\src\graphics\DirectXCommonSync.cpp","engine\src\graphics\DirectXCommonSync.cpp","DirectXCommon::CreateFence","DirectXCommon::CreateFence()",22,40
14,7,101,1,16,"DirectXCommon::WaitForFrame@42-57@engine\src\graphics\DirectXCommonSync.cpp","engine\src\graphics\DirectXCommonSync.cpp","DirectXCommon::WaitForFrame","DirectXCommon::WaitForFrame( UINT frameIndex)",42,57
3,1,20,1,3,"DirectXCommon::TrackGpuPhase@59-61@engine\src\graphics\DirectXCommonSync.cpp","engine\src\graphics\DirectXCommonSync.cpp","DirectXCommon::TrackGpuPhase","DirectXCommon::TrackGpuPhase( const char * phase)",59,61
3,1,18,1,3,"DxUtils::Align256@5-7@engine\src\graphics\DxUtils.cpp","engine\src\graphics\DxUtils.cpp","DxUtils::Align256","DxUtils::Align256( UINT size)",5,7
13,1,108,4,14,"DxUtils::ConfigureViewportAndScissor@9-22@engine\src\graphics\DxUtils.cpp","engine\src\graphics\DxUtils.cpp","DxUtils::ConfigureViewportAndScissor","DxUtils::ConfigureViewportAndScissor( UINT width , UINT height , D3D12_VIEWPORT & viewport , D3D12_RECT & scissorRect)",9,22
10,1,58,1,10,"DxUtils::ConfigureAlphaBlend@24-33@engine\src\graphics\DxUtils.cpp","engine\src\graphics\DxUtils.cpp","DxUtils::ConfigureAlphaBlend","DxUtils::ConfigureAlphaBlend( D3D12_RENDER_TARGET_BLEND_DESC & renderTarget)",24,33
16,1,100,3,17,"DxUtils::ConfigureFullscreenTrianglePipeline@35-51@engine\src\graphics\DxUtils.cpp","engine\src\graphics\DxUtils.cpp","DxUtils::ConfigureFullscreenTrianglePipeline","DxUtils::ConfigureFullscreenTrianglePipeline( D3D12_GRAPHICS_PIPELINE_STATE_DESC & desc , DXGI_FORMAT renderTargetFormat , DXGI_FORMAT depthStencilFormat)",35,51
7,3,27,0,7,"DynamicBuffer::~DynamicBuffer@11-17@engine\src\graphics\DynamicBuffer.cpp","engine\src\graphics\DynamicBuffer.cpp","DynamicBuffer::~DynamicBuffer","DynamicBuffer::~DynamicBuffer()",11,17
12,5,65,3,13,"DynamicBuffer::Initialize@19-31@engine\src\graphics\DynamicBuffer.cpp","engine\src\graphics\DynamicBuffer.cpp","DynamicBuffer::Initialize","DynamicBuffer::Initialize( ID3D12Device * device , size_t capacity , size_t defaultAlignment)",19,31
8,1,33,0,8,"DynamicBuffer::Reset@33-40@engine\src\graphics\DynamicBuffer.cpp","engine\src\graphics\DynamicBuffer.cpp","DynamicBuffer::Reset","DynamicBuffer::Reset()",33,40
3,1,11,0,3,"DynamicBuffer::BeginWrite@42-44@engine\src\graphics\DynamicBuffer.cpp","engine\src\graphics\DynamicBuffer.cpp","DynamicBuffer::BeginWrite","DynamicBuffer::BeginWrite()",42,44
12,4,43,1,12,"DynamicBuffer::Reserve@46-57@engine\src\graphics\DynamicBuffer.cpp","engine\src\graphics\DynamicBuffer.cpp","DynamicBuffer::Reserve","DynamicBuffer::Reserve( size_t capacity)",46,57
22,6,149,2,24,"DynamicBuffer::Allocate@59-82@engine\src\graphics\DynamicBuffer.cpp","engine\src\graphics\DynamicBuffer.cpp","DynamicBuffer::Allocate","DynamicBuffer::Allocate( size_t size , size_t alignment)",59,82
6,2,25,0,6,"DynamicBuffer::GetGpuVirtualAddress@84-89@engine\src\graphics\DynamicBuffer.cpp","engine\src\graphics\DynamicBuffer.cpp","DynamicBuffer::GetGpuVirtualAddress","DynamicBuffer::GetGpuVirtualAddress() const",84,89
3,1,22,2,3,"DynamicBuffer::AlignUp@91-93@engine\src\graphics\DynamicBuffer.cpp","engine\src\graphics\DynamicBuffer.cpp","DynamicBuffer::AlignUp","DynamicBuffer::AlignUp( size_t value , size_t alignment)",91,93
25,5,165,1,25,"DynamicBuffer::CreateResource@95-119@engine\src\graphics\DynamicBuffer.cpp","engine\src\graphics\DynamicBuffer.cpp","DynamicBuffer::CreateResource","DynamicBuffer::CreateResource( size_t capacity)",95,119
6,3,28,0,6,"DynamicBuffer::UnmapResource@121-126@engine\src\graphics\DynamicBuffer.cpp","engine\src\graphics\DynamicBuffer.cpp","DynamicBuffer::UnmapResource","DynamicBuffer::UnmapResource()",121,126
13,2,82,4,13,"FrameHistory::Initialize@10-22@engine\src\graphics\FrameHistory.cpp","engine\src\graphics\FrameHistory.cpp","FrameHistory::Initialize","FrameHistory::Initialize( DirectXCommon * dxCommon , SrvManager * srvManager , uint32_t width , uint32_t height)",10,22
5,1,24,2,5,"FrameHistory::Resize@24-28@engine\src\graphics\FrameHistory.cpp","engine\src\graphics\FrameHistory.cpp","FrameHistory::Resize","FrameHistory::Resize( uint32_t width , uint32_t height)",24,28
22,4,177,1,24,"FrameHistory::BeginFrame@30-53@engine\src\graphics\FrameHistory.cpp","engine\src\graphics\FrameHistory.cpp","FrameHistory::BeginFrame","FrameHistory::BeginFrame( const Camera & camera)",30,53
11,2,52,0,11,"FrameHistory::EndFrame@55-65@engine\src\graphics\FrameHistory.cpp","engine\src\graphics\FrameHistory.cpp","FrameHistory::EndFrame","FrameHistory::EndFrame()",55,65
15,2,81,0,15,"FrameHistory::Clear@67-81@engine\src\graphics\FrameHistory.cpp","engine\src\graphics\FrameHistory.cpp","FrameHistory::Clear","FrameHistory::Clear()",67,81
8,2,48,1,8,"FrameHistory::SetJitterEnabled@83-90@engine\src\graphics\FrameHistory.cpp","engine\src\graphics\FrameHistory.cpp","FrameHistory::SetJitterEnabled","FrameHistory::SetJitterEnabled( bool enabled)",83,90
4,2,38,1,4,"FrameHistory::SetJitterScale@92-95@engine\src\graphics\FrameHistory.cpp","engine\src\graphics\FrameHistory.cpp","FrameHistory::SetJitterScale","FrameHistory::SetJitterScale( float scale)",92,95
8,2,48,2,8,"FrameHistory::ResolvePreviousWorld@97-104@engine\src\graphics\FrameHistory.cpp","engine\src\graphics\FrameHistory.cpp","FrameHistory::ResolvePreviousWorld","FrameHistory::ResolvePreviousWorld( uint32_t objectId , const DirectX :: XMFLOAT4X4 & currentWorld) const",97,104
14,2,83,2,14,"FrameHistory::ResolveObjectHistory@106-119@engine\src\graphics\FrameHistory.cpp","engine\src\graphics\FrameHistory.cpp","FrameHistory::ResolveObjectHistory","FrameHistory::ResolveObjectHistory( uint32_t objectId , const DirectX :: XMFLOAT4X4 & currentWorld) const",106,119
11,3,52,2,11,"FrameHistory::StoreCurrentWorld@121-131@engine\src\graphics\FrameHistory.cpp","engine\src\graphics\FrameHistory.cpp","FrameHistory::StoreCurrentWorld","FrameHistory::StoreCurrentWorld( uint32_t objectId , const DirectX :: XMFLOAT4X4 & currentWorld)",121,131
5,1,31,0,5,"FrameHistory::IdentityMatrix@133-137@engine\src\graphics\FrameHistory.cpp","engine\src\graphics\FrameHistory.cpp","FrameHistory::IdentityMatrix","FrameHistory::IdentityMatrix()",133,137
10,2,73,2,10,"FrameHistory::Halton@139-148@engine\src\graphics\FrameHistory.cpp","engine\src\graphics\FrameHistory.cpp","FrameHistory::Halton","FrameHistory::Halton( uint64_t index , uint32_t base)",139,148
10,4,113,4,10,"FrameHistory::ComputeJitter@150-159@engine\src\graphics\FrameHistory.cpp","engine\src\graphics\FrameHistory.cpp","FrameHistory::ComputeJitter","FrameHistory::ComputeJitter( uint64_t frameIndex , uint32_t width , uint32_t height , float scale)",150,159
8,1,63,0,8,"FrameHistory::UpdateStats@161-168@engine\src\graphics\FrameHistory.cpp","engine\src\graphics\FrameHistory.cpp","FrameHistory::UpdateStats","FrameHistory::UpdateStats()",161,168
1,1,19,0,1,"GpuProfiler::GpuProfiler@18-18@engine\src\graphics\GpuProfiler.cpp","engine\src\graphics\GpuProfiler.cpp","GpuProfiler::GpuProfiler","GpuProfiler::GpuProfiler()",18,18
3,1,12,0,3,"GpuProfiler::~GpuProfiler@20-22@engine\src\graphics\GpuProfiler.cpp","engine\src\graphics\GpuProfiler.cpp","GpuProfiler::~GpuProfiler","GpuProfiler::~GpuProfiler()",20,22
2,1,33,2,2,"GpuProfiler::ScopedEvent::ScopedEvent@24-25@engine\src\graphics\GpuProfiler.cpp","engine\src\graphics\GpuProfiler.cpp","GpuProfiler::ScopedEvent::ScopedEvent","GpuProfiler::ScopedEvent::ScopedEvent( GpuProfiler & profiler , const char * name)",24,25
5,3,25,0,5,"GpuProfiler::ScopedEvent::~ScopedEvent@27-31@engine\src\graphics\GpuProfiler.cpp","engine\src\graphics\GpuProfiler.cpp","GpuProfiler::ScopedEvent::~ScopedEvent","GpuProfiler::ScopedEvent::~ScopedEvent()",27,31
3,3,23,0,3,"GpuProfiler::IsReady@33-35@engine\src\graphics\GpuProfiler.cpp","engine\src\graphics\GpuProfiler.cpp","GpuProfiler::IsReady","GpuProfiler::IsReady() const",33,35
3,1,13,0,3,"GpuProfiler::GetLastSamples@37-39@engine\src\graphics\GpuProfiler.cpp","engine\src\graphics\GpuProfiler.cpp","GpuProfiler::GetLastSamples","GpuProfiler::GetLastSamples() const",37,39
3,1,13,0,3,"GpuProfiler::GetLastSampleCount@41-43@engine\src\graphics\GpuProfiler.cpp","engine\src\graphics\GpuProfiler.cpp","GpuProfiler::GetLastSampleCount","GpuProfiler::GetLastSampleCount() const",41,43
28,10,164,1,31,"GpuProfiler::Initialize@45-75@engine\src\graphics\GpuProfiler.cpp","engine\src\graphics\GpuProfiler.cpp","GpuProfiler::Initialize","GpuProfiler::Initialize( DirectXCommon * dxCommon)",45,75
3,1,13,0,3,"GpuProfiler::Finalize@77-79@engine\src\graphics\GpuProfiler.cpp","engine\src\graphics\GpuProfiler.cpp","GpuProfiler::Finalize","GpuProfiler::Finalize()",77,79
26,4,179,1,27,"GpuProfiler::Finalize@81-107@engine\src\graphics\GpuProfiler.cpp","engine\src\graphics\GpuProfiler.cpp","GpuProfiler::Finalize","GpuProfiler::Finalize( bool allowFrameAbort)",81,107
12,2,74,0,13,"GpuProfiler::BeginFrame@109-121@engine\src\graphics\GpuProfiler.cpp","engine\src\graphics\GpuProfiler.cpp","GpuProfiler::BeginFrame","GpuProfiler::BeginFrame()",109,121
17,6,135,1,19,"GpuProfiler::TryBeginEvent@123-141@engine\src\graphics\GpuProfiler.cpp","engine\src\graphics\GpuProfiler.cpp","GpuProfiler::TryBeginEvent","GpuProfiler::TryBeginEvent( const char * name)",123,141
3,1,19,1,3,"GpuProfiler::BeginEvent@143-145@engine\src\graphics\GpuProfiler.cpp","engine\src\graphics\GpuProfiler.cpp","GpuProfiler::BeginEvent","GpuProfiler::BeginEvent( const char * name)",143,145
13,4,97,0,16,"GpuProfiler::EndEvent@147-162@engine\src\graphics\GpuProfiler.cpp","engine\src\graphics\GpuProfiler.cpp","GpuProfiler::EndEvent","GpuProfiler::EndEvent()",147,162
19,6,131,0,21,"GpuProfiler::EndFrame@164-184@engine\src\graphics\GpuProfiler.cpp","engine\src\graphics\GpuProfiler.cpp","GpuProfiler::EndFrame","GpuProfiler::EndFrame()",164,184
22,4,158,0,23,"GpuProfiler::CreateReadbackBuffers@186-208@engine\src\graphics\GpuProfiler.cpp","engine\src\graphics\GpuProfiler.cpp","GpuProfiler::CreateReadbackBuffers","GpuProfiler::CreateReadbackBuffers()",186,208
32,11,292,1,36,"GpuProfiler::ReadResolvedFrame@210-245@engine\src\graphics\GpuProfiler.cpp","engine\src\graphics\GpuProfiler.cpp","GpuProfiler::ReadResolvedFrame","GpuProfiler::ReadResolvedFrame( uint32_t frameIndex)",210,245
4,1,18,0,4,"LightingScene::BeginFrame@3-6@engine\src\graphics\LightingScene.cpp","engine\src\graphics\LightingScene.cpp","LightingScene::BeginFrame","LightingScene::BeginFrame()",3,6
4,1,19,1,4,"LightingScene::SetSceneLighting@8-11@engine\src\graphics\LightingScene.cpp","engine\src\graphics\LightingScene.cpp","LightingScene::SetSceneLighting","LightingScene::SetSceneLighting( const SceneLighting & lighting)",8,11
16,10,140,0,17,"LightingScene::RefreshStats@13-29@engine\src\graphics\LightingScene.cpp","engine\src\graphics\LightingScene.cpp","LightingScene::RefreshStats","LightingScene::RefreshStats()",13,29
1,1,19,0,1,"PipelineManager::PipelineManager@13-13@engine\src\graphics\PipelineManager.cpp","engine\src\graphics\PipelineManager.cpp","PipelineManager::PipelineManager","PipelineManager::PipelineManager()",13,13
3,1,12,0,3,"PipelineManager::~PipelineManager@15-17@engine\src\graphics\PipelineManager.cpp","engine\src\graphics\PipelineManager.cpp","PipelineManager::~PipelineManager","PipelineManager::~PipelineManager()",15,17
14,5,54,1,14,"PipelineManager::Initialize@19-32@engine\src\graphics\PipelineManager.cpp","engine\src\graphics\PipelineManager.cpp","PipelineManager::Initialize","PipelineManager::Initialize( DirectXCommon * dxCommon)",19,32
24,5,163,3,25,"PipelineManager::CompileShader@34-58@engine\src\graphics\PipelineManager.cpp","engine\src\graphics\PipelineManager.cpp","PipelineManager::CompileShader","PipelineManager::CompileShader( const std :: wstring & path , const std :: string & entry , const std :: string & target)",34,58
19,6,119,2,21,"PipelineManager::CreateGraphicsPipeline@60-80@engine\src\graphics\PipelineManager.cpp","engine\src\graphics\PipelineManager.cpp","PipelineManager::CreateGraphicsPipeline","PipelineManager::CreateGraphicsPipeline( const std :: string & name , const D3D12_GRAPHICS_PIPELINE_STATE_DESC & desc)",60,80
22,10,165,2,25,"PipelineManager::CreatePipelineStateStream@82-106@engine\src\graphics\PipelineManager.cpp","engine\src\graphics\PipelineManager.cpp","PipelineManager::CreatePipelineStateStream","PipelineManager::CreatePipelineStateStream( const std :: string & name , const D3D12_PIPELINE_STATE_STREAM_DESC & desc)",82,106
4,2,47,1,4,"PipelineManager::GetGraphicsPipeline@108-111@engine\src\graphics\PipelineManager.cpp","engine\src\graphics\PipelineManager.cpp","PipelineManager::GetGraphicsPipeline","PipelineManager::GetGraphicsPipeline( const std :: string & name) const",108,111
3,1,13,0,3,"PipelineManager::Clear@113-115@engine\src\graphics\PipelineManager.cpp","engine\src\graphics\PipelineManager.cpp","PipelineManager::Clear","PipelineManager::Clear()",113,115
8,2,52,1,9,"PipelineManager::Clear@117-125@engine\src\graphics\PipelineManager.cpp","engine\src\graphics\PipelineManager.cpp","PipelineManager::Clear","PipelineManager::Clear( bool allowFrameAbort)",117,125
17,3,124,3,17,"PipelineManager::MakeShaderKey@127-143@engine\src\graphics\PipelineManager.cpp","engine\src\graphics\PipelineManager.cpp","PipelineManager::MakeShaderKey","PipelineManager::MakeShaderKey( const std :: wstring & path , const std :: string & entry , const std :: string & target)",127,143
3,1,20,1,3,"HasColorGrade@30-32@engine\src\graphics\PostEffectManager.cpp","engine\src\graphics\PostEffectManager.cpp","HasColorGrade","HasColorGrade( const PostProcessProfile & profile)",30,32
3,1,20,1,3,"HasFilter@34-36@engine\src\graphics\PostEffectManager.cpp","engine\src\graphics\PostEffectManager.cpp","HasFilter","HasFilter( const PostProcessProfile & profile)",34,36
3,1,20,1,3,"HasEdge@38-40@engine\src\graphics\PostEffectManager.cpp","engine\src\graphics\PostEffectManager.cpp","HasEdge","HasEdge( const PostProcessProfile & profile)",38,40
3,1,16,1,3,"HasTonemap@42-44@engine\src\graphics\PostEffectManager.cpp","engine\src\graphics\PostEffectManager.cpp","HasTonemap","HasTonemap( const PostProcessProfile & profile)",42,44
3,1,16,1,3,"HasBloom@46-48@engine\src\graphics\PostEffectManager.cpp","engine\src\graphics\PostEffectManager.cpp","HasBloom","HasBloom( const PostProcessProfile & profile)",46,48
3,1,16,1,3,"HasNoise@50-52@engine\src\graphics\PostEffectManager.cpp","engine\src\graphics\PostEffectManager.cpp","HasNoise","HasNoise( const PostProcessProfile & profile)",50,52
3,1,16,1,3,"HasLensFlare@54-56@engine\src\graphics\PostEffectManager.cpp","engine\src\graphics\PostEffectManager.cpp","HasLensFlare","HasLensFlare( const PostProcessProfile & profile)",54,56
3,1,21,2,3,"CopyColorGrade@58-60@engine\src\graphics\PostEffectManager.cpp","engine\src\graphics\PostEffectManager.cpp","CopyColorGrade","CopyColorGrade( PostProcessProfile & dst , const PostProcessProfile & src)",58,60
3,1,21,2,3,"CopyFilter@62-64@engine\src\graphics\PostEffectManager.cpp","engine\src\graphics\PostEffectManager.cpp","CopyFilter","CopyFilter( PostProcessProfile & dst , const PostProcessProfile & src)",62,64
3,1,21,2,3,"CopyEdge@66-68@engine\src\graphics\PostEffectManager.cpp","engine\src\graphics\PostEffectManager.cpp","CopyEdge","CopyEdge( PostProcessProfile & dst , const PostProcessProfile & src)",66,68
3,1,21,2,3,"CopyTonemap@70-72@engine\src\graphics\PostEffectManager.cpp","engine\src\graphics\PostEffectManager.cpp","CopyTonemap","CopyTonemap( PostProcessProfile & dst , const PostProcessProfile & src)",70,72
3,1,21,2,3,"CopyBloom@74-76@engine\src\graphics\PostEffectManager.cpp","engine\src\graphics\PostEffectManager.cpp","CopyBloom","CopyBloom( PostProcessProfile & dst , const PostProcessProfile & src)",74,76
3,1,21,2,3,"CopyNoise@78-80@engine\src\graphics\PostEffectManager.cpp","engine\src\graphics\PostEffectManager.cpp","CopyNoise","CopyNoise( PostProcessProfile & dst , const PostProcessProfile & src)",78,80
3,1,21,2,3,"CopyDissolve@82-84@engine\src\graphics\PostEffectManager.cpp","engine\src\graphics\PostEffectManager.cpp","CopyDissolve","CopyDissolve( PostProcessProfile & dst , const PostProcessProfile & src)",82,84
11,4,84,2,11,"CopySpecial@86-96@engine\src\graphics\PostEffectManager.cpp","engine\src\graphics\PostEffectManager.cpp","CopySpecial","CopySpecial( PostProcessProfile & dst , const PostProcessProfile & src)",86,96
3,1,21,2,3,"CopyLensFlare@98-100@engine\src\graphics\PostEffectManager.cpp","engine\src\graphics\PostEffectManager.cpp","CopyLensFlare","CopyLensFlare( PostProcessProfile & dst , const PostProcessProfile & src)",98,100
13,1,73,0,13,"EnabledPostEffectCopyRules@102-114@engine\src\graphics\PostEffectManager.cpp","engine\src\graphics\PostEffectManager.cpp","EnabledPostEffectCopyRules","EnabledPostEffectCopyRules()",102,114
7,3,46,2,7,"ApplyEnabledPostEffects@116-122@engine\src\graphics\PostEffectManager.cpp","engine\src\graphics\PostEffectManager.cpp","ApplyEnabledPostEffects","ApplyEnabledPostEffects( PostProcessProfile & dst , const PostProcessProfile & overlay)",116,122
36,11,347,2,37,"MergeOverlay@124-160@engine\src\graphics\PostEffectManager.cpp","engine\src\graphics\PostEffectManager.cpp","MergeOverlay","MergeOverlay( PostProcessProfile & dst , const PostProcessProfile & overlay)",124,160
18,6,113,2,18,"MergeOverride@162-179@engine\src\graphics\PostEffectManager.cpp","engine\src\graphics\PostEffectManager.cpp","MergeOverride","MergeOverride( PostProcessProfile & dst , const PostProcessProfile & overlay)",162,179
17,2,132,3,17,"MergeLayer@181-197@engine\src\graphics\PostEffectManager.cpp","engine\src\graphics\PostEffectManager.cpp","MergeLayer","MergeLayer( PostProcessProfile & dst , const PostProcessProfile & overlay , PostEffectLayerBlendMode blendMode)",181,197
1,1,19,0,1,"PostEffectManager::PostEffectManager@200-200@engine\src\graphics\PostEffectManager.cpp","engine\src\graphics\PostEffectManager.cpp","PostEffectManager::PostEffectManager","PostEffectManager::PostEffectManager()",200,200
3,1,13,0,3,"PostEffectManager::GetBaseProfile@204-206@engine\src\graphics\PostEffectManager.cpp","engine\src\graphics\PostEffectManager.cpp","PostEffectManager::GetBaseProfile","PostEffectManager::GetBaseProfile() const",204,206
3,1,13,0,3,"PostEffectManager::GetComposedProfile@208-210@engine\src\graphics\PostEffectManager.cpp","engine\src\graphics\PostEffectManager.cpp","PostEffectManager::GetComposedProfile","PostEffectManager::GetComposedProfile() const",208,210
3,1,15,0,3,"PostEffectManager::IsReady@212-214@engine\src\graphics\PostEffectManager.cpp","engine\src\graphics\PostEffectManager.cpp","PostEffectManager::IsReady","PostEffectManager::IsReady() const",212,214
4,1,20,1,4,"PostEffectManager::Initialize@216-219@engine\src\graphics\PostEffectManager.cpp","engine\src\graphics\PostEffectManager.cpp","PostEffectManager::Initialize","PostEffectManager::Initialize( PostProcessSystem * system)",216,219
16,3,87,1,16,"PostEffectManager::CreateLayer@221-236@engine\src\graphics\PostEffectManager.cpp","engine\src\graphics\PostEffectManager.cpp","PostEffectManager::CreateLayer","PostEffectManager::CreateLayer( const PostEffectLayerDesc & desc)",221,236
9,2,90,1,9,"PostEffectManager::DestroyLayer@238-246@engine\src\graphics\PostEffectManager.cpp","engine\src\graphics\PostEffectManager.cpp","PostEffectManager::DestroyLayer","PostEffectManager::DestroyLayer( PostEffectLayerId id)",238,246
4,1,21,1,4,"PostEffectManager::SetBaseProfile@248-251@engine\src\graphics\PostEffectManager.cpp","engine\src\graphics\PostEffectManager.cpp","PostEffectManager::SetBaseProfile","PostEffectManager::SetBaseProfile( const PostProcessProfile & profile)",248,251
9,2,48,2,9,"PostEffectManager::SetLayerProfile@253-261@engine\src\graphics\PostEffectManager.cpp","engine\src\graphics\PostEffectManager.cpp","PostEffectManager::SetLayerProfile","PostEffectManager::SetLayerProfile( PostEffectLayerId id , const PostProcessProfile & profile)",253,261
9,2,44,1,9,"PostEffectManager::ClearLayer@263-271@engine\src\graphics\PostEffectManager.cpp","engine\src\graphics\PostEffectManager.cpp","PostEffectManager::ClearLayer","PostEffectManager::ClearLayer( PostEffectLayerId id)",263,271
7,2,36,0,7,"PostEffectManager::ClearLayers@273-279@engine\src\graphics\PostEffectManager.cpp","engine\src\graphics\PostEffectManager.cpp","PostEffectManager::ClearLayers","PostEffectManager::ClearLayers()",273,279
8,2,40,2,8,"PostEffectManager::SetLayerEnabled@281-288@engine\src\graphics\PostEffectManager.cpp","engine\src\graphics\PostEffectManager.cpp","PostEffectManager::SetLayerEnabled","PostEffectManager::SetLayerEnabled( PostEffectLayerId id , bool enabled)",281,288
5,2,70,1,5,"PostEffectManager::FindLayer@290-294@engine\src\graphics\PostEffectManager.cpp","engine\src\graphics\PostEffectManager.cpp","PostEffectManager::FindLayer","PostEffectManager::FindLayer( PostEffectLayerId id)",290,294
5,2,71,1,5,"PostEffectManager::FindLayer@296-300@engine\src\graphics\PostEffectManager.cpp","engine\src\graphics\PostEffectManager.cpp","PostEffectManager::FindLayer","PostEffectManager::FindLayer( PostEffectLayerId id) const",296,300
15,5,89,0,16,"PostEffectManager::AllocateLayerId@302-317@engine\src\graphics\PostEffectManager.cpp","engine\src\graphics\PostEffectManager.cpp","PostEffectManager::AllocateLayerId","PostEffectManager::AllocateLayerId()",302,317
31,9,227,0,35,"PostEffectManager::Rebuild@319-353@engine\src\graphics\PostEffectManager.cpp","engine\src\graphics\PostEffectManager.cpp","PostEffectManager::Rebuild","PostEffectManager::Rebuild()",319,353
4,1,15,1,4,"EnsureFinalToneMap@18-21@engine\src\graphics\PostProcessSystem.cpp","engine\src\graphics\PostProcessSystem.cpp","EnsureFinalToneMap","EnsureFinalToneMap( PostProcessProfile profile)",18,21
1,1,19,0,1,"PostProcessSystem::PostProcessSystem@25-25@engine\src\graphics\PostProcessSystem.cpp","engine\src\graphics\PostProcessSystem.cpp","PostProcessSystem::PostProcessSystem","PostProcessSystem::PostProcessSystem()",25,25
3,1,12,0,3,"PostProcessSystem::~PostProcessSystem@27-29@engine\src\graphics\PostProcessSystem.cpp","engine\src\graphics\PostProcessSystem.cpp","PostProcessSystem::~PostProcessSystem","PostProcessSystem::~PostProcessSystem()",27,29
3,1,13,0,3,"PostProcessSystem::GetProfile@39-41@engine\src\graphics\PostProcessSystem.cpp","engine\src\graphics\PostProcessSystem.cpp","PostProcessSystem::GetProfile","PostProcessSystem::GetProfile() const",39,41
6,11,53,0,6,"PostProcessSystem::IsReady@43-48@engine\src\graphics\PostProcessSystem.cpp","engine\src\graphics\PostProcessSystem.cpp","PostProcessSystem::IsReady","PostProcessSystem::IsReady() const",43,48
25,14,153,4,28,"PostProcessSystem::Initialize@50-77@engine\src\graphics\PostProcessSystem.cpp","engine\src\graphics\PostProcessSystem.cpp","PostProcessSystem::Initialize","PostProcessSystem::Initialize( DirectXCommon * dxCommon , SrvManager * srvManager , int width , int height)",50,77
3,1,13,0,3,"PostProcessSystem::Finalize@79-81@engine\src\graphics\PostProcessSystem.cpp","engine\src\graphics\PostProcessSystem.cpp","PostProcessSystem::Finalize","PostProcessSystem::Finalize()",79,81
31,13,196,1,33,"PostProcessSystem::Finalize@83-115@engine\src\graphics\PostProcessSystem.cpp","engine\src\graphics\PostProcessSystem.cpp","PostProcessSystem::Finalize","PostProcessSystem::Finalize( bool allowFrameAbort)",83,115
25,6,171,2,28,"PostProcessSystem::Resize@117-144@engine\src\graphics\PostProcessSystem.cpp","engine\src\graphics\PostProcessSystem.cpp","PostProcessSystem::Resize","PostProcessSystem::Resize( int width , int height)",117,144
4,1,24,1,4,"PostProcessSystem::SetProfile@146-149@engine\src\graphics\PostProcessSystem.cpp","engine\src\graphics\PostProcessSystem.cpp","PostProcessSystem::SetProfile","PostProcessSystem::SetProfile( const PostProcessProfile & profile)",146,149
10,13,127,0,10,"PostProcessSystem::RequiresPostProcess@151-160@engine\src\graphics\PostProcessSystem.cpp","engine\src\graphics\PostProcessSystem.cpp","PostProcessSystem::RequiresPostProcess","PostProcessSystem::RequiresPostProcess() const",151,160
9,2,47,2,10,"PostProcessSystem::Draw@162-171@engine\src\graphics\PostProcessSystem.cpp","engine\src\graphics\PostProcessSystem.cpp","PostProcessSystem::Draw","PostProcessSystem::Draw( D3D12_GPU_DESCRIPTOR_HANDLE textureHandle , D3D12_GPU_DESCRIPTOR_HANDLE depthHandle)",162,171
14,5,84,3,15,"PostProcessSystem::TryCreateDrawContext@173-187@engine\src\graphics\PostProcessSystem.cpp","engine\src\graphics\PostProcessSystem.cpp","PostProcessSystem::TryCreateDrawContext","PostProcessSystem::TryCreateDrawContext( D3D12_GPU_DESCRIPTOR_HANDLE textureHandle , D3D12_GPU_DESCRIPTOR_HANDLE depthHandle , DrawContext & context)",173,187
4,6,33,0,4,"PostProcessSystem::HasDrawPipelineState@189-192@engine\src\graphics\PostProcessSystem.cpp","engine\src\graphics\PostProcessSystem.cpp","PostProcessSystem::HasDrawPipelineState","PostProcessSystem::HasDrawPipelineState() const",189,192
4,4,36,1,4,"PostProcessSystem::IsValidDrawConstantFrame@194-197@engine\src\graphics\PostProcessSystem.cpp","engine\src\graphics\PostProcessSystem.cpp","PostProcessSystem::IsValidDrawConstantFrame","PostProcessSystem::IsValidDrawConstantFrame( const ConstantFrame * frame)",194,197
7,3,58,1,7,"PostProcessSystem::ResolveDrawResources@199-205@engine\src\graphics\PostProcessSystem.cpp","engine\src\graphics\PostProcessSystem.cpp","PostProcessSystem::ResolveDrawResources","PostProcessSystem::ResolveDrawResources( DrawContext & context)",199,205
12,5,85,2,12,"PostProcessSystem::PrepareDrawConstants@207-218@engine\src\graphics\PostProcessSystem.cpp","engine\src\graphics\PostProcessSystem.cpp","PostProcessSystem::PrepareDrawConstants","PostProcessSystem::PrepareDrawConstants( D3D12_GPU_DESCRIPTOR_HANDLE textureHandle , DrawContext & context)",207,218
18,2,173,3,18,"PostProcessSystem::BindDrawContext@220-237@engine\src\graphics\PostProcessSystem.cpp","engine\src\graphics\PostProcessSystem.cpp","PostProcessSystem::BindDrawContext","PostProcessSystem::BindDrawContext( const DrawContext & context , D3D12_GPU_DESCRIPTOR_HANDLE textureHandle , D3D12_GPU_DESCRIPTOR_HANDLE depthHandle)",220,237
4,1,30,1,4,"PostProcessSystem::DrawFullscreenTriangle@239-242@engine\src\graphics\PostProcessSystem.cpp","engine\src\graphics\PostProcessSystem.cpp","PostProcessSystem::DrawFullscreenTriangle","PostProcessSystem::DrawFullscreenTriangle( ID3D12GraphicsCommandList * commandList)",239,242
3,1,25,1,3,"HalfCeil@22-24@engine\src\graphics\PostProcessSystemBloom.cpp","engine\src\graphics\PostProcessSystemBloom.cpp","HalfCeil","HalfCeil( uint32_t value)",22,24
11,4,87,2,11,"CalculateBloomLevelCount@26-36@engine\src\graphics\PostProcessSystemBloom.cpp","engine\src\graphics\PostProcessSystemBloom.cpp","CalculateBloomLevelCount","CalculateBloomLevelCount( uint32_t width , uint32_t height)",26,36
10,1,88,2,10,"MakeViewport@38-47@engine\src\graphics\PostProcessSystemBloom.cpp","engine\src\graphics\PostProcessSystemBloom.cpp","MakeViewport","MakeViewport( uint32_t width , uint32_t height)",38,47
8,1,72,2,8,"MakeScissor@49-56@engine\src\graphics\PostProcessSystemBloom.cpp","engine\src\graphics\PostProcessSystemBloom.cpp","MakeScissor","MakeScissor( uint32_t width , uint32_t height)",49,56
14,10,103,0,14,"PostProcessSystem::HasBloomResources@60-73@engine\src\graphics\PostProcessSystemBloom.cpp","engine\src\graphics\PostProcessSystemBloom.cpp","PostProcessSystem::HasBloomResources","PostProcessSystem::HasBloomResources() const",60,73
31,12,211,1,33,"PostProcessSystem::BeginBloomResourceBuild@85-117@engine\src\graphics\PostProcessSystemBloom.cpp","engine\src\graphics\PostProcessSystemBloom.cpp","PostProcessSystem::BeginBloomResourceBuild","PostProcessSystem::BeginBloomResourceBuild( BloomResourceBuild & build)",85,117
8,5,61,1,8,"PostProcessSystem::RollbackBloomSrvRange@119-126@engine\src\graphics\PostProcessSystemBloom.cpp","engine\src\graphics\PostProcessSystemBloom.cpp","PostProcessSystem::RollbackBloomSrvRange","PostProcessSystem::RollbackBloomSrvRange( const BloomResourceBuild & build)",119,126
15,3,99,1,16,"PostProcessSystem::CreateBloomRtvHeap@128-143@engine\src\graphics\PostProcessSystemBloom.cpp","engine\src\graphics\PostProcessSystemBloom.cpp","PostProcessSystem::CreateBloomRtvHeap","PostProcessSystem::CreateBloomRtvHeap( BloomResourceBuild & build) const",128,143
33,3,294,1,39,"PostProcessSystem::CreateBloomLevelResources@145-183@engine\src\graphics\PostProcessSystemBloom.cpp","engine\src\graphics\PostProcessSystemBloom.cpp","PostProcessSystem::CreateBloomLevelResources","PostProcessSystem::CreateBloomLevelResources( BloomResourceBuild & build) const",145,183
36,4,277,1,41,"PostProcessSystem::CommitBloomResources@185-225@engine\src\graphics\PostProcessSystemBloom.cpp","engine\src\graphics\PostProcessSystemBloom.cpp","PostProcessSystem::CommitBloomResources","PostProcessSystem::CommitBloomResources( BloomResourceBuild & build)",185,225
12,5,56,0,12,"PostProcessSystem::CreateBloomResources@227-238@engine\src\graphics\PostProcessSystemBloom.cpp","engine\src\graphics\PostProcessSystemBloom.cpp","PostProcessSystem::CreateBloomResources","PostProcessSystem::CreateBloomResources()",227,238
15,3,89,1,15,"PostProcessSystem::ReleaseBloomResources@240-254@engine\src\graphics\PostProcessSystemBloom.cpp","engine\src\graphics\PostProcessSystemBloom.cpp","PostProcessSystem::ReleaseBloomResources","PostProcessSystem::ReleaseBloomResources( bool allowFrameAbort)",240,254
12,4,76,0,12,"PostProcessSystem::FreeBloomDescriptors@256-267@engine\src\graphics\PostProcessSystemBloom.cpp","engine\src\graphics\PostProcessSystemBloom.cpp","PostProcessSystem::FreeBloomDescriptors","PostProcessSystem::FreeBloomDescriptors()",256,267
27,8,181,2,29,"PostProcessSystem::TransitionBloomLevel@269-297@engine\src\graphics\PostProcessSystemBloom.cpp","engine\src\graphics\PostProcessSystemBloom.cpp","PostProcessSystem::TransitionBloomLevel","PostProcessSystem::TransitionBloomLevel( uint32_t level , D3D12_RESOURCE_STATES state)",269,297
29,13,229,3,31,"PostProcessSystem::TryCreateBloomDrawContext@307-337@engine\src\graphics\PostProcessSystemBloom.cpp","engine\src\graphics\PostProcessSystemBloom.cpp","PostProcessSystem::TryCreateBloomDrawContext","PostProcessSystem::TryCreateBloomDrawContext( D3D12_GPU_DESCRIPTOR_HANDLE sourceHandle , const PostProcessConstants & constants , BloomDrawContext & context)",307,337
35,5,395,6,38,"PostProcessSystem::DrawBloomLevel@339-376@engine\src\graphics\PostProcessSystemBloom.cpp","engine\src\graphics\PostProcessSystemBloom.cpp","PostProcessSystem::DrawBloomLevel","PostProcessSystem::DrawBloomLevel( BloomDrawContext & context , uint32_t targetLevel , D3D12_GPU_DESCRIPTOR_HANDLE inputHandle , uint32_t sourceWidth , uint32_t sourceHeight , ID3D12PipelineState * pipeline)",339,376
5,1,50,1,5,"PostProcessSystem::RunBloomExtract@378-382@engine\src\graphics\PostProcessSystemBloom.cpp","engine\src\graphics\PostProcessSystemBloom.cpp","PostProcessSystem::RunBloomExtract","PostProcessSystem::RunBloomExtract( BloomDrawContext & context)",378,382
12,3,95,1,12,"PostProcessSystem::RunBloomDownsampleChain@384-395@engine\src\graphics\PostProcessSystemBloom.cpp","engine\src\graphics\PostProcessSystemBloom.cpp","PostProcessSystem::RunBloomDownsampleChain","PostProcessSystem::RunBloomDownsampleChain( BloomDrawContext & context)",384,395
12,3,95,1,12,"PostProcessSystem::RunBloomUpsampleChain@397-408@engine\src\graphics\PostProcessSystemBloom.cpp","engine\src\graphics\PostProcessSystemBloom.cpp","PostProcessSystem::RunBloomUpsampleChain","PostProcessSystem::RunBloomUpsampleChain( BloomDrawContext & context)",397,408
12,5,67,2,12,"PostProcessSystem::BuildBloom@410-421@engine\src\graphics\PostProcessSystemBloom.cpp","engine\src\graphics\PostProcessSystemBloom.cpp","PostProcessSystem::BuildBloom","PostProcessSystem::BuildBloom( D3D12_GPU_DESCRIPTOR_HANDLE sourceHandle , const PostProcessConstants & constants)",410,421
4,3,38,3,4,"ValidModeOrNone@15-18@engine\src\graphics\PostProcessSystemConstants.cpp","engine\src\graphics\PostProcessSystemConstants.cpp","ValidModeOrNone","ValidModeOrNone( Enum mode , int32_t minValue , int32_t maxValue)",15,18
5,2,67,0,5,"CopyFinite@21-25@engine\src\graphics\PostProcessSystemConstants.cpp","engine\src\graphics\PostProcessSystemConstants.cpp","CopyFinite","CopyFinite( float(&dst) [ N ] , const float(&src) [ N ] , const float(&fallback) [ N ])",21,25
10,2,92,2,10,"NormalizeEdgeDepthRange@32-41@engine\src\graphics\PostProcessSystemConstants.cpp","engine\src\graphics\PostProcessSystemConstants.cpp","NormalizeEdgeDepthRange","NormalizeEdgeDepthRange( const PostProcessEdgeSettings & edge , const PostProcessEdgeSettings & defaults)",32,41
12,1,148,5,12,"ApplyColorFilterConstants@43-54@engine\src\graphics\PostProcessSystemConstants.cpp","engine\src\graphics\PostProcessSystemConstants.cpp","ApplyColorFilterConstants","ApplyColorFilterConstants( PostProcessConstants & constants , const PostProcessProfile & profile , const PostProcessProfile & defaults , int width , int height)",43,54
12,1,118,3,12,"ApplyEdgeConstants@56-67@engine\src\graphics\PostProcessSystemConstants.cpp","engine\src\graphics\PostProcessSystemConstants.cpp","ApplyEdgeConstants","ApplyEdgeConstants( PostProcessConstants & constants , const PostProcessProfile & profile , const PostProcessProfile & defaults)",56,67
14,3,181,3,14,"ApplyTonemapBloomConstants@69-82@engine\src\graphics\PostProcessSystemConstants.cpp","engine\src\graphics\PostProcessSystemConstants.cpp","ApplyTonemapBloomConstants","ApplyTonemapBloomConstants( PostProcessConstants & constants , const PostProcessProfile & profile , const PostProcessProfile & defaults)",69,82
14,2,183,3,14,"ApplyNoiseSpecialConstants@84-97@engine\src\graphics\PostProcessSystemConstants.cpp","engine\src\graphics\PostProcessSystemConstants.cpp","ApplyNoiseSpecialConstants","ApplyNoiseSpecialConstants( PostProcessConstants & constants , const PostProcessProfile & profile , const PostProcessProfile & defaults)",84,97
36,2,378,3,36,"ApplyLensFlareConstants@99-134@engine\src\graphics\PostProcessSystemConstants.cpp","engine\src\graphics\PostProcessSystemConstants.cpp","ApplyLensFlareConstants","ApplyLensFlareConstants( PostProcessConstants & constants , const PostProcessProfile & profile , const PostProcessProfile & defaults)",99,134
37,2,428,3,37,"ApplyVignetteRandomConstants@136-172@engine\src\graphics\PostProcessSystemConstants.cpp","engine\src\graphics\PostProcessSystemConstants.cpp","ApplyVignetteRandomConstants","ApplyVignetteRandomConstants( PostProcessConstants & constants , const PostProcessProfile & profile , const PostProcessProfile & defaults)",136,172
24,2,226,3,24,"ApplyToonAndPaddingConstants@174-197@engine\src\graphics\PostProcessSystemConstants.cpp","engine\src\graphics\PostProcessSystemConstants.cpp","ApplyToonAndPaddingConstants","ApplyToonAndPaddingConstants( PostProcessConstants & constants , const PostProcessProfile & profile , const PostProcessProfile & defaults)",174,197
12,4,85,0,13,"PostProcessSystem::CreateConstantBuffer@201-213@engine\src\graphics\PostProcessSystemConstants.cpp","engine\src\graphics\PostProcessSystemConstants.cpp","PostProcessSystem::CreateConstantBuffer","PostProcessSystem::CreateConstantBuffer()",201,213
8,3,55,0,8,"PostProcessSystem::GetCurrentConstantFrame@215-222@engine\src\graphics\PostProcessSystemConstants.cpp","engine\src\graphics\PostProcessSystemConstants.cpp","PostProcessSystem::GetCurrentConstantFrame","PostProcessSystem::GetCurrentConstantFrame()",215,222
8,3,56,0,8,"PostProcessSystem::GetCurrentConstantFrame@224-231@engine\src\graphics\PostProcessSystemConstants.cpp","engine\src\graphics\PostProcessSystemConstants.cpp","PostProcessSystem::GetCurrentConstantFrame","PostProcessSystem::GetCurrentConstantFrame() const",224,231
8,3,67,0,8,"PostProcessSystem::HasConstantBuffers@233-240@engine\src\graphics\PostProcessSystemConstants.cpp","engine\src\graphics\PostProcessSystemConstants.cpp","PostProcessSystem::HasConstantBuffers","PostProcessSystem::HasConstantBuffers() const",233,240
11,1,106,0,11,"PostProcessSystem::UpdateConstantBuffer@242-252@engine\src\graphics\PostProcessSystemConstants.cpp","engine\src\graphics\PostProcessSystemConstants.cpp","PostProcessSystem::UpdateConstantBuffer","PostProcessSystem::UpdateConstantBuffer()",242,252
9,1,44,0,9,"MakeLinearClampSampler@11-19@engine\src\graphics\PostProcessSystemPipeline.cpp","engine\src\graphics\PostProcessSystemPipeline.cpp","MakeLinearClampSampler","MakeLinearClampSampler()",11,19
6,1,28,0,6,"MakeDisabledDepthStencilDesc@21-26@engine\src\graphics\PostProcessSystemPipeline.cpp","engine\src\graphics\PostProcessSystemPipeline.cpp","MakeDisabledDepthStencilDesc","MakeDisabledDepthStencilDesc()",21,26
20,1,118,4,20,"MakeFullscreenPipelineDesc@28-47@engine\src\graphics\PostProcessSystemPipeline.cpp","engine\src\graphics\PostProcessSystemPipeline.cpp","MakeFullscreenPipelineDesc","MakeFullscreenPipelineDesc( ID3D12RootSignature * rootSignature , D3D12_SHADER_BYTECODE vs , D3D12_SHADER_BYTECODE ps , DXGI_FORMAT rtvFormat)",28,47
21,3,187,0,25,"PostProcessSystem::CreateRootSignature@51-75@engine\src\graphics\PostProcessSystemPipeline.cpp","engine\src\graphics\PostProcessSystemPipeline.cpp","PostProcessSystem::CreateRootSignature","PostProcessSystem::CreateRootSignature()",51,75
18,3,137,0,23,"PostProcessSystem::CreateBloomRootSignature@77-99@engine\src\graphics\PostProcessSystemPipeline.cpp","engine\src\graphics\PostProcessSystemPipeline.cpp","PostProcessSystem::CreateBloomRootSignature","PostProcessSystem::CreateBloomRootSignature()",77,99
29,9,253,0,32,"PostProcessSystem::CreatePipelineState@101-132@engine\src\graphics\PostProcessSystemPipeline.cpp","engine\src\graphics\PostProcessSystemPipeline.cpp","PostProcessSystem::CreatePipelineState","PostProcessSystem::CreatePipelineState()",101,132
49,11,453,0,54,"PostProcessSystem::CreateBloomPipelineState@134-187@engine\src\graphics\PostProcessSystemPipeline.cpp","engine\src\graphics\PostProcessSystemPipeline.cpp","PostProcessSystem::CreateBloomPipelineState","PostProcessSystem::CreateBloomPipelineState()",134,187
24,5,157,2,24,"RenderGraph::AddPass@10-33@engine\src\graphics\RenderGraph.cpp","engine\src\graphics\RenderGraph.cpp","RenderGraph::AddPass","RenderGraph::AddPass( std :: string name , PassCallback callback)",10,33
24,5,157,2,24,"RenderGraph::AddPass@35-58@engine\src\graphics\RenderGraph.cpp","engine\src\graphics\RenderGraph.cpp","RenderGraph::AddPass","RenderGraph::AddPass( std :: string name , ContextPassCallback callback)",35,58
29,5,191,1,31,"RenderGraph::AddResource@60-90@engine\src\graphics\RenderGraph.cpp","engine\src\graphics\RenderGraph.cpp","RenderGraph::AddResource","RenderGraph::AddResource( ResourceDesc desc)",60,90
23,6,169,2,24,"RenderGraph::AddDependency@92-115@engine\src\graphics\RenderGraph.cpp","engine\src\graphics\RenderGraph.cpp","RenderGraph::AddDependency","RenderGraph::AddDependency( std :: string_view before , std :: string_view after)",92,115
4,1,31,3,4,"RenderGraph::ReadResource@117-120@engine\src\graphics\RenderGraph.cpp","engine\src\graphics\RenderGraph.cpp","RenderGraph::ReadResource","RenderGraph::ReadResource( std :: string_view pass , std :: string_view resource , ResourceUsage usage)",117,120
4,1,31,3,4,"RenderGraph::WriteResource@122-125@engine\src\graphics\RenderGraph.cpp","engine\src\graphics\RenderGraph.cpp","RenderGraph::WriteResource","RenderGraph::WriteResource( std :: string_view pass , std :: string_view resource , ResourceUsage usage)",122,125
9,3,45,2,9,"RenderGraph::ResizeBackBufferResources@127-135@engine\src\graphics\RenderGraph.cpp","engine\src\graphics\RenderGraph.cpp","RenderGraph::ResizeBackBufferResources","RenderGraph::ResizeBackBufferResources( uint32_t width , uint32_t height)",127,135
9,1,49,0,9,"RenderGraph::Clear@137-145@engine\src\graphics\RenderGraph.cpp","engine\src\graphics\RenderGraph.cpp","RenderGraph::Clear","RenderGraph::Clear()",137,145
8,5,49,0,9,"RenderGraph::Compile@147-155@engine\src\graphics\RenderGraph.cpp","engine\src\graphics\RenderGraph.cpp","RenderGraph::Compile","RenderGraph::Compile()",147,155
3,1,15,0,3,"RenderGraph::Execute@157-159@engine\src\graphics\RenderGraph.cpp","engine\src\graphics\RenderGraph.cpp","RenderGraph::Execute","RenderGraph::Execute()",157,159
22,8,113,1,22,"RenderGraph::Execute@161-182@engine\src\graphics\RenderGraph.cpp","engine\src\graphics\RenderGraph.cpp","RenderGraph::Execute","RenderGraph::Execute( RenderGraphContext context)",161,182
5,2,83,1,5,"RenderGraph::FindPass@184-188@engine\src\graphics\RenderGraph.cpp","engine\src\graphics\RenderGraph.cpp","RenderGraph::FindPass","RenderGraph::FindPass( std :: string_view name) const",184,188
5,2,83,1,5,"RenderGraph::FindResource@190-194@engine\src\graphics\RenderGraph.cpp","engine\src\graphics\RenderGraph.cpp","RenderGraph::FindResource","RenderGraph::FindResource( std :: string_view name) const",190,194
20,4,128,4,21,"RenderGraph::AddResourceAccess@196-216@engine\src\graphics\RenderGraph.cpp","engine\src\graphics\RenderGraph.cpp","RenderGraph::AddResourceAccess","RenderGraph::AddResourceAccess( std :: string_view pass , std :: string_view resource , ResourceUsage usage , bool write)",196,216
5,1,25,0,5,"RenderGraph::ResetCompiledState@218-222@engine\src\graphics\RenderGraph.cpp","engine\src\graphics\RenderGraph.cpp","RenderGraph::ResetCompiledState","RenderGraph::ResetCompiledState()",218,222
11,2,69,1,11,"RenderGraph::InitializeDependencyGraph@224-234@engine\src\graphics\RenderGraph.cpp","engine\src\graphics\RenderGraph.cpp","RenderGraph::InitializeDependencyGraph","RenderGraph::InitializeDependencyGraph( DependencyGraph * graph)",224,234
14,5,91,1,14,"RenderGraph::BuildExplicitDependencies@236-249@engine\src\graphics\RenderGraph.cpp","engine\src\graphics\RenderGraph.cpp","RenderGraph::BuildExplicitDependencies","RenderGraph::BuildExplicitDependencies( DependencyGraph * graph)",236,249
51,12,339,1,55,"RenderGraph::BuildResourceDependencies@251-305@engine\src\graphics\RenderGraph.cpp","engine\src\graphics\RenderGraph.cpp","RenderGraph::BuildResourceDependencies","RenderGraph::BuildResourceDependencies( DependencyGraph * graph)",251,305
46,10,270,1,49,"RenderGraph::CompileExecutionOrder@307-355@engine\src\graphics\RenderGraph.cpp","engine\src\graphics\RenderGraph.cpp","RenderGraph::CompileExecutionOrder","RenderGraph::CompileExecutionOrder( DependencyGraph * graph)",307,355
24,6,165,4,25,"RenderGraph::AddDependencyByIndex@357-381@engine\src\graphics\RenderGraph.cpp","engine\src\graphics\RenderGraph.cpp","RenderGraph::AddDependencyByIndex","RenderGraph::AddDependencyByIndex( uint32_t before , uint32_t after , std :: vector<std::vector<uint32_t>> * outgoing , std :: vector<uint32_t> * incoming)",357,381
31,8,176,0,33,"RenderGraph::BuildResourceTransitions@383-415@engine\src\graphics\RenderGraph.cpp","engine\src\graphics\RenderGraph.cpp","RenderGraph::BuildResourceTransitions","RenderGraph::BuildResourceTransitions()",383,415
3,1,40,2,3,"RenderPassController::PassScope::PassScope@8-10@engine\src\graphics\RenderPassController.cpp","engine\src\graphics\RenderPassController.cpp","RenderPassController::PassScope::PassScope","RenderPassController::PassScope::PassScope( RenderPassController & controller , RenderPass pass)",8,10
5,2,24,0,5,"RenderPassController::PassScope::~PassScope@12-16@engine\src\graphics\RenderPassController.cpp","engine\src\graphics\RenderPassController.cpp","RenderPassController::PassScope::~PassScope","RenderPassController::PassScope::~PassScope()",12,16
12,3,61,2,13,"RenderPassController::Initialize@18-30@engine\src\graphics\RenderPassController.cpp","engine\src\graphics\RenderPassController.cpp","RenderPassController::Initialize","RenderPassController::Initialize( DirectXCommon * dxCommon , SrvManager * srvManager)",18,30
18,3,109,4,18,"RenderPassController::BeginFrame@32-49@engine\src\graphics\RenderPassController.cpp","engine\src\graphics\RenderPassController.cpp","RenderPassController::BeginFrame","RenderPassController::BeginFrame( const FrameTime & frameTime , float deltaTime , uint32_t width , uint32_t height)",32,49
4,1,18,1,4,"RenderPassController::BeginPass@51-54@engine\src\graphics\RenderPassController.cpp","engine\src\graphics\RenderPassController.cpp","RenderPassController::BeginPass","RenderPassController::BeginPass( RenderPass pass)",51,54
3,1,18,1,3,"RenderPassController::ScopedPass@56-58@engine\src\graphics\RenderPassController.cpp","engine\src\graphics\RenderPassController.cpp","RenderPassController::ScopedPass","RenderPassController::ScopedPass( RenderPass pass)",56,58
3,1,15,0,3,"RenderPassController::EndPass@60-62@engine\src\graphics\RenderPassController.cpp","engine\src\graphics\RenderPassController.cpp","RenderPassController::EndPass","RenderPassController::EndPass()",60,62
3,1,17,1,3,"RenderPassController::SetCamera@64-66@engine\src\graphics\RenderPassController.cpp","engine\src\graphics\RenderPassController.cpp","RenderPassController::SetCamera","RenderPassController::SetCamera( const Camera * camera)",64,66
21,2,176,1,21,"RenderPassController::GetPassName@68-88@engine\src\graphics\RenderPassController.cpp","engine\src\graphics\RenderPassController.cpp","RenderPassController::GetPassName","RenderPassController::GetPassName( RenderPass pass)",68,88
16,5,93,1,16,"FeaturesFromFlags@10-25@engine\src\graphics\RenderScene.cpp","engine\src\graphics\RenderScene.cpp","FeaturesFromFlags","FeaturesFromFlags( RenderObjectFlags flags)",10,25
21,7,138,2,23,"ApplyMaterialClassification@27-49@engine\src\graphics\RenderScene.cpp","engine\src\graphics\RenderScene.cpp","ApplyMaterialClassification","ApplyMaterialClassification( RenderObjectFlags flags , const MaterialPipelineKey & key)",27,49
16,3,123,1,16,"NormalizeMeshItem@51-66@engine\src\graphics\RenderScene.cpp","engine\src\graphics\RenderScene.cpp","NormalizeMeshItem","NormalizeMeshItem( const T & item)",51,66
12,1,62,0,12,"RenderScene::BeginFrame@70-81@engine\src\graphics\RenderScene.cpp","engine\src\graphics\RenderScene.cpp","RenderScene::BeginFrame","RenderScene::BeginFrame()",70,81
28,4,218,1,28,"RenderScene::SubmitMesh@83-110@engine\src\graphics\RenderScene.cpp","engine\src\graphics\RenderScene.cpp","RenderScene::SubmitMesh","RenderScene::SubmitMesh( const RenderMeshItem & item)",83,110
25,4,185,1,25,"RenderScene::SubmitInstancedMesh@112-136@engine\src\graphics\RenderScene.cpp","engine\src\graphics\RenderScene.cpp","RenderScene::SubmitInstancedMesh","RenderScene::SubmitInstancedMesh( const RenderInstancedMeshItem & item)",112,136
3,1,11,0,3,"RenderScene::Meshes@138-140@engine\src\graphics\RenderScene.cpp","engine\src\graphics\RenderScene.cpp","RenderScene::Meshes","RenderScene::Meshes() const",138,140
3,1,11,0,3,"RenderScene::OpaqueMeshes@142-144@engine\src\graphics\RenderScene.cpp","engine\src\graphics\RenderScene.cpp","RenderScene::OpaqueMeshes","RenderScene::OpaqueMeshes() const",142,144
3,1,11,0,3,"RenderScene::TransparentMeshes@146-148@engine\src\graphics\RenderScene.cpp","engine\src\graphics\RenderScene.cpp","RenderScene::TransparentMeshes","RenderScene::TransparentMeshes() const",146,148
3,1,11,0,3,"RenderScene::ShadowMeshes@150-152@engine\src\graphics\RenderScene.cpp","engine\src\graphics\RenderScene.cpp","RenderScene::ShadowMeshes","RenderScene::ShadowMeshes() const",150,152
3,1,11,0,3,"RenderScene::InstancedMeshes@154-156@engine\src\graphics\RenderScene.cpp","engine\src\graphics\RenderScene.cpp","RenderScene::InstancedMeshes","RenderScene::InstancedMeshes() const",154,156
3,1,11,0,3,"RenderScene::OpaqueInstancedMeshes@158-160@engine\src\graphics\RenderScene.cpp","engine\src\graphics\RenderScene.cpp","RenderScene::OpaqueInstancedMeshes","RenderScene::OpaqueInstancedMeshes() const",158,160
3,1,11,0,3,"RenderScene::ShadowInstancedMeshes@162-164@engine\src\graphics\RenderScene.cpp","engine\src\graphics\RenderScene.cpp","RenderScene::ShadowInstancedMeshes","RenderScene::ShadowInstancedMeshes() const",162,164
19,6,160,1,19,"RenderScene::ReserveForMeshSubmit@166-184@engine\src\graphics\RenderScene.cpp","engine\src\graphics\RenderScene.cpp","RenderScene::ReserveForMeshSubmit","RenderScene::ReserveForMeshSubmit( const RenderMeshItem & item)",166,184
18,6,143,1,18,"RenderScene::ReserveForInstancedMeshSubmit@186-203@engine\src\graphics\RenderScene.cpp","engine\src\graphics\RenderScene.cpp","RenderScene::ReserveForInstancedMeshSubmit","RenderScene::ReserveForInstancedMeshSubmit( const RenderInstancedMeshItem & item)",186,203
13,4,126,1,14,"RenderScene::CategorizeMesh@205-218@engine\src\graphics\RenderScene.cpp","engine\src\graphics\RenderScene.cpp","RenderScene::CategorizeMesh","RenderScene::CategorizeMesh( const RenderMeshItem & item)",205,218
11,4,99,1,12,"RenderScene::CategorizeInstancedMesh@220-231@engine\src\graphics\RenderScene.cpp","engine\src\graphics\RenderScene.cpp","RenderScene::CategorizeInstancedMesh","RenderScene::CategorizeInstancedMesh( const RenderInstancedMeshItem & item)",220,231
3,1,17,1,3,"RenderScene::Normalize@233-235@engine\src\graphics\RenderScene.cpp","engine\src\graphics\RenderScene.cpp","RenderScene::Normalize","RenderScene::Normalize( const RenderMeshItem & item)",233,235
3,1,17,1,3,"RenderScene::Normalize@237-239@engine\src\graphics\RenderScene.cpp","engine\src\graphics\RenderScene.cpp","RenderScene::Normalize","RenderScene::Normalize( const RenderInstancedMeshItem & item)",237,239
3,1,18,1,3,"RenderScene::IsValid@241-243@engine\src\graphics\RenderScene.cpp","engine\src\graphics\RenderScene.cpp","RenderScene::IsValid","RenderScene::IsValid( const RenderMeshItem & item)",241,243
3,3,30,1,3,"RenderScene::IsValid@245-247@engine\src\graphics\RenderScene.cpp","engine\src\graphics\RenderScene.cpp","RenderScene::IsValid","RenderScene::IsValid( const RenderInstancedMeshItem & item)",245,247
12,2,83,0,12,"RenderScene::ReserveForLikelyFrame@249-260@engine\src\graphics\RenderScene.cpp","engine\src\graphics\RenderScene.cpp","RenderScene::ReserveForLikelyFrame","RenderScene::ReserveForLikelyFrame()",249,260
1,1,13,1,1,"RenderTextureInitializationGuard::RenderTextureInitializationGuard@21-21@engine\src\graphics\RenderTexture.cpp","engine\src\graphics\RenderTexture.cpp","RenderTextureInitializationGuard::RenderTextureInitializationGuard","RenderTextureInitializationGuard::RenderTextureInitializationGuard( RenderTexture & target)",21,21
5,2,17,0,5,"RenderTextureInitializationGuard::~RenderTextureInitializationGuard@22-26@engine\src\graphics\RenderTexture.cpp","engine\src\graphics\RenderTexture.cpp","RenderTextureInitializationGuard::~RenderTextureInitializationGuard","RenderTextureInitializationGuard::~RenderTextureInitializationGuard()",22,26
3,1,9,0,3,"RenderTextureInitializationGuard::Commit@31-33@engine\src\graphics\RenderTexture.cpp","engine\src\graphics\RenderTexture.cpp","RenderTextureInitializationGuard::Commit","RenderTextureInitializationGuard::Commit()",31,33
1,1,19,0,1,"RenderTexture::RenderTexture@41-41@engine\src\graphics\RenderTexture.cpp","engine\src\graphics\RenderTexture.cpp","RenderTexture::RenderTexture","RenderTexture::RenderTexture()",41,41
3,1,12,0,3,"RenderTexture::~RenderTexture@43-45@engine\src\graphics\RenderTexture.cpp","engine\src\graphics\RenderTexture.cpp","RenderTexture::~RenderTexture","RenderTexture::~RenderTexture()",43,45
3,1,13,0,3,"RenderTexture::GetWidth@47-49@engine\src\graphics\RenderTexture.cpp","engine\src\graphics\RenderTexture.cpp","RenderTexture::GetWidth","RenderTexture::GetWidth() const",47,49
3,1,13,0,3,"RenderTexture::GetHeight@51-53@engine\src\graphics\RenderTexture.cpp","engine\src\graphics\RenderTexture.cpp","RenderTexture::GetHeight","RenderTexture::GetHeight() const",51,53
4,6,39,0,4,"RenderTexture::IsReady@55-58@engine\src\graphics\RenderTexture.cpp","engine\src\graphics\RenderTexture.cpp","RenderTexture::IsReady","RenderTexture::IsReady() const",55,58
31,13,169,4,34,"RenderTexture::Initialize@60-93@engine\src\graphics\RenderTexture.cpp","engine\src\graphics\RenderTexture.cpp","RenderTexture::Initialize","RenderTexture::Initialize( DirectXCommon * dxCommon , SrvManager * srvManager , int width , int height)",60,93
23,14,148,2,25,"RenderTexture::Resize@95-119@engine\src\graphics\RenderTexture.cpp","engine\src\graphics\RenderTexture.cpp","RenderTexture::Resize","RenderTexture::Resize( int width , int height)",95,119
3,1,13,0,3,"RenderTexture::Release@121-123@engine\src\graphics\RenderTexture.cpp","engine\src\graphics\RenderTexture.cpp","RenderTexture::Release","RenderTexture::Release()",121,123
17,5,89,1,19,"RenderTexture::Release@125-143@engine\src\graphics\RenderTexture.cpp","engine\src\graphics\RenderTexture.cpp","RenderTexture::Release","RenderTexture::Release( bool allowFrameAbort)",125,143
3,1,22,1,3,"RenderTexture::BeginRender@145-147@engine\src\graphics\RenderTexture.cpp","engine\src\graphics\RenderTexture.cpp","RenderTexture::BeginRender","RenderTexture::BeginRender( const DirectX :: XMFLOAT4 & clearColor)",145,147
3,1,22,1,3,"RenderTexture::BeginRenderNoDepth@149-151@engine\src\graphics\RenderTexture.cpp","engine\src\graphics\RenderTexture.cpp","RenderTexture::BeginRenderNoDepth","RenderTexture::BeginRenderNoDepth( const DirectX :: XMFLOAT4 & clearColor)",149,151
57,11,442,3,64,"RenderTexture::BeginRenderInternal@153-216@engine\src\graphics\RenderTexture.cpp","engine\src\graphics\RenderTexture.cpp","RenderTexture::BeginRenderInternal","RenderTexture::BeginRenderInternal( const DirectX :: XMFLOAT4 & clearColor , bool bindDepth , bool clearDepth)",153,216
21,6,127,0,22,"RenderTexture::EndRender@218-239@engine\src\graphics\RenderTexture.cpp","engine\src\graphics\RenderTexture.cpp","RenderTexture::EndRender","RenderTexture::EndRender()",218,239
6,4,40,0,7,"RenderTexture::GetGpuHandle@241-247@engine\src\graphics\RenderTexture.cpp","engine\src\graphics\RenderTexture.cpp","RenderTexture::GetGpuHandle","RenderTexture::GetGpuHandle() const",241,247
3,1,13,0,3,"RenderTexture::ReleaseTextureResources@249-251@engine\src\graphics\RenderTexture.cpp","engine\src\graphics\RenderTexture.cpp","RenderTexture::ReleaseTextureResources","RenderTexture::ReleaseTextureResources()",249,251
13,4,71,1,14,"RenderTexture::ReleaseTextureResources@253-266@engine\src\graphics\RenderTexture.cpp","engine\src\graphics\RenderTexture.cpp","RenderTexture::ReleaseTextureResources","RenderTexture::ReleaseTextureResources( bool allowFrameAbort)",253,266
56,10,422,0,65,"RenderTexture::CreateResources@268-332@engine\src\graphics\RenderTexture.cpp","engine\src\graphics\RenderTexture.cpp","RenderTexture::CreateResources","RenderTexture::CreateResources()",268,332
7,2,47,1,7,"ShaderCompiler::ResolveShaderPath@21-27@engine\src\graphics\ShaderCompiler.cpp","engine\src\graphics\ShaderCompiler.cpp","ShaderCompiler::ResolveShaderPath","ShaderCompiler::ResolveShaderPath( const std :: wstring & path)",21,27
7,2,46,1,7,"ShaderCompiler::Widen@29-35@engine\src\graphics\ShaderCompiler.cpp","engine\src\graphics\ShaderCompiler.cpp","ShaderCompiler::Widen","ShaderCompiler::Widen( const std :: string & value)",29,35
21,7,129,1,21,"ShaderCompiler::NormalizeShaderTarget@37-57@engine\src\graphics\ShaderCompiler.cpp","engine\src\graphics\ShaderCompiler.cpp","ShaderCompiler::NormalizeShaderTarget","ShaderCompiler::NormalizeShaderTarget( const std :: string & target)",37,57
10,4,62,1,10,"ShaderCompiler::BlobToString@59-68@engine\src\graphics\ShaderCompiler.cpp","engine\src\graphics\ShaderCompiler.cpp","ShaderCompiler::BlobToString","ShaderCompiler::BlobToString( IDxcBlobUtf8 * blob)",59,68
11,2,88,1,11,"ShaderCompiler::NarrowAscii@70-80@engine\src\graphics\ShaderCompiler.cpp","engine\src\graphics\ShaderCompiler.cpp","ShaderCompiler::NarrowAscii","ShaderCompiler::NarrowAscii( const std :: wstring & value)",70,80
4,2,11,0,7,"ShaderCompiler::ShaderBuildConfigName@87-93@engine\src\graphics\ShaderCompiler.cpp","engine\src\graphics\ShaderCompiler.cpp","ShaderCompiler::ShaderBuildConfigName","ShaderCompiler::ShaderBuildConfigName()",87,93
7,2,65,3,7,"ShaderCompiler::HashAppendBytes@95-101@engine\src\graphics\ShaderCompiler.cpp","engine\src\graphics\ShaderCompiler.cpp","ShaderCompiler::HashAppendBytes","ShaderCompiler::HashAppendBytes( uint64_t & hash , const * data , size_t size)",95,101
5,1,51,2,5,"ShaderCompiler::HashAppendString@103-107@engine\src\graphics\ShaderCompiler.cpp","engine\src\graphics\ShaderCompiler.cpp","ShaderCompiler::HashAppendString","ShaderCompiler::HashAppendString( uint64_t & hash , const std :: string & value)",103,107
5,1,57,2,5,"ShaderCompiler::HashAppendWideString@109-113@engine\src\graphics\ShaderCompiler.cpp","engine\src\graphics\ShaderCompiler.cpp","ShaderCompiler::HashAppendWideString","ShaderCompiler::HashAppendWideString( uint64_t & hash , const std :: wstring & value)",109,113
22,5,164,2,22,"ShaderCompiler::ReadBinaryFile@115-136@engine\src\graphics\ShaderCompiler.cpp","engine\src\graphics\ShaderCompiler.cpp","ShaderCompiler::ReadBinaryFile","ShaderCompiler::ReadBinaryFile( const std :: filesystem :: path & path , std :: vector<uint8_t> & bytes)",115,136
10,3,85,1,10,"ShaderCompiler::CanonicalPathBestEffort@138-147@engine\src\graphics\ShaderCompiler.cpp","engine\src\graphics\ShaderCompiler.cpp","ShaderCompiler::CanonicalPathBestEffort","ShaderCompiler::CanonicalPathBestEffort( const std :: filesystem :: path & path)",138,147
66,17,457,4,69,"ShaderCompiler::HashShaderDependencyFile@149-217@engine\src\graphics\ShaderCompiler.cpp","engine\src\graphics\ShaderCompiler.cpp","ShaderCompiler::HashShaderDependencyFile","ShaderCompiler::HashShaderDependencyFile( const std :: filesystem :: path & path , uint64_t & hash , std :: unordered_set<std::wstring> & visited , uint32_t depth)",149,217
10,1,93,4,10,"ShaderCompiler::ComputeShaderDependencyHash@219-228@engine\src\graphics\ShaderCompiler.cpp","engine\src\graphics\ShaderCompiler.cpp","ShaderCompiler::ComputeShaderDependencyHash","ShaderCompiler::ComputeShaderDependencyHash( const std :: filesystem :: path & path , const std :: string & entry , const std :: wstring & target , uint64_t & hash)",219,228
6,1,75,1,6,"ShaderCompiler::ShaderCachePath@230-235@engine\src\graphics\ShaderCompiler.cpp","engine\src\graphics\ShaderCompiler.cpp","ShaderCompiler::ShaderCachePath","ShaderCompiler::ShaderCachePath( uint64_t hash)",230,235
4,1,14,0,4,"ShaderCompiler::ShaderCacheMutex@237-240@engine\src\graphics\ShaderCompiler.cpp","engine\src\graphics\ShaderCompiler.cpp","ShaderCompiler::ShaderCacheMutex","ShaderCompiler::ShaderCacheMutex()",237,240
4,1,28,0,4,"ShaderCompiler::ShaderMemoryCache@242-245@engine\src\graphics\ShaderCompiler.cpp","engine\src\graphics\ShaderCompiler.cpp","ShaderCompiler::ShaderMemoryCache","ShaderCompiler::ShaderMemoryCache()",242,245
11,2,62,0,11,"ShaderCompiler::SharedDxcUtils@247-257@engine\src\graphics\ShaderCompiler.cpp","engine\src\graphics\ShaderCompiler.cpp","ShaderCompiler::SharedDxcUtils","ShaderCompiler::SharedDxcUtils()",247,257
11,2,62,0,11,"ShaderCompiler::SharedDxcCompiler@259-269@engine\src\graphics\ShaderCompiler.cpp","engine\src\graphics\ShaderCompiler.cpp","ShaderCompiler::SharedDxcCompiler","ShaderCompiler::SharedDxcCompiler()",259,269
12,3,72,0,12,"ShaderCompiler::SharedDxcIncludeHandler@271-282@engine\src\graphics\ShaderCompiler.cpp","engine\src\graphics\ShaderCompiler.cpp","ShaderCompiler::SharedDxcIncludeHandler","ShaderCompiler::SharedDxcIncludeHandler()",271,282
21,8,143,1,22,"ShaderCompiler::CreateBlobFromBytes@284-305@engine\src\graphics\ShaderCompiler.cpp","engine\src\graphics\ShaderCompiler.cpp","ShaderCompiler::CreateBlobFromBytes","ShaderCompiler::CreateBlobFromBytes( const std :: vector<uint8_t> & bytes)",284,305
30,6,184,1,31,"ShaderCompiler::TryLoadCachedShader@307-337@engine\src\graphics\ShaderCompiler.cpp","engine\src\graphics\ShaderCompiler.cpp","ShaderCompiler::TryLoadCachedShader","ShaderCompiler::TryLoadCachedShader( const std :: filesystem :: path & path)",307,337
42,10,296,2,44,"ShaderCompiler::SaveCachedShader@339-382@engine\src\graphics\ShaderCompiler.cpp","engine\src\graphics\ShaderCompiler.cpp","ShaderCompiler::SaveCachedShader","ShaderCompiler::SaveCachedShader( const std :: filesystem :: path & path , IDxcBlob * shader)",339,382
9,4,108,4,9,"ShaderCompiler::MakeShaderCompileRequest@391-399@engine\src\graphics\ShaderCompiler.cpp","engine\src\graphics\ShaderCompiler.cpp","ShaderCompiler::MakeShaderCompileRequest","ShaderCompiler::MakeShaderCompileRequest( const std :: wstring & path , const std :: string & entry , const std :: string & target , ShaderCompileRequest & request)",391,399
15,3,79,2,15,"ShaderCompiler::TryLoadCachedShader@401-415@engine\src\graphics\ShaderCompiler.cpp","engine\src\graphics\ShaderCompiler.cpp","ShaderCompiler::TryLoadCachedShader","ShaderCompiler::TryLoadCachedShader( const ShaderCompileRequest & request , const std :: string & entry)",401,415
17,3,137,1,20,"ShaderCompiler::BuildDxcArguments@417-436@engine\src\graphics\ShaderCompiler.cpp","engine\src\graphics\ShaderCompiler.cpp","ShaderCompiler::BuildDxcArguments","ShaderCompiler::BuildDxcArguments( const ShaderCompileRequest & request)",417,436
13,3,100,4,14,"ShaderCompiler::TryLoadShaderSource@438-451@engine\src\graphics\ShaderCompiler.cpp","engine\src\graphics\ShaderCompiler.cpp","ShaderCompiler::TryLoadShaderSource","ShaderCompiler::TryLoadShaderSource( IDxcUtils * utils , const std :: wstring & path , Microsoft :: WRL :: ComPtr<IDxcBlobEncoding> & source , DxcBuffer & sourceBuffer)",438,451
15,3,100,4,15,"ShaderCompiler::CompileShaderSource@453-467@engine\src\graphics\ShaderCompiler.cpp","engine\src\graphics\ShaderCompiler.cpp","ShaderCompiler::CompileShaderSource","ShaderCompiler::CompileShaderSource( IDxcCompiler3 * compiler , IDxcIncludeHandler * includeHandler , const DxcBuffer & sourceBuffer , std :: vector<LPCWSTR> & arguments)",453,467
21,5,129,1,22,"ShaderCompiler::IsSuccessfulCompileResult@469-490@engine\src\graphics\ShaderCompiler.cpp","engine\src\graphics\ShaderCompiler.cpp","ShaderCompiler::IsSuccessfulCompileResult","ShaderCompiler::IsSuccessfulCompileResult( IDxcResult * result)",469,490
9,3,58,1,9,"ShaderCompiler::GetCompiledShaderObject@492-500@engine\src\graphics\ShaderCompiler.cpp","engine\src\graphics\ShaderCompiler.cpp","ShaderCompiler::GetCompiledShaderObject","ShaderCompiler::GetCompiledShaderObject( IDxcResult * result)",492,500
14,3,79,3,14,"ShaderCompiler::SaveCachedShader@502-515@engine\src\graphics\ShaderCompiler.cpp","engine\src\graphics\ShaderCompiler.cpp","ShaderCompiler::SaveCachedShader","ShaderCompiler::SaveCachedShader( const ShaderCompileRequest & request , const std :: string & entry , IDxcBlob * shader)",502,515
49,11,315,3,56,"ShaderCompiler::Compile@517-572@engine\src\graphics\ShaderCompiler.cpp","engine\src\graphics\ShaderCompiler.cpp","ShaderCompiler::Compile","ShaderCompiler::Compile( const std :: wstring & path , const std :: string & entry , const std :: string & target)",517,572
1,1,13,1,1,"ShadowMapInitializationGuard::ShadowMapInitializationGuard@19-19@engine\src\graphics\ShadowMapRenderer.cpp","engine\src\graphics\ShadowMapRenderer.cpp","ShadowMapInitializationGuard::ShadowMapInitializationGuard","ShadowMapInitializationGuard::ShadowMapInitializationGuard( ShadowMapRenderer & target)",19,19
5,2,17,0,5,"ShadowMapInitializationGuard::~ShadowMapInitializationGuard@20-24@engine\src\graphics\ShadowMapRenderer.cpp","engine\src\graphics\ShadowMapRenderer.cpp","ShadowMapInitializationGuard::~ShadowMapInitializationGuard","ShadowMapInitializationGuard::~ShadowMapInitializationGuard()",20,24
3,1,9,0,3,"ShadowMapInitializationGuard::Commit@29-31@engine\src\graphics\ShadowMapRenderer.cpp","engine\src\graphics\ShadowMapRenderer.cpp","ShadowMapInitializationGuard::Commit","ShadowMapInitializationGuard::Commit()",29,31
1,1,19,0,1,"ShadowMapRenderer::ShadowMapRenderer@39-39@engine\src\graphics\ShadowMapRenderer.cpp","engine\src\graphics\ShadowMapRenderer.cpp","ShadowMapRenderer::ShadowMapRenderer","ShadowMapRenderer::ShadowMapRenderer()",39,39
3,1,12,0,3,"ShadowMapRenderer::~ShadowMapRenderer@41-43@engine\src\graphics\ShadowMapRenderer.cpp","engine\src\graphics\ShadowMapRenderer.cpp","ShadowMapRenderer::~ShadowMapRenderer","ShadowMapRenderer::~ShadowMapRenderer()",41,43
3,1,13,0,3,"ShadowMapRenderer::GetLightViewProjection@45-47@engine\src\graphics\ShadowMapRenderer.cpp","engine\src\graphics\ShadowMapRenderer.cpp","ShadowMapRenderer::GetLightViewProjection","ShadowMapRenderer::GetLightViewProjection() const",45,47
3,1,19,1,3,"ShadowMapRenderer::SetLightViewProjection@49-51@engine\src\graphics\ShadowMapRenderer.cpp","engine\src\graphics\ShadowMapRenderer.cpp","ShadowMapRenderer::SetLightViewProjection","ShadowMapRenderer::SetLightViewProjection( const DirectX :: XMFLOAT4X4 & matrix)",49,51
3,1,13,0,3,"ShadowMapRenderer::GetWidth@53-55@engine\src\graphics\ShadowMapRenderer.cpp","engine\src\graphics\ShadowMapRenderer.cpp","ShadowMapRenderer::GetWidth","ShadowMapRenderer::GetWidth() const",53,55
3,1,13,0,3,"ShadowMapRenderer::GetHeight@57-59@engine\src\graphics\ShadowMapRenderer.cpp","engine\src\graphics\ShadowMapRenderer.cpp","ShadowMapRenderer::GetHeight","ShadowMapRenderer::GetHeight() const",57,59
5,6,40,0,5,"ShadowMapRenderer::IsReady@61-65@engine\src\graphics\ShadowMapRenderer.cpp","engine\src\graphics\ShadowMapRenderer.cpp","ShadowMapRenderer::IsReady","ShadowMapRenderer::IsReady() const",61,65
24,8,126,4,26,"ShadowMapRenderer::Initialize@67-92@engine\src\graphics\ShadowMapRenderer.cpp","engine\src\graphics\ShadowMapRenderer.cpp","ShadowMapRenderer::Initialize","ShadowMapRenderer::Initialize( DirectXCommon * dxCommon , SrvManager * srvManager , uint32_t width , uint32_t height)",67,92
3,1,13,0,3,"ShadowMapRenderer::Release@94-96@engine\src\graphics\ShadowMapRenderer.cpp","engine\src\graphics\ShadowMapRenderer.cpp","ShadowMapRenderer::Release","ShadowMapRenderer::Release()",94,96
17,5,91,1,19,"ShadowMapRenderer::Release@98-116@engine\src\graphics\ShadowMapRenderer.cpp","engine\src\graphics\ShadowMapRenderer.cpp","ShadowMapRenderer::Release","ShadowMapRenderer::Release( bool allowFrameAbort)",98,116
54,14,438,2,61,"ShadowMapRenderer::Resize@118-178@engine\src\graphics\ShadowMapRenderer.cpp","engine\src\graphics\ShadowMapRenderer.cpp","ShadowMapRenderer::Resize","ShadowMapRenderer::Resize( uint32_t width , uint32_t height)",118,178
26,8,204,0,29,"ShadowMapRenderer::Begin@180-208@engine\src\graphics\ShadowMapRenderer.cpp","engine\src\graphics\ShadowMapRenderer.cpp","ShadowMapRenderer::Begin","ShadowMapRenderer::Begin()",180,208
21,6,127,0,23,"ShadowMapRenderer::End@210-232@engine\src\graphics\ShadowMapRenderer.cpp","engine\src\graphics\ShadowMapRenderer.cpp","ShadowMapRenderer::End","ShadowMapRenderer::End()",210,232
7,4,42,0,8,"ShadowMapRenderer::GetGpuHandle@234-241@engine\src\graphics\ShadowMapRenderer.cpp","engine\src\graphics\ShadowMapRenderer.cpp","ShadowMapRenderer::GetGpuHandle","ShadowMapRenderer::GetGpuHandle() const",234,241
6,2,30,0,7,"ShadowMapRenderer::GetDsvHandle@243-249@engine\src\graphics\ShadowMapRenderer.cpp","engine\src\graphics\ShadowMapRenderer.cpp","ShadowMapRenderer::GetDsvHandle","ShadowMapRenderer::GetDsvHandle() const",243,249
3,1,13,0,3,"ShadowMapRenderer::ReleaseDepthResources@251-253@engine\src\graphics\ShadowMapRenderer.cpp","engine\src\graphics\ShadowMapRenderer.cpp","ShadowMapRenderer::ReleaseDepthResources","ShadowMapRenderer::ReleaseDepthResources()",251,253
13,4,73,1,14,"ShadowMapRenderer::ReleaseDepthResources@255-268@engine\src\graphics\ShadowMapRenderer.cpp","engine\src\graphics\ShadowMapRenderer.cpp","ShadowMapRenderer::ReleaseDepthResources","ShadowMapRenderer::ReleaseDepthResources( bool allowFrameAbort)",255,268
45,6,290,0,50,"ShadowMapRenderer::CreateResources@270-319@engine\src\graphics\ShadowMapRenderer.cpp","engine\src\graphics\ShadowMapRenderer.cpp","ShadowMapRenderer::CreateResources","ShadowMapRenderer::CreateResources()",270,319
23,8,161,0,25,"ShadowMapRenderer::UpdateSrv@321-345@engine\src\graphics\ShadowMapRenderer.cpp","engine\src\graphics\ShadowMapRenderer.cpp","ShadowMapRenderer::UpdateSrv","ShadowMapRenderer::UpdateSrv()",321,345
1,1,19,0,1,"SrvManager::SrvManager@12-12@engine\src\graphics\SrvManager.cpp","engine\src\graphics\SrvManager.cpp","SrvManager::SrvManager","SrvManager::SrvManager()",12,12
3,1,17,0,3,"SrvManager::GetHeap@16-18@engine\src\graphics\SrvManager.cpp","engine\src\graphics\SrvManager.cpp","SrvManager::GetHeap","SrvManager::GetHeap() const",16,18
3,1,13,0,3,"SrvManager::GetDescriptorSize@20-22@engine\src\graphics\SrvManager.cpp","engine\src\graphics\SrvManager.cpp","SrvManager::GetDescriptorSize","SrvManager::GetDescriptorSize() const",20,22
48,7,336,2,52,"SrvManager::Initialize@24-75@engine\src\graphics\SrvManager.cpp","engine\src\graphics\SrvManager.cpp","SrvManager::Initialize","SrvManager::Initialize( const DirectXCommon * dxCommon , UINT maxSrvCount)",24,75
14,3,85,0,16,"SrvManager::Allocate@77-92@engine\src\graphics\SrvManager.cpp","engine\src\graphics\SrvManager.cpp","SrvManager::Allocate","SrvManager::Allocate()",77,92
22,6,157,1,24,"SrvManager::AllocateRange@94-117@engine\src\graphics\SrvManager.cpp","engine\src\graphics\SrvManager.cpp","SrvManager::AllocateRange","SrvManager::AllocateRange( UINT count)",94,117
11,7,92,1,12,"SrvManager::CanAllocateDescriptors@119-130@engine\src\graphics\SrvManager.cpp","engine\src\graphics\SrvManager.cpp","SrvManager::CanAllocateDescriptors","SrvManager::CanAllocateDescriptors( UINT count) const",119,130
3,1,18,1,3,"SrvManager::CanAllocateRange@132-134@engine\src\graphics\SrvManager.cpp","engine\src\graphics\SrvManager.cpp","SrvManager::CanAllocateRange","SrvManager::CanAllocateRange( UINT count) const",132,134
3,1,14,1,3,"SrvManager::Free@136-138@engine\src\graphics\SrvManager.cpp","engine\src\graphics\SrvManager.cpp","SrvManager::Free","SrvManager::Free( UINT index)",136,138
12,3,59,1,13,"SrvManager::FreeIfAllocated@140-152@engine\src\graphics\SrvManager.cpp","engine\src\graphics\SrvManager.cpp","SrvManager::FreeIfAllocated","SrvManager::FreeIfAllocated( UINT index)",140,152
4,3,34,1,4,"SrvManager::IsAllocated@154-157@engine\src\graphics\SrvManager.cpp","engine\src\graphics\SrvManager.cpp","SrvManager::IsAllocated","SrvManager::IsAllocated( UINT index) const",154,157
22,11,144,1,25,"SrvManager::FindAvailableRange@159-183@engine\src\graphics\SrvManager.cpp","engine\src\graphics\SrvManager.cpp","SrvManager::FindAvailableRange","SrvManager::FindAvailableRange( UINT count) const",159,183
4,1,24,2,4,"SrvManager::ValidateAllocatedIndex@185-188@engine\src\graphics\SrvManager.cpp","engine\src\graphics\SrvManager.cpp","SrvManager::ValidateAllocatedIndex","SrvManager::ValidateAllocatedIndex( UINT index , const char * operation)",185,188
7,4,59,1,8,"SrvManager::GetCpuHandle@191-198@engine\src\graphics\SrvManager.cpp","engine\src\graphics\SrvManager.cpp","SrvManager::GetCpuHandle","SrvManager::GetCpuHandle( UINT index) const",191,198
7,4,59,1,8,"SrvManager::GetGpuHandle@201-208@engine\src\graphics\SrvManager.cpp","engine\src\graphics\SrvManager.cpp","SrvManager::GetGpuHandle","SrvManager::GetGpuHandle( UINT index) const",201,208
3,3,37,1,3,"IsFinitePosition@16-18@engine\src\graphics\TransparentRenderQueue.cpp","engine\src\graphics\TransparentRenderQueue.cpp","IsFinitePosition","IsFinitePosition( const XMFLOAT3 & position)",16,18
15,5,173,2,16,"SafeDistanceSquared@20-35@engine\src\graphics\TransparentRenderQueue.cpp","engine\src\graphics\TransparentRenderQueue.cpp","SafeDistanceSquared","SafeDistanceSquared( const XMFLOAT3 & worldPosition , const XMFLOAT3 & cameraPosition)",20,35
6,1,26,0,6,"TransparentRenderQueue::Clear@39-44@engine\src\graphics\TransparentRenderQueue.cpp","engine\src\graphics\TransparentRenderQueue.cpp","TransparentRenderQueue::Clear","TransparentRenderQueue::Clear()",39,44
18,7,103,2,21,"TransparentRenderQueue::Submit@46-66@engine\src\graphics\TransparentRenderQueue.cpp","engine\src\graphics\TransparentRenderQueue.cpp","TransparentRenderQueue::Submit","TransparentRenderQueue::Submit( float distanceSquared , DrawCallback draw)",46,66
5,1,46,3,5,"TransparentRenderQueue::Submit@68-72@engine\src\graphics\TransparentRenderQueue.cpp","engine\src\graphics\TransparentRenderQueue.cpp","TransparentRenderQueue::Submit","TransparentRenderQueue::Submit( const XMFLOAT3 & worldPosition , const Camera & camera , DrawCallback draw)",68,72
17,6,114,0,19,"TransparentRenderQueue::Flush@74-92@engine\src\graphics\TransparentRenderQueue.cpp","engine\src\graphics\TransparentRenderQueue.cpp","TransparentRenderQueue::Flush","TransparentRenderQueue::Flush()",74,92
7,3,27,0,7,"UploadRingBuffer::~UploadRingBuffer@14-20@engine\src\graphics\UploadRingBuffer.cpp","engine\src\graphics\UploadRingBuffer.cpp","UploadRingBuffer::~UploadRingBuffer","UploadRingBuffer::~UploadRingBuffer()",14,20
29,9,166,3,31,"UploadRingBuffer::Initialize@22-52@engine\src\graphics\UploadRingBuffer.cpp","engine\src\graphics\UploadRingBuffer.cpp","UploadRingBuffer::Initialize","UploadRingBuffer::Initialize( ID3D12Device * device , size_t bytesPerFrame , uint32_t frameCount)",22,52
9,2,41,0,9,"UploadRingBuffer::Reset@54-62@engine\src\graphics\UploadRingBuffer.cpp","engine\src\graphics\UploadRingBuffer.cpp","UploadRingBuffer::Reset","UploadRingBuffer::Reset()",54,62
7,2,48,0,7,"UploadRingBuffer::BeginFrame@64-70@engine\src\graphics\UploadRingBuffer.cpp","engine\src\graphics\UploadRingBuffer.cpp","UploadRingBuffer::BeginFrame","UploadRingBuffer::BeginFrame()",64,70
7,2,46,1,7,"UploadRingBuffer::BeginFrame@72-78@engine\src\graphics\UploadRingBuffer.cpp","engine\src\graphics\UploadRingBuffer.cpp","UploadRingBuffer::BeginFrame","UploadRingBuffer::BeginFrame( uint32_t frameIndex)",72,78
25,7,178,2,28,"UploadRingBuffer::Allocate@80-107@engine\src\graphics\UploadRingBuffer.cpp","engine\src\graphics\UploadRingBuffer.cpp","UploadRingBuffer::Allocate","UploadRingBuffer::Allocate( size_t size , size_t alignment)",80,107
6,2,29,0,6,"UploadRingBuffer::GetFrameOffset@109-114@engine\src\graphics\UploadRingBuffer.cpp","engine\src\graphics\UploadRingBuffer.cpp","UploadRingBuffer::GetFrameOffset","UploadRingBuffer::GetFrameOffset() const",109,114
3,1,22,2,3,"UploadRingBuffer::AlignUp@116-118@engine\src\graphics\UploadRingBuffer.cpp","engine\src\graphics\UploadRingBuffer.cpp","UploadRingBuffer::AlignUp","UploadRingBuffer::AlignUp( size_t value , size_t alignment)",116,118
18,3,123,3,18,"UploadRingBuffer::CreateFrameResource@120-137@engine\src\graphics\UploadRingBuffer.cpp","engine\src\graphics\UploadRingBuffer.cpp","UploadRingBuffer::CreateFrameResource","UploadRingBuffer::CreateFrameResource( FrameResource & frame , ID3D12Device * device , size_t bytesPerFrame)",120,137
4,1,45,0,4,"UploadRingBuffer::HasResources@139-142@engine\src\graphics\UploadRingBuffer.cpp","engine\src\graphics\UploadRingBuffer.cpp","UploadRingBuffer::HasResources","UploadRingBuffer::HasResources() const",139,142
3,2,22,2,3,"FiniteOr@40-42@engine\src\graphics\VolumetricLightingSystem.cpp","engine\src\graphics\VolumetricLightingSystem.cpp","FiniteOr","FiniteOr( float value , float fallback)",40,42
3,1,30,3,3,"AtLeastFinite@44-46@engine\src\graphics\VolumetricLightingSystem.cpp","engine\src\graphics\VolumetricLightingSystem.cpp","AtLeastFinite","AtLeastFinite( float value , float minimum , float fallback)",44,46
3,1,33,4,3,"ClampFinite@48-50@engine\src\graphics\VolumetricLightingSystem.cpp","engine\src\graphics\VolumetricLightingSystem.cpp","ClampFinite","ClampFinite( float value , float minimum , float maximum , float fallback)",48,50
10,5,94,1,10,"SanitizeDirection@52-61@engine\src\graphics\VolumetricLightingSystem.cpp","engine\src\graphics\VolumetricLightingSystem.cpp","SanitizeDirection","SanitizeDirection( const XMFLOAT3 & value)",52,61
7,1,52,1,7,"SanitizeColor@63-69@engine\src\graphics\VolumetricLightingSystem.cpp","engine\src\graphics\VolumetricLightingSystem.cpp","SanitizeColor","SanitizeColor( const XMFLOAT3 & value)",63,69
26,4,405,1,26,"SanitizeSettings@71-96@engine\src\graphics\VolumetricLightingSystem.cpp","engine\src\graphics\VolumetricLightingSystem.cpp","SanitizeSettings","SanitizeSettings( const VolumetricLightingSettings & source)",71,96
7,2,39,1,7,"ResolveHalfResolution@98-104@engine\src\graphics\VolumetricLightingSystem.cpp","engine\src\graphics\VolumetricLightingSystem.cpp","ResolveHalfResolution","ResolveHalfResolution( int extent)",98,104
14,1,120,6,14,"DrawCompositeTriangle@106-119@engine\src\graphics\VolumetricLightingSystem.cpp","engine\src\graphics\VolumetricLightingSystem.cpp","DrawCompositeTriangle","DrawCompositeTriangle( ID3D12GraphicsCommandList * commandList , ID3D12DescriptorHeap * heap , ID3D12PipelineState * pipelineState , ID3D12RootSignature * rootSignature , const float(&constants) [ 4 ] , D3D12_GPU_DESCRIPTOR_HANDLE currentHandle , D3D12_GPU_DESCRIPTOR_HANDLE historyHandle)",106,119
4,4,41,2,4,"HasReadyVolumePair@121-124@engine\src\graphics\VolumetricLightingSystem.cpp","engine\src\graphics\VolumetricLightingSystem.cpp","HasReadyVolumePair","HasReadyVolumePair( const std :: unique_ptr<RenderTexture> & currentVolume , const std :: unique_ptr<RenderTexture> & historyVolume)",121,124
6,4,61,4,6,"TryGetCommandContext@126-131@engine\src\graphics\VolumetricLightingSystem.cpp","engine\src\graphics\VolumetricLightingSystem.cpp","TryGetCommandContext","TryGetCommandContext( const DirectXCommon * dxCommon , const SrvManager * srvManager , ID3D12GraphicsCommandList * & commandList , ID3D12DescriptorHeap * & heap)",126,131
7,3,34,0,7,"VolumetricLightingSystem::ConstantFrame::Reset@139-145@engine\src\graphics\VolumetricLightingSystem.cpp","engine\src\graphics\VolumetricLightingSystem.cpp","VolumetricLightingSystem::ConstantFrame::Reset","VolumetricLightingSystem::ConstantFrame::Reset()",139,145
1,1,19,0,1,"VolumetricLightingSystem::VolumetricLightingSystem@165-165@engine\src\graphics\VolumetricLightingSystem.cpp","engine\src\graphics\VolumetricLightingSystem.cpp","VolumetricLightingSystem::VolumetricLightingSystem","VolumetricLightingSystem::VolumetricLightingSystem()",165,165
3,1,12,0,3,"VolumetricLightingSystem::~VolumetricLightingSystem@167-169@engine\src\graphics\VolumetricLightingSystem.cpp","engine\src\graphics\VolumetricLightingSystem.cpp","VolumetricLightingSystem::~VolumetricLightingSystem","VolumetricLightingSystem::~VolumetricLightingSystem()",167,169
20,6,98,4,22,"VolumetricLightingSystem::Initialize@171-192@engine\src\graphics\VolumetricLightingSystem.cpp","engine\src\graphics\VolumetricLightingSystem.cpp","VolumetricLightingSystem::Initialize","VolumetricLightingSystem::Initialize( DirectXCommon * dxCommon , SrvManager * srvManager , int width , int height)",171,192
3,1,13,0,3,"VolumetricLightingSystem::Finalize@194-196@engine\src\graphics\VolumetricLightingSystem.cpp","engine\src\graphics\VolumetricLightingSystem.cpp","VolumetricLightingSystem::Finalize","VolumetricLightingSystem::Finalize()",194,196
33,13,221,1,33,"VolumetricLightingSystem::Finalize@198-230@engine\src\graphics\VolumetricLightingSystem.cpp","engine\src\graphics\VolumetricLightingSystem.cpp","VolumetricLightingSystem::Finalize","VolumetricLightingSystem::Finalize( bool allowFrameAbort)",198,230
22,4,160,2,23,"VolumetricLightingSystem::Resize@232-254@engine\src\graphics\VolumetricLightingSystem.cpp","engine\src\graphics\VolumetricLightingSystem.cpp","VolumetricLightingSystem::Resize","VolumetricLightingSystem::Resize( int width , int height)",232,254
3,1,20,1,3,"VolumetricLightingSystem::SetSettings@256-258@engine\src\graphics\VolumetricLightingSystem.cpp","engine\src\graphics\VolumetricLightingSystem.cpp","VolumetricLightingSystem::SetSettings","VolumetricLightingSystem::SetSettings( const VolumetricLightingSettings & settings)",256,258
3,1,13,0,3,"VolumetricLightingSystem::GetSettings@260-262@engine\src\graphics\VolumetricLightingSystem.cpp","engine\src\graphics\VolumetricLightingSystem.cpp","VolumetricLightingSystem::GetSettings","VolumetricLightingSystem::GetSettings() const",260,262
6,8,41,0,6,"VolumetricLightingSystem::IsReady@264-269@engine\src\graphics\VolumetricLightingSystem.cpp","engine\src\graphics\VolumetricLightingSystem.cpp","VolumetricLightingSystem::IsReady","VolumetricLightingSystem::IsReady() const",264,269
28,3,250,0,33,"VolumetricLightingSystem::CreateRootSignature@271-303@engine\src\graphics\VolumetricLightingSystem.cpp","engine\src\graphics\VolumetricLightingSystem.cpp","VolumetricLightingSystem::CreateRootSignature","VolumetricLightingSystem::CreateRootSignature()",271,303
24,3,186,0,29,"VolumetricLightingSystem::CreateCompositeRootSignature@305-333@engine\src\graphics\VolumetricLightingSystem.cpp","engine\src\graphics\VolumetricLightingSystem.cpp","VolumetricLightingSystem::CreateCompositeRootSignature","VolumetricLightingSystem::CreateCompositeRootSignature()",305,333
53,11,448,0,59,"VolumetricLightingSystem::CreatePipelineState@335-393@engine\src\graphics\VolumetricLightingSystem.cpp","engine\src\graphics\VolumetricLightingSystem.cpp","VolumetricLightingSystem::CreatePipelineState","VolumetricLightingSystem::CreatePipelineState()",335,393
9,3,77,0,9,"VolumetricLightingSystem::CreateConstantBuffers@395-403@engine\src\graphics\VolumetricLightingSystem.cpp","engine\src\graphics\VolumetricLightingSystem.cpp","VolumetricLightingSystem::CreateConstantBuffers","VolumetricLightingSystem::CreateConstantBuffers()",395,403
8,3,67,0,8,"VolumetricLightingSystem::HasConstantBuffers@405-412@engine\src\graphics\VolumetricLightingSystem.cpp","engine\src\graphics\VolumetricLightingSystem.cpp","VolumetricLightingSystem::HasConstantBuffers","VolumetricLightingSystem::HasConstantBuffers() const",405,412
8,3,55,0,8,"VolumetricLightingSystem::GetCurrentConstantFrame@414-421@engine\src\graphics\VolumetricLightingSystem.cpp","engine\src\graphics\VolumetricLightingSystem.cpp","VolumetricLightingSystem::GetCurrentConstantFrame","VolumetricLightingSystem::GetCurrentConstantFrame()",414,421
9,3,56,0,9,"VolumetricLightingSystem::GetCurrentConstantFrame@423-431@engine\src\graphics\VolumetricLightingSystem.cpp","engine\src\graphics\VolumetricLightingSystem.cpp","VolumetricLightingSystem::GetCurrentConstantFrame","VolumetricLightingSystem::GetCurrentConstantFrame() const",423,431
36,14,261,0,40,"VolumetricLightingSystem::EnsureRenderTextures@433-472@engine\src\graphics\VolumetricLightingSystem.cpp","engine\src\graphics\VolumetricLightingSystem.cpp","VolumetricLightingSystem::EnsureRenderTextures","VolumetricLightingSystem::EnsureRenderTextures()",433,472
23,5,190,3,25,"VolumetricLightingSystem::DrawVolumeTexture@474-498@engine\src\graphics\VolumetricLightingSystem.cpp","engine\src\graphics\VolumetricLightingSystem.cpp","VolumetricLightingSystem::DrawVolumeTexture","VolumetricLightingSystem::DrawVolumeTexture( D3D12_GPU_DESCRIPTOR_HANDLE depthHandle , D3D12_GPU_DESCRIPTOR_HANDLE shadowHandle , D3D12_GPU_VIRTUAL_ADDRESS constantsAddress)",474,498
22,4,145,0,24,"VolumetricLightingSystem::CompositeToScene@500-523@engine\src\graphics\VolumetricLightingSystem.cpp","engine\src\graphics\VolumetricLightingSystem.cpp","VolumetricLightingSystem::CompositeToScene","VolumetricLightingSystem::CompositeToScene()",500,523
18,3,160,0,20,"VolumetricLightingSystem::CopyCurrentToHistory@525-544@engine\src\graphics\VolumetricLightingSystem.cpp","engine\src\graphics\VolumetricLightingSystem.cpp","VolumetricLightingSystem::CopyCurrentToHistory","VolumetricLightingSystem::CopyCurrentToHistory()",525,544
42,11,442,4,45,"VolumetricLightingSystem::Draw@546-590@engine\src\graphics\VolumetricLightingSystem.cpp","engine\src\graphics\VolumetricLightingSystem.cpp","VolumetricLightingSystem::Draw","VolumetricLightingSystem::Draw( D3D12_GPU_DESCRIPTOR_HANDLE depthHandle , D3D12_GPU_DESCRIPTOR_HANDLE shadowHandle , const Camera & camera , const XMFLOAT4X4 & lightViewProjection)",546,590
1,1,13,1,1,"ImguiInitializationGuard::ImguiInitializationGuard@22-22@engine\src\imgui\ImguiManager.cpp","engine\src\imgui\ImguiManager.cpp","ImguiInitializationGuard::ImguiInitializationGuard","ImguiInitializationGuard::ImguiInitializationGuard( ImguiManager & manager)",22,22
5,2,17,0,5,"ImguiInitializationGuard::~ImguiInitializationGuard@23-27@engine\src\imgui\ImguiManager.cpp","engine\src\imgui\ImguiManager.cpp","ImguiInitializationGuard::~ImguiInitializationGuard","ImguiInitializationGuard::~ImguiInitializationGuard()",23,27
3,1,9,0,3,"ImguiInitializationGuard::Commit@32-34@engine\src\imgui\ImguiManager.cpp","engine\src\imgui\ImguiManager.cpp","ImguiInitializationGuard::Commit","ImguiInitializationGuard::Commit()",32,34
2,1,22,2,2,"ImguiDescriptorAllocationGuard::ImguiDescriptorAllocationGuard@43-44@engine\src\imgui\ImguiManager.cpp","engine\src\imgui\ImguiManager.cpp","ImguiDescriptorAllocationGuard::ImguiDescriptorAllocationGuard","ImguiDescriptorAllocationGuard::ImguiDescriptorAllocationGuard( SrvManager & srvManager , uint32_t index)",43,44
5,3,22,0,5,"ImguiDescriptorAllocationGuard::~ImguiDescriptorAllocationGuard@45-49@engine\src\imgui\ImguiManager.cpp","engine\src\imgui\ImguiManager.cpp","ImguiDescriptorAllocationGuard::~ImguiDescriptorAllocationGuard","ImguiDescriptorAllocationGuard::~ImguiDescriptorAllocationGuard()",45,49
3,1,9,0,3,"ImguiDescriptorAllocationGuard::Commit@54-56@engine\src\imgui\ImguiManager.cpp","engine\src\imgui\ImguiManager.cpp","ImguiDescriptorAllocationGuard::Commit","ImguiDescriptorAllocationGuard::Commit()",54,56
17,6,117,2,19,"TryLoadImguiFont@64-82@engine\src\imgui\ImguiManager.cpp","engine\src\imgui\ImguiManager.cpp","TryLoadImguiFont","TryLoadImguiFont( const std :: filesystem :: path & fontPath , const ImWchar * fontRanges)",64,82
54,5,196,0,55,"LoadJapaneseImguiFont@84-138@engine\src\imgui\ImguiManager.cpp","engine\src\imgui\ImguiManager.cpp","LoadJapaneseImguiFont","LoadJapaneseImguiFont()",84,138
3,1,12,0,3,"ImguiManager::~ImguiManager@141-143@engine\src\imgui\ImguiManager.cpp","engine\src\imgui\ImguiManager.cpp","ImguiManager::~ImguiManager","ImguiManager::~ImguiManager()",141,143
25,8,119,3,30,"ImguiManager::Initialize@145-174@engine\src\imgui\ImguiManager.cpp","engine\src\imgui\ImguiManager.cpp","ImguiManager::Initialize","ImguiManager::Initialize( const WinApp * winApp , DirectXCommon * dxCommon , SrvManager * srvManager)",145,174
12,2,59,1,13,"ImguiManager::TryInitializeImguiContext@176-188@engine\src\imgui\ImguiManager.cpp","engine\src\imgui\ImguiManager.cpp","ImguiManager::TryInitializeImguiContext","ImguiManager::TryInitializeImguiContext( const WinApp * winApp)",176,188
5,6,53,1,5,"ImguiManager::HasDx12BackendRequirements@190-194@engine\src\imgui\ImguiManager.cpp","engine\src\imgui\ImguiManager.cpp","ImguiManager::HasDx12BackendRequirements","ImguiManager::HasDx12BackendRequirements( const DirectXCommon * dxCommon) const",190,194
13,1,103,1,13,"ImguiManager::CreateDx12InitInfo@196-208@engine\src\imgui\ImguiManager.cpp","engine\src\imgui\ImguiManager.cpp","ImguiManager::CreateDx12InitInfo","ImguiManager::CreateDx12InitInfo( const DirectXCommon * dxCommon)",196,208
30,10,203,3,32,"ImguiManager::AllocateDx12Srv@210-241@engine\src\imgui\ImguiManager.cpp","engine\src\imgui\ImguiManager.cpp","ImguiManager::AllocateDx12Srv","ImguiManager::AllocateDx12Srv( ImGui_ImplDX12_InitInfo * info , D3D12_CPU_DESCRIPTOR_HANDLE * outCpu , D3D12_GPU_DESCRIPTOR_HANDLE * outGpu)",210,241
16,5,108,3,16,"ImguiManager::FreeDx12Srv@243-258@engine\src\imgui\ImguiManager.cpp","engine\src\imgui\ImguiManager.cpp","ImguiManager::FreeDx12Srv","ImguiManager::FreeDx12Srv( ImGui_ImplDX12_InitInfo * info , D3D12_CPU_DESCRIPTOR_HANDLE cpuHandle , D3D12_GPU_DESCRIPTOR_HANDLE)",243,258
3,1,13,0,3,"ImguiManager::Finalize@260-262@engine\src\imgui\ImguiManager.cpp","engine\src\imgui\ImguiManager.cpp","ImguiManager::Finalize","ImguiManager::Finalize()",260,262
28,8,135,1,30,"ImguiManager::Finalize@264-293@engine\src\imgui\ImguiManager.cpp","engine\src\imgui\ImguiManager.cpp","ImguiManager::Finalize","ImguiManager::Finalize( bool allowFrameAbort)",264,293
4,5,27,0,4,"ImguiManager::IsReady@295-298@engine\src\imgui\ImguiManager.cpp","engine\src\imgui\ImguiManager.cpp","ImguiManager::IsReady","ImguiManager::IsReady() const",295,298
10,3,62,1,12,"ImguiManager::Begin@300-311@engine\src\imgui\ImguiManager.cpp","engine\src\imgui\ImguiManager.cpp","ImguiManager::Begin","ImguiManager::Begin( ID3D12GraphicsCommandList * commandList)",300,311
9,3,65,1,12,"ImguiManager::End@313-324@engine\src\imgui\ImguiManager.cpp","engine\src\imgui\ImguiManager.cpp","ImguiManager::End","ImguiManager::End( ID3D12GraphicsCommandList * commandList)",313,324
11,4,108,2,12,"NormalizeThumbAxis@18-29@engine\src\input\Input.cpp","engine\src\input\Input.cpp","NormalizeThumbAxis","NormalizeThumbAxis( SHORT value , SHORT deadZone)",18,29
8,2,52,1,9,"NormalizeTrigger@31-39@engine\src\input\Input.cpp","engine\src\input\Input.cpp","NormalizeTrigger","NormalizeTrigger( BYTE value)",31,39
14,4,119,0,15,"GetDefaultReplayDirectory@41-55@engine\src\input\Input.cpp","engine\src\input\Input.cpp","GetDefaultReplayDirectory","GetDefaultReplayDirectory()",41,55
1,1,19,0,1,"Input::Input@59-59@engine\src\input\Input.cpp","engine\src\input\Input.cpp","Input::Input","Input::Input()",59,59
3,1,11,0,3,"Input::~Input@61-63@engine\src\input\Input.cpp","engine\src\input\Input.cpp","Input::~Input","Input::~Input()",61,63
3,1,13,0,3,"Input::GetReplayMode@65-67@engine\src\input\Input.cpp","engine\src\input\Input.cpp","Input::GetReplayMode","Input::GetReplayMode() const",65,67
3,1,13,0,3,"Input::IsReplayFinished@69-71@engine\src\input\Input.cpp","engine\src\input\Input.cpp","Input::IsReplayFinished","Input::IsReplayFinished() const",69,71
3,1,13,0,3,"Input::GetReplayFrameIndex@73-75@engine\src\input\Input.cpp","engine\src\input\Input.cpp","Input::GetReplayFrameIndex","Input::GetReplayFrameIndex() const",73,75
3,1,17,0,3,"Input::GetReplayFrameCount@77-79@engine\src\input\Input.cpp","engine\src\input\Input.cpp","Input::GetReplayFrameCount","Input::GetReplayFrameCount() const",77,79
3,1,13,0,3,"Input::GetReplayPath@81-83@engine\src\input\Input.cpp","engine\src\input\Input.cpp","Input::GetReplayPath","Input::GetReplayPath() const",81,83
3,1,15,0,3,"Input::GetMouseDX@85-87@engine\src\input\Input.cpp","engine\src\input\Input.cpp","Input::GetMouseDX","Input::GetMouseDX() const",85,87
3,1,15,0,3,"Input::GetMouseDY@89-91@engine\src\input\Input.cpp","engine\src\input\Input.cpp","Input::GetMouseDY","Input::GetMouseDY() const",89,91
3,1,15,0,3,"Input::GetMouseWheel@93-95@engine\src\input\Input.cpp","engine\src\input\Input.cpp","Input::GetMouseWheel","Input::GetMouseWheel() const",93,95
3,1,13,0,3,"Input::IsGamepadConnected@97-99@engine\src\input\Input.cpp","engine\src\input\Input.cpp","Input::IsGamepadConnected","Input::IsGamepadConnected() const",97,99
3,1,13,0,3,"Input::GetGamepadLeftStickX@101-103@engine\src\input\Input.cpp","engine\src\input\Input.cpp","Input::GetGamepadLeftStickX","Input::GetGamepadLeftStickX() const",101,103
3,1,13,0,3,"Input::GetGamepadLeftStickY@105-107@engine\src\input\Input.cpp","engine\src\input\Input.cpp","Input::GetGamepadLeftStickY","Input::GetGamepadLeftStickY() const",105,107
3,1,13,0,3,"Input::GetGamepadRightStickX@109-111@engine\src\input\Input.cpp","engine\src\input\Input.cpp","Input::GetGamepadRightStickX","Input::GetGamepadRightStickX() const",109,111
3,1,13,0,3,"Input::GetGamepadRightStickY@113-115@engine\src\input\Input.cpp","engine\src\input\Input.cpp","Input::GetGamepadRightStickY","Input::GetGamepadRightStickY() const",113,115
3,1,13,0,3,"Input::GetGamepadLeftTrigger@117-119@engine\src\input\Input.cpp","engine\src\input\Input.cpp","Input::GetGamepadLeftTrigger","Input::GetGamepadLeftTrigger() const",117,119
3,1,13,0,3,"Input::GetGamepadRightTrigger@121-123@engine\src\input\Input.cpp","engine\src\input\Input.cpp","Input::GetGamepadRightTrigger","Input::GetGamepadRightTrigger() const",121,123
18,2,115,1,19,"Input::ClearInputState@125-143@engine\src\input\Input.cpp","engine\src\input\Input.cpp","Input::ClearInputState","Input::ClearInputState( bool clearPrevious)",125,143
44,12,324,2,48,"Input::Initialize@145-192@engine\src\input\Input.cpp","engine\src\input\Input.cpp","Input::Initialize","Input::Initialize( HINSTANCE hInstance , HWND hwnd)",145,192
29,6,189,1,33,"Input::Update@194-226@engine\src\input\Input.cpp","engine\src\input\Input.cpp","Input::Update","Input::Update( float deltaTime)",194,226
17,5,120,0,20,"Input::UpdateKeyboard@228-247@engine\src\input\Input.cpp","engine\src\input\Input.cpp","Input::UpdateKeyboard","Input::UpdateKeyboard()",228,247
17,5,116,0,20,"Input::UpdateMouse@249-268@engine\src\input\Input.cpp","engine\src\input\Input.cpp","Input::UpdateMouse","Input::UpdateMouse()",249,268
27,2,196,0,30,"Input::UpdateGamepad@270-299@engine\src\input\Input.cpp","engine\src\input\Input.cpp","Input::UpdateGamepad","Input::UpdateGamepad()",270,299
6,3,50,1,6,"Input::IsKeyPress@301-306@engine\src\input\Input.cpp","engine\src\input\Input.cpp","Input::IsKeyPress","Input::IsKeyPress( int dik) const",301,306
6,4,60,1,6,"Input::IsKeyTrigger@308-313@engine\src\input\Input.cpp","engine\src\input\Input.cpp","Input::IsKeyTrigger","Input::IsKeyTrigger( int dik) const",308,313
6,4,60,1,6,"Input::IsKeyRelease@315-320@engine\src\input\Input.cpp","engine\src\input\Input.cpp","Input::IsKeyRelease","Input::IsKeyRelease( int dik) const",315,320
6,3,53,1,6,"Input::IsMousePress@322-327@engine\src\input\Input.cpp","engine\src\input\Input.cpp","Input::IsMousePress","Input::IsMousePress( int button) const",322,327
7,4,65,1,7,"Input::IsMouseTrigger@329-335@engine\src\input\Input.cpp","engine\src\input\Input.cpp","Input::IsMouseTrigger","Input::IsMouseTrigger( int button) const",329,335
7,4,65,1,7,"Input::IsMouseRelease@337-343@engine\src\input\Input.cpp","engine\src\input\Input.cpp","Input::IsMouseRelease","Input::IsMouseRelease( int button) const",337,343
3,2,29,1,3,"Input::IsGamepadButtonPress@345-347@engine\src\input\Input.cpp","engine\src\input\Input.cpp","Input::IsGamepadButtonPress","Input::IsGamepadButtonPress( WORD button) const",345,347
4,3,43,1,4,"Input::IsGamepadButtonTrigger@349-352@engine\src\input\Input.cpp","engine\src\input\Input.cpp","Input::IsGamepadButtonTrigger","Input::IsGamepadButtonTrigger( WORD button) const",349,352
4,3,43,1,4,"Input::IsGamepadButtonRelease@354-357@engine\src\input\Input.cpp","engine\src\input\Input.cpp","Input::IsGamepadButtonRelease","Input::IsGamepadButtonRelease( WORD button) const",354,357
4,3,34,1,4,"Input::IsGamepadLeftTriggerTrigger@359-362@engine\src\input\Input.cpp","engine\src\input\Input.cpp","Input::IsGamepadLeftTriggerTrigger","Input::IsGamepadLeftTriggerTrigger( float threshold) const",359,362
4,3,34,1,4,"Input::IsGamepadRightTriggerTrigger@364-367@engine\src\input\Input.cpp","engine\src\input\Input.cpp","Input::IsGamepadRightTriggerTrigger","Input::IsGamepadRightTriggerTrigger( float threshold) const",364,367
16,5,110,2,17,"Input::StartRecording@13-29@engine\src\input\InputReplay.cpp","engine\src\input\InputReplay.cpp","Input::StartRecording","Input::StartRecording( const std :: wstring & path , float fixedDeltaTime)",13,29
19,5,111,1,21,"Input::StartReplay@31-51@engine\src\input\InputReplay.cpp","engine\src\input\InputReplay.cpp","Input::StartReplay","Input::StartReplay( const std :: wstring & path)",31,51
10,3,47,0,11,"Input::StopRecording@53-63@engine\src\input\InputReplay.cpp","engine\src\input\InputReplay.cpp","Input::StopRecording","Input::StopRecording()",53,63
10,4,50,0,11,"Input::FinishRecording@65-75@engine\src\input\InputReplay.cpp","engine\src\input\InputReplay.cpp","Input::FinishRecording","Input::FinishRecording()",65,75
22,8,141,2,27,"Input::ApplyReplayStartupOptions@77-103@engine\src\input\InputReplay.cpp","engine\src\input\InputReplay.cpp","Input::ApplyReplayStartupOptions","Input::ApplyReplayStartupOptions( const ReplayStartupOptions & options , float fixedDeltaTime)",77,103
14,1,100,0,14,"Input::CaptureFrame@105-118@engine\src\input\InputReplay.cpp","engine\src\input\InputReplay.cpp","Input::CaptureFrame","Input::CaptureFrame() const",105,118
17,1,242,1,17,"Input::ApplyReplayFrame@120-136@engine\src\input\InputReplay.cpp","engine\src\input\InputReplay.cpp","Input::ApplyReplayFrame","Input::ApplyReplayFrame( const InputFrame & frame)",120,136
23,4,223,0,27,"Input::MakeAutoReplayPath@138-164@engine\src\input\InputReplay.cpp","engine\src\input\InputReplay.cpp","Input::MakeAutoReplayPath","Input::MakeAutoReplayPath() const",138,164
14,4,123,1,14,"EncodeKeys@27-40@engine\src\input\InputReplaySerialization.cpp","engine\src\input\InputReplaySerialization.cpp","EncodeKeys","EncodeKeys( const std :: array<BYTE,256> & keys)",27,40
19,10,205,1,20,"DecodeKeys@42-61@engine\src\input\InputReplaySerialization.cpp","engine\src\input\InputReplaySerialization.cpp","DecodeKeys","DecodeKeys( const std :: string & encoded)",42,61
8,2,62,2,9,"TryConvertInteger@63-71@engine\src\input\InputReplaySerialization.cpp","engine\src\input\InputReplaySerialization.cpp","TryConvertInteger","TryConvertInteger( uint64_t value , T & outValue)",63,71
16,6,136,2,17,"TryConvertInteger@73-89@engine\src\input\InputReplaySerialization.cpp","engine\src\input\InputReplaySerialization.cpp","TryConvertInteger","TryConvertInteger( int64_t value , T & outValue)",73,89
38,18,342,3,38,"JsonValueOr@92-129@engine\src\input\InputReplaySerialization.cpp","engine\src\input\InputReplaySerialization.cpp","JsonValueOr","JsonValueOr( const nlohmann :: json & object , const char * key , const T & fallback)",92,129
4,1,47,5,4,"JsonClampedFloat@131-134@engine\src\input\InputReplaySerialization.cpp","engine\src\input\InputReplaySerialization.cpp","JsonClampedFloat","JsonClampedFloat( const nlohmann :: json & object , const char * key , float fallback , float minValue , float maxValue)",131,134
10,2,77,3,10,"TryMakeReplayPaths@136-145@engine\src\input\InputReplaySerialization.cpp","engine\src\input\InputReplaySerialization.cpp","TryMakeReplayPaths","TryMakeReplayPaths( const std :: wstring & replayPathText , std :: filesystem :: path * replayPath , std :: filesystem :: path * tempPath)",136,145
8,2,51,1,9,"EnsureReplayParentDirectory@147-155@engine\src\input\InputReplaySerialization.cpp","engine\src\input\InputReplaySerialization.cpp","EnsureReplayParentDirectory","EnsureReplayParentDirectory( const std :: filesystem :: path & path)",147,155
13,4,113,3,15,"WriteReplayText@157-171@engine\src\input\InputReplaySerialization.cpp","engine\src\input\InputReplaySerialization.cpp","WriteReplayText","WriteReplayText( std :: ofstream * file , std :: uintmax_t * bytesWritten , const std :: string & text)",157,171
5,1,41,2,5,"CleanupReplayTemp@173-177@engine\src\input\InputReplaySerialization.cpp","engine\src\input\InputReplaySerialization.cpp","CleanupReplayTemp","CleanupReplayTemp( std :: ofstream * file , const std :: filesystem :: path & tempPath)",173,177
6,1,34,1,6,"BuildReplayHeader@179-184@engine\src\input\InputReplaySerialization.cpp","engine\src\input\InputReplaySerialization.cpp","BuildReplayHeader","BuildReplayHeader( float fixedDeltaTime)",179,184
9,3,60,1,9,"EncodeMouseButtons@186-194@engine\src\input\InputReplaySerialization.cpp","engine\src\input\InputReplaySerialization.cpp","EncodeMouseButtons","EncodeMouseButtons( const Frame & frame)",186,194
18,1,158,2,18,"SerializeReplayFrame@196-213@engine\src\input\InputReplaySerialization.cpp","engine\src\input\InputReplaySerialization.cpp","SerializeReplayFrame","SerializeReplayFrame( size_t index , const Frame & frame)",196,213
16,6,118,3,17,"WriteReplayFrames@216-232@engine\src\input\InputReplaySerialization.cpp","engine\src\input\InputReplaySerialization.cpp","WriteReplayFrames","WriteReplayFrames( std :: ofstream * file , std :: uintmax_t * bytesWritten , const Frames & frames)",216,232
11,2,81,2,12,"ReplaceReplayFile@234-245@engine\src\input\InputReplaySerialization.cpp","engine\src\input\InputReplaySerialization.cpp","ReplaceReplayFile","ReplaceReplayFile( const std :: filesystem :: path & path , const std :: filesystem :: path & tempPath)",234,245
5,3,49,1,5,"IsReplayFileSizeAllowed@247-251@engine\src\input\InputReplaySerialization.cpp","engine\src\input\InputReplaySerialization.cpp","IsReplayFileSizeAllowed","IsReplayFileSizeAllowed( const std :: filesystem :: path & replayPath)",247,251
8,2,57,2,8,"TryParseReplayRoot@253-260@engine\src\input\InputReplaySerialization.cpp","engine\src\input\InputReplaySerialization.cpp","TryParseReplayRoot","TryParseReplayRoot( std :: ifstream * file , nlohmann :: json * root)",253,260
7,4,60,1,8,"HasValidReplayFrameArray@262-269@engine\src\input\InputReplaySerialization.cpp","engine\src\input\InputReplaySerialization.cpp","HasValidReplayFrameArray","HasValidReplayFrameArray( const nlohmann :: json & root)",262,269
5,3,54,2,5,"DecodeMouseButtons@271-275@engine\src\input\InputReplaySerialization.cpp","engine\src\input\InputReplaySerialization.cpp","DecodeMouseButtons","DecodeMouseButtons( unsigned int mouseButtons , Frame * frame)",271,275
19,1,285,1,20,"DecodeReplayFrame@277-296@engine\src\input\InputReplaySerialization.cpp","engine\src\input\InputReplaySerialization.cpp","DecodeReplayFrame","DecodeReplayFrame( const nlohmann :: json & jsonFrame)",277,296
18,5,106,2,19,"DecodeReplayFrames@299-317@engine\src\input\InputReplaySerialization.cpp","engine\src\input\InputReplaySerialization.cpp","DecodeReplayFrames","DecodeReplayFrames( const nlohmann :: json & jsonFrames , std :: vector<Frame> * loadedFrames)",299,317
36,11,234,0,41,"Input::SaveRecording@321-361@engine\src\input\InputReplaySerialization.cpp","engine\src\input\InputReplaySerialization.cpp","Input::SaveRecording","Input::SaveRecording() const",321,361
29,8,172,1,33,"Input::LoadReplay@363-395@engine\src\input\InputReplaySerialization.cpp","engine\src\input\InputReplaySerialization.cpp","Input::LoadReplay","Input::LoadReplay( const std :: wstring & path)",363,395
4,1,76,1,4,"AssimpMeshLoaderUtils::ToMatrix@12-15@engine\src\model\internal\AssimpMeshLoaderUtils.h","engine\src\model\internal\AssimpMeshLoaderUtils.h","AssimpMeshLoaderUtils::ToMatrix","AssimpMeshLoaderUtils::ToMatrix( const aiMatrix4x4 & m)",12,15
7,2,48,2,7,"AssimpMeshLoaderUtils::CheckedUint32Size@17-23@engine\src\model\internal\AssimpMeshLoaderUtils.h","engine\src\model\internal\AssimpMeshLoaderUtils.h","AssimpMeshLoaderUtils::CheckedUint32Size","AssimpMeshLoaderUtils::CheckedUint32Size( size_t value , const char * message)",17,23
7,2,65,2,7,"AssimpMeshLoaderUtils::CheckedIntSize@25-31@engine\src\model\internal\AssimpMeshLoaderUtils.h","engine\src\model\internal\AssimpMeshLoaderUtils.h","AssimpMeshLoaderUtils::CheckedIntSize","AssimpMeshLoaderUtils::CheckedIntSize( size_t value , const char * message)",25,31
3,1,9,0,3,"MaterialManager::MaterialResource::FrameResource::~FrameResource@14-16@engine\src\model\internal\MaterialManagerInternal.h","engine\src\model\internal\MaterialManagerInternal.h","MaterialManager::MaterialResource::FrameResource::~FrameResource","MaterialManager::MaterialResource::FrameResource::~FrameResource()",14,16
4,1,34,1,4,"MaterialManager::MaterialResource::FrameResource::FrameResource@19-22@engine\src\model\internal\MaterialManagerInternal.h","engine\src\model\internal\MaterialManagerInternal.h","MaterialManager::MaterialResource::FrameResource::FrameResource","MaterialManager::MaterialResource::FrameResource::FrameResource( FrameResource && other)",19,22
9,2,50,1,9,"MaterialManager::MaterialResource::FrameResource::operator =@23-31@engine\src\model\internal\MaterialManagerInternal.h","engine\src\model\internal\MaterialManagerInternal.h","MaterialManager::MaterialResource::FrameResource::operator =","MaterialManager::MaterialResource::FrameResource::operator =( FrameResource && other)",23,31
7,3,34,0,7,"MaterialManager::MaterialResource::FrameResource::Reset@33-39@engine\src\model\internal\MaterialManagerInternal.h","engine\src\model\internal\MaterialManagerInternal.h","MaterialManager::MaterialResource::FrameResource::Reset","MaterialManager::MaterialResource::FrameResource::Reset()",33,39
3,1,9,0,3,"MaterialManager::MaterialResource::~MaterialResource@46-48@engine\src\model\internal\MaterialManagerInternal.h","engine\src\model\internal\MaterialManagerInternal.h","MaterialManager::MaterialResource::~MaterialResource","MaterialManager::MaterialResource::~MaterialResource()",46,48
3,1,40,1,3,"MaterialManager::MaterialResource::MaterialResource@51-53@engine\src\model\internal\MaterialManagerInternal.h","engine\src\model\internal\MaterialManagerInternal.h","MaterialManager::MaterialResource::MaterialResource","MaterialManager::MaterialResource::MaterialResource( MaterialResource && other)",51,53
9,2,55,1,9,"MaterialManager::MaterialResource::operator =@54-62@engine\src\model\internal\MaterialManagerInternal.h","engine\src\model\internal\MaterialManagerInternal.h","MaterialManager::MaterialResource::operator =","MaterialManager::MaterialResource::operator =( MaterialResource && other)",54,62
7,2,33,0,7,"MaterialManager::MaterialResource::Reset@64-70@engine\src\model\internal\MaterialManagerInternal.h","engine\src\model\internal\MaterialManagerInternal.h","MaterialManager::MaterialResource::Reset","MaterialManager::MaterialResource::Reset()",64,70
5,3,40,2,5,"MeshRendererCommandCache::SameVertexBufferView@31-35@engine\src\model\internal\MeshRendererCommandCache.h","engine\src\model\internal\MeshRendererCommandCache.h","MeshRendererCommandCache::SameVertexBufferView","MeshRendererCommandCache::SameVertexBufferView( const D3D12_VERTEX_BUFFER_VIEW & lhs , const D3D12_VERTEX_BUFFER_VIEW & rhs)",31,35
5,3,40,2,5,"MeshRendererCommandCache::SameIndexBufferView@37-41@engine\src\model\internal\MeshRendererCommandCache.h","engine\src\model\internal\MeshRendererCommandCache.h","MeshRendererCommandCache::SameIndexBufferView","MeshRendererCommandCache::SameIndexBufferView( const D3D12_INDEX_BUFFER_VIEW & lhs , const D3D12_INDEX_BUFFER_VIEW & rhs)",37,41
13,1,60,0,13,"MeshRendererCommandCache::Reset@43-55@engine\src\model\internal\MeshRendererCommandCache.h","engine\src\model\internal\MeshRendererCommandCache.h","MeshRendererCommandCache::Reset","MeshRendererCommandCache::Reset()",43,55
12,6,82,1,12,"ModelSkinClusterResourceUtils::UnmapSkinClusterMappings@7-18@engine\src\model\internal\ModelSkinClusterResourceUtils.h","engine\src\model\internal\ModelSkinClusterResourceUtils.h","ModelSkinClusterResourceUtils::UnmapSkinClusterMappings","ModelSkinClusterResourceUtils::UnmapSkinClusterMappings( SkinCluster & skinCluster)",7,18
3,1,37,1,3,"RendererInputLayouts::MakeDesc@10-12@engine\src\model\internal\RendererInputLayouts.h","engine\src\model\internal\RendererInputLayouts.h","RendererInputLayouts::MakeDesc","RendererInputLayouts::MakeDesc( const std :: array<D3D12_INPUT_ELEMENT_DESC,N> & elements)",10,12
4,2,33,1,4,"RendererMaterialUtils::IsTransparentMaterial@15-18@engine\src\model\internal\RendererMaterialUtils.h","engine\src\model\internal\RendererMaterialUtils.h","RendererMaterialUtils::IsTransparentMaterial","RendererMaterialUtils::IsTransparentMaterial( const Material & material)",15,18
3,1,16,1,3,"RendererMaterialUtils::ToD3D12CullMode@20-22@engine\src\model\internal\RendererMaterialUtils.h","engine\src\model\internal\RendererMaterialUtils.h","RendererMaterialUtils::ToD3D12CullMode","RendererMaterialUtils::ToD3D12CullMode( const MaterialCullMode mode)",20,22
7,3,49,1,7,"RendererMaterialUtils::NormalizeCullMode@24-30@engine\src\model\internal\RendererMaterialUtils.h","engine\src\model\internal\RendererMaterialUtils.h","RendererMaterialUtils::NormalizeCullMode","RendererMaterialUtils::NormalizeCullMode( int32_t cullMode)",24,30
4,1,25,3,4,"RendererMaterialUtils::PipelineVariantIndex@32-35@engine\src\model\internal\RendererMaterialUtils.h","engine\src\model\internal\RendererMaterialUtils.h","RendererMaterialUtils::PipelineVariantIndex","RendererMaterialUtils::PipelineVariantIndex( bool transparent , MaterialCullMode cullMode , bool depthWrite)",32,35
5,1,38,1,5,"RendererMaterialUtils::PipelineVariantIndex@37-41@engine\src\model\internal\RendererMaterialUtils.h","engine\src\model\internal\RendererMaterialUtils.h","RendererMaterialUtils::PipelineVariantIndex","RendererMaterialUtils::PipelineVariantIndex( const Material & material)",37,41
7,10,76,1,7,"RendererMaterialUtils::IsDrawableMesh@43-49@engine\src\model\internal\RendererMaterialUtils.h","engine\src\model\internal\RendererMaterialUtils.h","RendererMaterialUtils::IsDrawableMesh","RendererMaterialUtils::IsDrawableMesh( const Mesh & mesh)",43,49
14,6,71,3,14,"RendererMaterialUtils::ResolveTextureId@51-64@engine\src\model\internal\RendererMaterialUtils.h","engine\src\model\internal\RendererMaterialUtils.h","RendererMaterialUtils::ResolveTextureId","RendererMaterialUtils::ResolveTextureId( const TextureManager * textureManager , uint32_t textureId , uint32_t fallbackTextureId)",51,64
7,2,38,2,7,"RendererMaterialUtils::ResolveNormalTextureId@66-72@engine\src\model\internal\RendererMaterialUtils.h","engine\src\model\internal\RendererMaterialUtils.h","RendererMaterialUtils::ResolveNormalTextureId","RendererMaterialUtils::ResolveNormalTextureId( const TextureManager * textureManager , uint32_t normalTextureId)",66,72
7,2,44,3,7,"RendererMaterialUtils::ResolveBaseColorTextureId@74-80@engine\src\model\internal\RendererMaterialUtils.h","engine\src\model\internal\RendererMaterialUtils.h","RendererMaterialUtils::ResolveBaseColorTextureId","RendererMaterialUtils::ResolveBaseColorTextureId( const TextureManager * textureManager , const Material & material , uint32_t fallbackTextureId)",74,80
6,2,42,3,6,"RendererMaterialUtils::ResolveNormalTextureId@82-87@engine\src\model\internal\RendererMaterialUtils.h","engine\src\model\internal\RendererMaterialUtils.h","RendererMaterialUtils::ResolveNormalTextureId","RendererMaterialUtils::ResolveNormalTextureId( const TextureManager * textureManager , const Material & material , uint32_t fallbackTextureId)",82,87
6,2,36,2,6,"RendererMaterialUtils::ResolveRoughnessTextureId@89-94@engine\src\model\internal\RendererMaterialUtils.h","engine\src\model\internal\RendererMaterialUtils.h","RendererMaterialUtils::ResolveRoughnessTextureId","RendererMaterialUtils::ResolveRoughnessTextureId( const TextureManager * textureManager , const Material & material)",89,94
9,3,53,2,9,"RendererMaterialUtils::ResolveMetallicTextureId@96-104@engine\src\model\internal\RendererMaterialUtils.h","engine\src\model\internal\RendererMaterialUtils.h","RendererMaterialUtils::ResolveMetallicTextureId","RendererMaterialUtils::ResolveMetallicTextureId( const TextureManager * textureManager , const Material & material)",96,104
14,6,71,3,14,"RendererMaterialUtils::ResolveCubeTextureId@106-119@engine\src\model\internal\RendererMaterialUtils.h","engine\src\model\internal\RendererMaterialUtils.h","RendererMaterialUtils::ResolveCubeTextureId","RendererMaterialUtils::ResolveCubeTextureId( const TextureManager * textureManager , uint32_t textureId , uint32_t fallbackTextureId)",106,119
10,1,84,3,10,"RendererObjectConstants::MakePerObjectConstants@13-22@engine\src\model\internal\RendererObjectConstants.h","engine\src\model\internal\RendererObjectConstants.h","RendererObjectConstants::MakePerObjectConstants","RendererObjectConstants::MakePerObjectConstants( const DirectX :: XMMATRIX & wvp , const DirectX :: XMMATRIX & world , const DirectX :: XMMATRIX & worldInverseTranspose)",13,22
9,2,60,1,9,"RendererPipelineVariantUtils::ToD3D12CullMode@21-29@engine\src\model\internal\RendererPipelineVariantUtils.h","engine\src\model\internal\RendererPipelineVariantUtils.h","RendererPipelineVariantUtils::ToD3D12CullMode","RendererPipelineVariantUtils::ToD3D12CullMode( const MaterialCullMode mode)",21,29
9,2,60,1,9,"RendererPipelineVariantUtils::ToD3D12CullMode@31-39@engine\src\model\internal\RendererPipelineVariantUtils.h","engine\src\model\internal\RendererPipelineVariantUtils.h","RendererPipelineVariantUtils::ToD3D12CullMode","RendererPipelineVariantUtils::ToD3D12CullMode( const MeshCullMode mode)",31,39
7,2,58,3,7,"RendererPipelineVariantUtils::PipelineVariantIndex@41-47@engine\src\model\internal\RendererPipelineVariantUtils.h","engine\src\model\internal\RendererPipelineVariantUtils.h","RendererPipelineVariantUtils::PipelineVariantIndex","RendererPipelineVariantUtils::PipelineVariantIndex( PipelineBlendMode blendMode , MaterialCullMode cullMode , bool depthWrite)",41,47
5,2,31,3,5,"RendererPipelineVariantUtils::MaterialPipelineVariantIndex@49-53@engine\src\model\internal\RendererPipelineVariantUtils.h","engine\src\model\internal\RendererPipelineVariantUtils.h","RendererPipelineVariantUtils::MaterialPipelineVariantIndex","RendererPipelineVariantUtils::MaterialPipelineVariantIndex( bool transparent , MaterialCullMode cullMode , bool depthWrite)",49,53
4,1,45,1,4,"RendererPipelineVariantUtils::HasAllPipelineStates@55-58@engine\src\model\internal\RendererPipelineVariantUtils.h","engine\src\model\internal\RendererPipelineVariantUtils.h","RendererPipelineVariantUtils::HasAllPipelineStates","RendererPipelineVariantUtils::HasAllPipelineStates( const PipelineRange & pipelines)",55,58
15,1,100,1,15,"RendererPipelineVariantUtils::MakeMaterialTextureSamplers@60-74@engine\src\model\internal\RendererPipelineVariantUtils.h","engine\src\model\internal\RendererPipelineVariantUtils.h","RendererPipelineVariantUtils::MakeMaterialTextureSamplers","RendererPipelineVariantUtils::MakeMaterialTextureSamplers( D3D12_TEXTURE_ADDRESS_MODE linearAddressV)",60,74
24,6,220,8,25,"RendererShadowMapUtils::Set@13-37@engine\src\model\internal\RendererShadowMapUtils.h","engine\src\model\internal\RendererShadowMapUtils.h","RendererShadowMapUtils::Set","RendererShadowMapUtils::Set( const TextureManager * textureManager , D3D12_GPU_DESCRIPTOR_HANDLE shadowMap , const DirectX :: XMFLOAT4X4 & lightViewProjection , const SceneShadowSettings & settings , D3D12_GPU_DESCRIPTOR_HANDLE & targetMapHandle , DirectX :: XMFLOAT4X4 & targetLightViewProjection , DirectX :: XMFLOAT4 & targetParams , DirectX :: XMFLOAT4 & targetFilterParams)",13,37
22,3,166,2,26,"RendererShadowPipelineUtils::CreateTexturedShadowRootSignature@14-39@engine\src\model\internal\RendererShadowPipelineUtils.h","engine\src\model\internal\RendererShadowPipelineUtils.h","RendererShadowPipelineUtils::CreateTexturedShadowRootSignature","RendererShadowPipelineUtils::CreateTexturedShadowRootSignature( ID3D12Device * device , const uint32_t(&constantBufferRegisters) [ N ] , Microsoft :: WRL :: ComPtr<ID3D12RootSignature> & rootSignatureOut)",14,39
29,2,198,7,31,"RendererShadowPipelineUtils::CreateDepthPipelineState@41-71@engine\src\model\internal\RendererShadowPipelineUtils.h","engine\src\model\internal\RendererShadowPipelineUtils.h","RendererShadowPipelineUtils::CreateDepthPipelineState","RendererShadowPipelineUtils::CreateDepthPipelineState( ID3D12Device * device , ID3D12RootSignature * rootSignature , D3D12_SHADER_BYTECODE vertexShader , D3D12_SHADER_BYTECODE pixelShader , D3D12_INPUT_LAYOUT_DESC inputLayout , D3D12_CULL_MODE cullMode , Microsoft :: WRL :: ComPtr<ID3D12PipelineState> & psoOut)",41,71
9,3,64,4,9,"RendererUploadUtils::InitializeUploadBuffer@14-22@engine\src\model\internal\RendererUploadUtils.h","engine\src\model\internal\RendererUploadUtils.h","RendererUploadUtils::InitializeUploadBuffer","RendererUploadUtils::InitializeUploadBuffer( UploadRingBuffer & uploadBuffer , const DirectXCommon * dxCommon , size_t bytesPerFrame , uint32_t frameCount = 2)",14,22
7,3,47,2,7,"RendererUploadUtils::CanStageInstanceData@24-30@engine\src\model\internal\RendererUploadUtils.h","engine\src\model\internal\RendererUploadUtils.h","RendererUploadUtils::CanStageInstanceData","RendererUploadUtils::CanStageInstanceData( size_t bytesPerFrame , uint32_t instanceCount)",24,30
11,2,81,2,11,"RendererUploadUtils::HashBytes@32-42@engine\src\model\internal\RendererUploadUtils.h","engine\src\model\internal\RendererUploadUtils.h","RendererUploadUtils::HashBytes","RendererUploadUtils::HashBytes( const * data , size_t size)",32,42
7,1,56,4,7,"RendererUploadUtils::WriteObjectConstants@44-50@engine\src\model\internal\RendererUploadUtils.h","engine\src\model\internal\RendererUploadUtils.h","RendererUploadUtils::WriteObjectConstants","RendererUploadUtils::WriteObjectConstants( UploadRingBuffer & uploadBuffer , const DirectX :: XMMATRIX & wvp , const DirectX :: XMMATRIX & world , const DirectX :: XMMATRIX & worldInverseTranspose)",44,50
7,3,34,0,7,"SkyboxRenderer::ConstantFrame::Reset@18-24@engine\src\model\internal\SkyboxRendererInternal.h","engine\src\model\internal\SkyboxRendererInternal.h","SkyboxRenderer::ConstantFrame::Reset","SkyboxRenderer::ConstantFrame::Reset()",18,24
5,2,43,1,5,"IsModelFileWithinInputBudget@15-19@engine\src\model\AssimpLoader.cpp","engine\src\model\AssimpLoader.cpp","IsModelFileWithinInputBudget","IsModelFileWithinInputBudget( const std :: string & path)",15,19
7,3,45,3,7,"AddWithinLimit@21-27@engine\src\model\AssimpLoader.cpp","engine\src\model\AssimpLoader.cpp","AddWithinLimit","AddWithinLimit( std :: size_t & total , std :: size_t value , std :: size_t limit)",21,27
9,6,60,1,9,"HasValidSceneHeader@29-37@engine\src\model\AssimpLoader.cpp","engine\src\model\AssimpLoader.cpp","HasValidSceneHeader","HasValidSceneHeader( const aiScene * scene)",29,37
6,8,66,1,6,"HasValidSceneArrays@39-44@engine\src\model\AssimpLoader.cpp","engine\src\model\AssimpLoader.cpp","HasValidSceneArrays","HasValidSceneArrays( const aiScene * scene)",39,44
5,3,34,1,5,"IsMeshWithinInputBudget@46-50@engine\src\model\AssimpLoader.cpp","engine\src\model\AssimpLoader.cpp","IsMeshWithinInputBudget","IsMeshWithinInputBudget( const aiMesh & mesh)",46,50
6,3,67,4,6,"AddMeshToInputTotals@52-57@engine\src\model\AssimpLoader.cpp","engine\src\model\AssimpLoader.cpp","AddMeshToInputTotals","AddMeshToInputTotals( const aiMesh & mesh , std :: size_t & totalVertices , std :: size_t & totalFaces , std :: size_t & totalBones)",52,57
16,5,101,1,16,"AreMeshesWithinInputBudget@59-74@engine\src\model\AssimpLoader.cpp","engine\src\model\AssimpLoader.cpp","AreMeshesWithinInputBudget","AreMeshesWithinInputBudget( const aiScene & scene)",59,74
5,1,46,1,5,"AnimationChannelKeyCount@76-80@engine\src\model\AssimpLoader.cpp","engine\src\model\AssimpLoader.cpp","AnimationChannelKeyCount","AnimationChannelKeyCount( const aiNodeAnim & channel)",76,80
23,8,142,3,23,"AddAnimationChannelsToInputTotals@82-104@engine\src\model\AssimpLoader.cpp","engine\src\model\AssimpLoader.cpp","AddAnimationChannelsToInputTotals","AddAnimationChannelsToInputTotals( const aiAnimation & animation , std :: size_t & totalAnimationChannels , std :: size_t & totalAnimationKeys)",82,104
15,4,85,1,15,"AreAnimationsWithinInputBudget@106-120@engine\src\model\AssimpLoader.cpp","engine\src\model\AssimpLoader.cpp","AreAnimationsWithinInputBudget","AreAnimationsWithinInputBudget( const aiScene & scene)",106,120
4,4,32,1,4,"IsSceneWithinInputBudget@122-125@engine\src\model\AssimpLoader.cpp","engine\src\model\AssimpLoader.cpp","IsSceneWithinInputBudget","IsSceneWithinInputBudget( const aiScene * scene)",122,125
4,1,29,3,4,"AssimpLoader::Initialize@129-132@engine\src\model\AssimpLoader.cpp","engine\src\model\AssimpLoader.cpp","AssimpLoader::Initialize","AssimpLoader::Initialize( TextureManager * textureManager , MeshManager * meshManager , MaterialManager * materialManager)",129,132
27,6,165,1,31,"AssimpLoader::Load@134-164@engine\src\model\AssimpLoader.cpp","engine\src\model\AssimpLoader.cpp","AssimpLoader::Load","AssimpLoader::Load( const std :: string & path)",134,164
4,1,50,2,4,"SanitizeFloat3@33-36@engine\src\model\AssimpMeshLoader.cpp","engine\src\model\AssimpMeshLoader.cpp","SanitizeFloat3","SanitizeFloat3( const aiVector3D & value , const XMFLOAT3 & fallback)",33,36
10,3,91,1,10,"SanitizeNormal@38-47@engine\src\model\AssimpMeshLoader.cpp","engine\src\model\AssimpMeshLoader.cpp","SanitizeNormal","SanitizeNormal( const aiVector3D & value)",38,47
10,3,109,1,10,"SanitizeTangent@49-58@engine\src\model\AssimpMeshLoader.cpp","engine\src\model\AssimpMeshLoader.cpp","SanitizeTangent","SanitizeTangent( const aiVector3D & value)",49,58
12,8,73,1,12,"IsAssimpMeshReadable@60-71@engine\src\model\AssimpMeshLoader.cpp","engine\src\model\AssimpMeshLoader.cpp","IsAssimpMeshReadable","IsAssimpMeshReadable( const aiMesh & mesh)",60,71
9,7,72,3,9,"IsAssimpMeshWithinBudget@73-81@engine\src\model\AssimpMeshLoader.cpp","engine\src\model\AssimpMeshLoader.cpp","IsAssimpMeshWithinBudget","IsAssimpMeshWithinBudget( const aiMesh & mesh , size_t loadedVertices , size_t loadedFaces)",73,81
52,14,450,3,60,"BuildAssimpMeshGeometry@83-142@engine\src\model\AssimpMeshLoader.cpp","engine\src\model\AssimpMeshLoader.cpp","BuildAssimpMeshGeometry","BuildAssimpMeshGeometry( const aiMesh & mesh , std :: vector<ModelVertex> & vertices , std :: vector<uint32_t> & indices)",83,142
24,5,300,2,25,"PopulateSubMeshSourceData@144-168@engine\src\model\AssimpMeshLoader.cpp","engine\src\model\AssimpMeshLoader.cpp","PopulateSubMeshSourceData","PopulateSubMeshSourceData( ModelSubMesh & subMesh , const std :: vector<ModelVertex> & vertices)",144,168
7,2,54,3,7,"RollbackAddedBones@170-176@engine\src\model\AssimpMeshLoader.cpp","engine\src\model\AssimpMeshLoader.cpp","RollbackAddedBones","RollbackAddedBones( Model & model , size_t boneRollbackSize , const std :: vector<std::string> & addedBoneNames)",170,176
52,13,394,5,60,"AppendMeshBoneWeights@178-237@engine\src\model\AssimpMeshLoader.cpp","engine\src\model\AssimpMeshLoader.cpp","AppendMeshBoneWeights","AppendMeshBoneWeights( const aiMesh & mesh , size_t vertexCount , Model & model , ModelSubMesh & subMesh , std :: vector<std::string> & addedBoneNames)",178,237
10,9,83,1,10,"IsAssimpSceneLoadable@260-269@engine\src\model\AssimpMeshLoader.cpp","engine\src\model\AssimpMeshLoader.cpp","IsAssimpSceneLoadable","IsAssimpSceneLoadable( const aiScene & scene)",260,269
8,2,43,2,8,"TryReserveSubMeshes@271-278@engine\src\model\AssimpMeshLoader.cpp","engine\src\model\AssimpMeshLoader.cpp","TryReserveSubMeshes","TryReserveSubMeshes( const aiScene & scene , Model & model)",271,278
4,2,33,2,4,"IsMeshCandidateLoadable@280-283@engine\src\model\AssimpMeshLoader.cpp","engine\src\model\AssimpMeshLoader.cpp","IsMeshCandidateLoadable","IsMeshCandidateLoadable( const aiMesh & mesh , const MeshLoadBudget & budget)",280,283
16,5,142,3,17,"TryBuildSubMeshCpuData@285-301@engine\src\model\AssimpMeshLoader.cpp","engine\src\model\AssimpMeshLoader.cpp","TryBuildSubMeshCpuData","TryBuildSubMeshCpuData( const aiMesh & mesh , Model & model , SubMeshCpuData * data)",285,301
39,6,315,4,41,"TryCreateSubMeshResources@303-343@engine\src\model\AssimpMeshLoader.cpp","engine\src\model\AssimpMeshLoader.cpp","TryCreateSubMeshResources","TryCreateSubMeshResources( const MeshLoadContext & context , const aiMesh & mesh , Model & model , SubMeshCpuData * data)",303,343
14,4,91,4,16,"TryLoadSingleMesh@345-360@engine\src\model\AssimpMeshLoader.cpp","engine\src\model\AssimpMeshLoader.cpp","TryLoadSingleMesh","TryLoadSingleMesh( const MeshLoadContext & context , const aiMesh & mesh , Model & model , MeshLoadBudget * budget)",345,360
8,2,61,1,8,"AssignPrimaryModelResources@362-369@engine\src\model\AssimpMeshLoader.cpp","engine\src\model\AssimpMeshLoader.cpp","AssignPrimaryModelResources","AssignPrimaryModelResources( Model & model)",362,369
12,4,57,3,13,"AssimpMeshLoader::Initialize@373-385@engine\src\model\AssimpMeshLoader.cpp","engine\src\model\AssimpMeshLoader.cpp","AssimpMeshLoader::Initialize","AssimpMeshLoader::Initialize( TextureManager * textureManager , MeshManager * meshManager , MaterialManager * materialManager)",373,385
3,3,15,0,3,"AssimpMeshLoader::IsInitialized@387-389@engine\src\model\AssimpMeshLoader.cpp","engine\src\model\AssimpMeshLoader.cpp","AssimpMeshLoader::IsInitialized","AssimpMeshLoader::IsInitialized() const",387,389
23,9,168,3,27,"AssimpMeshLoader::LoadMeshes@391-417@engine\src\model\AssimpMeshLoader.cpp","engine\src\model\AssimpMeshLoader.cpp","AssimpMeshLoader::LoadMeshes","AssimpMeshLoader::LoadMeshes( const aiScene * scene , const std :: string & path , Model & model) const",391,417
28,8,189,2,31,"BuildNodeMap@19-49@engine\src\model\AssimpMeshLoaderBones.cpp","engine\src\model\AssimpMeshLoaderBones.cpp","BuildNodeMap","BuildNodeMap( const aiNode * root , std :: unordered_map<std::string,const aiNode*> & nodes)",19,49
51,12,387,2,59,"AssimpMeshLoader::BuildBoneHierarchy@53-111@engine\src\model\AssimpMeshLoaderBones.cpp","engine\src\model\AssimpMeshLoaderBones.cpp","AssimpMeshLoader::BuildBoneHierarchy","AssimpMeshLoader::BuildBoneHierarchy( const aiScene * scene , Model & model)",53,111
71,16,563,1,79,"AssimpMeshLoader::ReorderBonesParentFirst@113-191@engine\src\model\AssimpMeshLoaderBones.cpp","engine\src\model\AssimpMeshLoaderBones.cpp","AssimpMeshLoader::ReorderBonesParentFirst","AssimpMeshLoader::ReorderBonesParentFirst( Model & model)",113,191
14,5,119,2,16,"AssimpMeshLoaderMaterial::TryParseEmbeddedTextureIndex@25-40@engine\src\model\AssimpMeshLoaderMaterial.cpp","engine\src\model\AssimpMeshLoaderMaterial.cpp","AssimpMeshLoaderMaterial::TryParseEmbeddedTextureIndex","AssimpMeshLoaderMaterial::TryParseEmbeddedTextureIndex( const std :: string & name , unsigned int & index)",25,40
4,2,28,2,4,"AssimpMeshLoaderMaterial::IsLoadedMaterialTexture@42-45@engine\src\model\AssimpMeshLoaderMaterial.cpp","engine\src\model\AssimpMeshLoaderMaterial.cpp","AssimpMeshLoaderMaterial::IsLoadedMaterialTexture","AssimpMeshLoaderMaterial::IsLoadedMaterialTexture( const TextureManager & textureManager , uint32_t textureId)",42,45
4,3,20,1,4,"AssimpMeshLoaderMaterial::IsSrgbMaterialTexture@47-50@engine\src\model\AssimpMeshLoaderMaterial.cpp","engine\src\model\AssimpMeshLoaderMaterial.cpp","AssimpMeshLoaderMaterial::IsSrgbMaterialTexture","AssimpMeshLoaderMaterial::IsSrgbMaterialTexture( aiTextureType textureType)",47,50
13,5,104,4,14,"AssimpMeshLoaderMaterial::TryLoadCompressedEmbeddedTexture@52-65@engine\src\model\AssimpMeshLoaderMaterial.cpp","engine\src\model\AssimpMeshLoaderMaterial.cpp","AssimpMeshLoaderMaterial::TryLoadCompressedEmbeddedTexture","AssimpMeshLoaderMaterial::TryLoadCompressedEmbeddedTexture( TextureManager & textureManager , const aiTexture & texture , aiTextureType textureType , uint32_t & outTextureId)",52,65
17,9,155,2,18,"AssimpMeshLoaderMaterial::TryGetEmbeddedPixelCount@67-84@engine\src\model\AssimpMeshLoaderMaterial.cpp","engine\src\model\AssimpMeshLoaderMaterial.cpp","AssimpMeshLoaderMaterial::TryGetEmbeddedPixelCount","AssimpMeshLoaderMaterial::TryGetEmbeddedPixelCount( const aiTexture & texture , size_t & pixelCount)",67,84
17,3,129,3,18,"AssimpMeshLoaderMaterial::CopyEmbeddedRgbaPixels@86-103@engine\src\model\AssimpMeshLoaderMaterial.cpp","engine\src\model\AssimpMeshLoaderMaterial.cpp","AssimpMeshLoaderMaterial::CopyEmbeddedRgbaPixels","AssimpMeshLoaderMaterial::CopyEmbeddedRgbaPixels( const aiTexture & texture , size_t pixelCount , std :: vector<uint8_t> & pixels)",86,103
17,4,118,4,19,"AssimpMeshLoaderMaterial::TryLoadRawEmbeddedTexture@105-123@engine\src\model\AssimpMeshLoaderMaterial.cpp","engine\src\model\AssimpMeshLoaderMaterial.cpp","AssimpMeshLoaderMaterial::TryLoadRawEmbeddedTexture","AssimpMeshLoaderMaterial::TryLoadRawEmbeddedTexture( TextureManager & textureManager , const aiTexture & texture , aiTextureType textureType , uint32_t & outTextureId)",105,123
17,6,118,5,20,"AssimpMeshLoaderMaterial::TryLoadEmbeddedTexture@125-144@engine\src\model\AssimpMeshLoaderMaterial.cpp","engine\src\model\AssimpMeshLoaderMaterial.cpp","AssimpMeshLoaderMaterial::TryLoadEmbeddedTexture","AssimpMeshLoaderMaterial::TryLoadEmbeddedTexture( TextureManager & textureManager , const aiScene & scene , const std :: string & texName , aiTextureType textureType , uint32_t & outTextureId)",125,144
22,6,180,6,24,"AssimpMeshLoaderMaterial::TryLoadMaterialTexture@146-169@engine\src\model\AssimpMeshLoaderMaterial.cpp","engine\src\model\AssimpMeshLoaderMaterial.cpp","AssimpMeshLoaderMaterial::TryLoadMaterialTexture","AssimpMeshLoaderMaterial::TryLoadMaterialTexture( TextureManager & textureManager , const aiScene & scene , const aiMaterial & material , const std :: string & modelPath , aiTextureType textureType , uint32_t & outTextureId)",146,169
19,7,262,2,20,"AssimpMeshLoaderMaterial::ApplyMaterialBaseColor@173-192@engine\src\model\AssimpMeshLoaderMaterial.cpp","engine\src\model\AssimpMeshLoaderMaterial.cpp","AssimpMeshLoaderMaterial::ApplyMaterialBaseColor","AssimpMeshLoaderMaterial::ApplyMaterialBaseColor( const MaterialSource & source , Material & material)",173,192
13,7,107,2,13,"AssimpMeshLoaderMaterial::ApplyMaterialTextureBindings@194-206@engine\src\model\AssimpMeshLoaderMaterial.cpp","engine\src\model\AssimpMeshLoaderMaterial.cpp","AssimpMeshLoaderMaterial::ApplyMaterialTextureBindings","AssimpMeshLoaderMaterial::ApplyMaterialTextureBindings( const MaterialSource & source , Material & material)",194,206
16,9,153,2,17,"AssimpMeshLoaderMaterial::ApplyMaterialPbrFactors@208-224@engine\src\model\AssimpMeshLoaderMaterial.cpp","engine\src\model\AssimpMeshLoaderMaterial.cpp","AssimpMeshLoaderMaterial::ApplyMaterialPbrFactors","AssimpMeshLoaderMaterial::ApplyMaterialPbrFactors( const MaterialSource & source , Material & material)",208,224
42,10,290,4,44,"AssimpMeshLoaderMaterial::LoadSource@226-269@engine\src\model\AssimpMeshLoaderMaterial.cpp","engine\src\model\AssimpMeshLoaderMaterial.cpp","AssimpMeshLoaderMaterial::LoadSource","AssimpMeshLoaderMaterial::LoadSource( TextureManager & textureManager , const aiScene & scene , const aiMesh & mesh , const std :: string & path)",226,269
11,1,81,1,12,"AssimpMeshLoaderMaterial::BuildMaterial@271-282@engine\src\model\AssimpMeshLoaderMaterial.cpp","engine\src\model\AssimpMeshLoaderMaterial.cpp","AssimpMeshLoaderMaterial::BuildMaterial","AssimpMeshLoaderMaterial::BuildMaterial( const MaterialSource & source)",271,282
4,1,15,0,4,"FallbackMaterial@22-25@engine\src\model\MaterialManager.cpp","engine\src\model\MaterialManager.cpp","FallbackMaterial","FallbackMaterial()",22,25
6,3,38,2,6,"CurrentFrameIndex@27-32@engine\src\model\MaterialManager.cpp","engine\src\model\MaterialManager.cpp","CurrentFrameIndex","CurrentFrameIndex( const DirectXCommon * dxCommon , size_t frameCount)",27,32
1,1,19,0,1,"MaterialManager::MaterialManager@35-35@engine\src\model\MaterialManager.cpp","engine\src\model\MaterialManager.cpp","MaterialManager::MaterialManager","MaterialManager::MaterialManager()",35,35
3,1,12,0,3,"MaterialManager::~MaterialManager@37-39@engine\src\model\MaterialManager.cpp","engine\src\model\MaterialManager.cpp","MaterialManager::~MaterialManager","MaterialManager::~MaterialManager()",37,39
17,4,91,1,17,"MaterialManager::Initialize@41-57@engine\src\model\MaterialManager.cpp","engine\src\model\MaterialManager.cpp","MaterialManager::Initialize","MaterialManager::Initialize( DirectXCommon * dxCommon)",41,57
3,1,13,0,3,"MaterialManager::Finalize@59-61@engine\src\model\MaterialManager.cpp","engine\src\model\MaterialManager.cpp","MaterialManager::Finalize","MaterialManager::Finalize()",59,61
20,5,143,1,21,"MaterialManager::Finalize@63-83@engine\src\model\MaterialManager.cpp","engine\src\model\MaterialManager.cpp","MaterialManager::Finalize","MaterialManager::Finalize( bool allowFrameAbort)",63,83
39,9,329,1,45,"MaterialManager::CreateMaterial@85-129@engine\src\model\MaterialManager.cpp","engine\src\model\MaterialManager.cpp","MaterialManager::CreateMaterial","MaterialManager::CreateMaterial( const Material & material)",85,129
24,7,154,1,25,"MaterialManager::DestroyMaterial@131-155@engine\src\model\MaterialManager.cpp","engine\src\model\MaterialManager.cpp","MaterialManager::DestroyMaterial","MaterialManager::DestroyMaterial( uint32_t materialId)",131,155
11,7,64,0,11,"MaterialManager::ReleaseDeferredResources@157-167@engine\src\model\MaterialManager.cpp","engine\src\model\MaterialManager.cpp","MaterialManager::ReleaseDeferredResources","MaterialManager::ReleaseDeferredResources()",157,167
9,4,59,0,9,"MaterialManager::ReleaseCompletedFrameResources@169-177@engine\src\model\MaterialManager.cpp","engine\src\model\MaterialManager.cpp","MaterialManager::ReleaseCompletedFrameResources","MaterialManager::ReleaseCompletedFrameResources()",169,177
10,3,81,2,11,"MaterialManager::SetMaterial@179-189@engine\src\model\MaterialManager.cpp","engine\src\model\MaterialManager.cpp","MaterialManager::SetMaterial","MaterialManager::SetMaterial( uint32_t materialId , const Material & material)",179,189
19,7,156,1,20,"MaterialManager::GetGPUVirtualAddress@192-211@engine\src\model\MaterialManager.cpp","engine\src\model\MaterialManager.cpp","MaterialManager::GetGPUVirtualAddress","MaterialManager::GetGPUVirtualAddress( uint32_t materialId)",192,211
6,2,35,1,6,"MaterialManager::GetMaterial@213-218@engine\src\model\MaterialManager.cpp","engine\src\model\MaterialManager.cpp","MaterialManager::GetMaterial","MaterialManager::GetMaterial( uint32_t materialId) const",213,218
8,4,71,1,8,"MaterialManager::IsValidMaterialId@220-227@engine\src\model\MaterialManager.cpp","engine\src\model\MaterialManager.cpp","MaterialManager::IsValidMaterialId","MaterialManager::IsValidMaterialId( uint32_t materialId) const",220,227
4,1,15,0,4,"FallbackMesh@24-27@engine\src\model\MeshManager.cpp","engine\src\model\MeshManager.cpp","FallbackMesh","FallbackMesh()",24,27
6,3,35,1,6,"MeshGpuBytes@29-34@engine\src\model\MeshManager.cpp","engine\src\model\MeshManager.cpp","MeshGpuBytes","MeshGpuBytes( const Mesh & mesh)",29,34
7,3,42,1,7,"ResourceByteWidth@36-42@engine\src\model\MeshManager.cpp","engine\src\model\MeshManager.cpp","ResourceByteWidth","ResourceByteWidth( ID3D12Resource * resource)",36,42
6,7,61,6,6,"IsCreateMeshRequestValid@49-54@engine\src\model\MeshManager.cpp","engine\src\model\MeshManager.cpp","IsCreateMeshRequestValid","IsCreateMeshRequestValid( const DirectXCommon * dxCommon , const * vertexData , uint32_t vertexStride , uint32_t vertexCount , const uint32_t * indexData , uint32_t indexCount)",49,54
13,3,118,4,13,"TryResolveMeshBufferSizes@56-68@engine\src\model\MeshManager.cpp","engine\src\model\MeshManager.cpp","TryResolveMeshBufferSizes","TryResolveMeshBufferSizes( uint32_t vertexStride , uint32_t vertexCount , uint32_t indexCount , MeshBufferSizes & sizes)",56,68
11,1,60,4,11,"BuildMeshMetadata@70-80@engine\src\model\MeshManager.cpp","engine\src\model\MeshManager.cpp","BuildMeshMetadata","BuildMeshMetadata( uint32_t vertexStride , uint32_t indexCount , D3D12_PRIMITIVE_TOPOLOGY primitiveTopology , const MeshBufferSizes & bufferSizes)",70,80
24,4,157,5,26,"CreateMeshBufferPair@82-107@engine\src\model\MeshManager.cpp","engine\src\model\MeshManager.cpp","CreateMeshBufferPair","CreateMeshBufferPair( ID3D12Device * device , UINT byteSize , ComPtr<ID3D12Resource> & defaultBuffer , ComPtr<ID3D12Resource> & uploadBuffer , const * sourceData)",82,107
9,2,76,7,9,"CreateMeshBuffers@109-117@engine\src\model\MeshManager.cpp","engine\src\model\MeshManager.cpp","CreateMeshBuffers","CreateMeshBuffers( ID3D12Device * device , const MeshBufferSizes & bufferSizes , const * vertexData , const uint32_t * indexData , Mesh & mesh , ComPtr<ID3D12Resource> & vertexUploadBuffer , ComPtr<ID3D12Resource> & indexUploadBuffer)",109,117
9,1,80,3,10,"PopulateMeshBufferViews@119-128@engine\src\model\MeshManager.cpp","engine\src\model\MeshManager.cpp","PopulateMeshBufferViews","PopulateMeshBufferViews( Mesh & mesh , uint32_t vertexStride , const MeshBufferSizes & bufferSizes)",119,128
15,1,120,4,16,"SubmitMeshBufferUploads@130-145@engine\src\model\MeshManager.cpp","engine\src\model\MeshManager.cpp","SubmitMeshBufferUploads","SubmitMeshBufferUploads( ID3D12GraphicsCommandList * commandList , Mesh & mesh , ID3D12Resource * vertexUploadBuffer , ID3D12Resource * indexUploadBuffer)",130,145
1,1,19,0,1,"MeshManager::MeshManager@149-149@engine\src\model\MeshManager.cpp","engine\src\model\MeshManager.cpp","MeshManager::MeshManager","MeshManager::MeshManager()",149,149
3,1,12,0,3,"MeshManager::~MeshManager@151-153@engine\src\model\MeshManager.cpp","engine\src\model\MeshManager.cpp","MeshManager::~MeshManager","MeshManager::~MeshManager()",151,153
19,4,108,1,19,"MeshManager::Initialize@155-173@engine\src\model\MeshManager.cpp","engine\src\model\MeshManager.cpp","MeshManager::Initialize","MeshManager::Initialize( DirectXCommon * dxCommon)",155,173
3,1,13,0,3,"MeshManager::Finalize@175-177@engine\src\model\MeshManager.cpp","engine\src\model\MeshManager.cpp","MeshManager::Finalize","MeshManager::Finalize()",175,177
24,7,211,1,25,"MeshManager::Finalize@179-203@engine\src\model\MeshManager.cpp","engine\src\model\MeshManager.cpp","MeshManager::Finalize","MeshManager::Finalize( bool allowFrameAbort)",179,203
19,5,145,0,19,"MeshManager::ReserveMeshStorage@205-223@engine\src\model\MeshManager.cpp","engine\src\model\MeshManager.cpp","MeshManager::ReserveMeshStorage","MeshManager::ReserveMeshStorage()",205,223
18,4,110,2,18,"MeshManager::StoreFrameUploadBuffers@225-242@engine\src\model\MeshManager.cpp","engine\src\model\MeshManager.cpp","MeshManager::StoreFrameUploadBuffers","MeshManager::StoreFrameUploadBuffers( const ComPtr<ID3D12Resource> & vertexUploadBuffer , const ComPtr<ID3D12Resource> & indexUploadBuffer)",225,242
10,2,55,2,10,"MeshManager::StoreFallbackUploadBuffers@244-253@engine\src\model\MeshManager.cpp","engine\src\model\MeshManager.cpp","MeshManager::StoreFallbackUploadBuffers","MeshManager::StoreFallbackUploadBuffers( const ComPtr<ID3D12Resource> & vertexUploadBuffer , const ComPtr<ID3D12Resource> & indexUploadBuffer)",244,253
9,2,61,2,9,"MeshManager::StoreMesh@255-263@engine\src\model\MeshManager.cpp","engine\src\model\MeshManager.cpp","MeshManager::StoreMesh","MeshManager::StoreMesh( Mesh && mesh , uint32_t & meshId)",255,263
5,2,33,1,5,"MeshManager::RollBackStoredMesh@265-269@engine\src\model\MeshManager.cpp","engine\src\model\MeshManager.cpp","MeshManager::RollBackStoredMesh","MeshManager::RollBackStoredMesh( uint32_t meshId)",265,269
14,5,109,0,14,"MeshManager::RemoveLastStoredUploadBuffers@271-284@engine\src\model\MeshManager.cpp","engine\src\model\MeshManager.cpp","MeshManager::RemoveLastStoredUploadBuffers","MeshManager::RemoveLastStoredUploadBuffers()",271,284
6,2,47,1,6,"MeshManager::RegisterMeshFrameRollback@286-291@engine\src\model\MeshManager.cpp","engine\src\model\MeshManager.cpp","MeshManager::RegisterMeshFrameRollback","MeshManager::RegisterMeshFrameRollback( uint32_t meshId)",286,291
9,2,47,3,9,"MeshManager::KeepSubmittedUploadBuffers@293-301@engine\src\model\MeshManager.cpp","engine\src\model\MeshManager.cpp","MeshManager::KeepSubmittedUploadBuffers","MeshManager::KeepSubmittedUploadBuffers( uint32_t meshId , const ComPtr<ID3D12Resource> & vertexUploadBuffer , const ComPtr<ID3D12Resource> & indexUploadBuffer)",293,301
16,7,80,1,17,"MeshManager::BeginMeshUpload@303-319@engine\src\model\MeshManager.cpp","engine\src\model\MeshManager.cpp","MeshManager::BeginMeshUpload","MeshManager::BeginMeshUpload( bool ownsUploadPass)",303,319
17,5,92,5,19,"MeshManager::StoreMeshForUpload@321-339@engine\src\model\MeshManager.cpp","engine\src\model\MeshManager.cpp","MeshManager::StoreMeshForUpload","MeshManager::StoreMeshForUpload( bool ownsUploadPass , Mesh && mesh , const ComPtr<ID3D12Resource> & vertexUploadBuffer , const ComPtr<ID3D12Resource> & indexUploadBuffer , uint32_t & meshId)",321,339
11,3,45,2,12,"MeshManager::RegisterMeshRollbackIfNeeded@341-352@engine\src\model\MeshManager.cpp","engine\src\model\MeshManager.cpp","MeshManager::RegisterMeshRollbackIfNeeded","MeshManager::RegisterMeshRollbackIfNeeded( bool ownsUploadPass , uint32_t meshId)",341,352
18,5,103,4,19,"MeshManager::FinishMeshUpload@354-372@engine\src\model\MeshManager.cpp","engine\src\model\MeshManager.cpp","MeshManager::FinishMeshUpload","MeshManager::FinishMeshUpload( bool ownsUploadPass , uint32_t meshId , const ComPtr<ID3D12Resource> & vertexUploadBuffer , const ComPtr<ID3D12Resource> & indexUploadBuffer)",354,372
13,8,83,0,13,"MeshManager::ReleaseUploadBuffers@374-386@engine\src\model\MeshManager.cpp","engine\src\model\MeshManager.cpp","MeshManager::ReleaseUploadBuffers","MeshManager::ReleaseUploadBuffers()",374,386
12,5,84,0,12,"MeshManager::ReleaseCompletedFrameResources@388-399@engine\src\model\MeshManager.cpp","engine\src\model\MeshManager.cpp","MeshManager::ReleaseCompletedFrameResources","MeshManager::ReleaseCompletedFrameResources()",388,399
46,10,295,6,54,"MeshManager::CreateMesh@401-454@engine\src\model\MeshManager.cpp","engine\src\model\MeshManager.cpp","MeshManager::CreateMesh","MeshManager::CreateMesh( const * vertexData , uint32_t vertexStride , uint32_t vertexCount , const uint32_t * indexData , uint32_t indexCount , D3D12_PRIMITIVE_TOPOLOGY primitiveTopology)",401,454
26,12,176,1,28,"MeshManager::DestroyMesh@456-483@engine\src\model\MeshManager.cpp","engine\src\model\MeshManager.cpp","MeshManager::DestroyMesh","MeshManager::DestroyMesh( uint32_t meshId)",456,483
6,2,33,1,6,"MeshManager::GetMesh@485-490@engine\src\model\MeshManager.cpp","engine\src\model\MeshManager.cpp","MeshManager::GetMesh","MeshManager::GetMesh( uint32_t meshId) const",485,490
5,5,61,1,5,"MeshManager::IsValidMeshId@492-496@engine\src\model\MeshManager.cpp","engine\src\model\MeshManager.cpp","MeshManager::IsValidMeshId","MeshManager::IsValidMeshId( uint32_t meshId) const",492,496
5,2,56,0,5,"MeshManager::GetActiveMeshCount@498-502@engine\src\model\MeshManager.cpp","engine\src\model\MeshManager.cpp","MeshManager::GetActiveMeshCount","MeshManager::GetActiveMeshCount() const",498,502
5,1,57,0,5,"MeshManager::GetActiveGpuBytes@504-508@engine\src\model\MeshManager.cpp","engine\src\model\MeshManager.cpp","MeshManager::GetActiveGpuBytes","MeshManager::GetActiveGpuBytes() const",504,508
13,1,140,0,13,"MeshManager::GetDeferredGpuBytes@510-522@engine\src\model\MeshManager.cpp","engine\src\model\MeshManager.cpp","MeshManager::GetDeferredGpuBytes","MeshManager::GetDeferredGpuBytes() const",510,522
13,1,148,0,13,"MeshManager::GetUploadBytes@524-536@engine\src\model\MeshManager.cpp","engine\src\model\MeshManager.cpp","MeshManager::GetUploadBytes","MeshManager::GetUploadBytes() const",524,536
8,1,61,0,8,"MeshBlendPolicies@22-29@engine\src\model\MeshPipelineFactory.cpp","engine\src\model\MeshPipelineFactory.cpp","MeshBlendPolicies","MeshBlendPolicies()",22,29
7,2,74,1,7,"PolicyForMeshBlendMode@31-37@engine\src\model\MeshPipelineFactory.cpp","engine\src\model\MeshPipelineFactory.cpp","PolicyForMeshBlendMode","PolicyForMeshBlendMode( MeshBlendMode mode)",31,37
16,2,134,1,18,"MakeMeshBlendState@39-56@engine\src\model\MeshPipelineFactory.cpp","engine\src\model\MeshPipelineFactory.cpp","MakeMeshBlendState","MakeMeshBlendState( MeshBlendMode mode)",39,56
8,3,52,1,8,"MakeMeshDepthState@58-65@engine\src\model\MeshPipelineFactory.cpp","engine\src\model\MeshPipelineFactory.cpp","MakeMeshDepthState","MakeMeshDepthState( MeshDepthMode mode)",58,65
3,2,18,1,3,"MaterialBlendMode@67-69@engine\src\model\MeshPipelineFactory.cpp","engine\src\model\MeshPipelineFactory.cpp","MaterialBlendMode","MaterialBlendMode( bool transparent)",67,69
3,2,18,1,3,"MaterialDepthMode@71-73@engine\src\model\MeshPipelineFactory.cpp","engine\src\model\MeshPipelineFactory.cpp","MaterialDepthMode","MaterialDepthMode( bool depthWrite)",71,73
58,10,435,6,63,"MeshPipelineFactory::CreatePipelineSet@77-139@engine\src\model\MeshPipelineFactory.cpp","engine\src\model\MeshPipelineFactory.cpp","MeshPipelineFactory::CreatePipelineSet","MeshPipelineFactory::CreatePipelineSet( ID3D12Device * device , ID3D12RootSignature * rootSignature , const MeshPipelineDesc & desc , D3D12_INPUT_LAYOUT_DESC inputLayout , DXGI_FORMAT renderTargetFormat , DXGI_FORMAT depthStencilFormat)",77,139
4,1,61,2,4,"SanitizeFloat4@30-33@engine\src\model\MeshRenderer.cpp","engine\src\model\MeshRenderer.cpp","SanitizeFloat4","SanitizeFloat4( const XMFLOAT4 & value , const XMFLOAT4 & fallback)",30,33
5,1,49,6,5,"MeshRenderer::DrawMesh@37-41@engine\src\model\MeshRenderer.cpp","engine\src\model\MeshRenderer.cpp","MeshRenderer::DrawMesh","MeshRenderer::DrawMesh( const Mesh & mesh , const Material & material , const Transform & transform , const Camera & camera , uint32_t textureId , uint32_t normalTextureId)",37,41
11,2,76,7,11,"MeshRenderer::DrawMeshWithPipeline@43-53@engine\src\model\MeshRenderer.cpp","engine\src\model\MeshRenderer.cpp","MeshRenderer::DrawMeshWithPipeline","MeshRenderer::DrawMeshWithPipeline( uint32_t pipelineId , const Mesh & mesh , const Material & material , const Transform & transform , const Camera & camera , uint32_t textureId , uint32_t normalTextureId)",43,53
12,2,75,7,12,"MeshRenderer::DrawMeshWithPipelineHandles@55-66@engine\src\model\MeshRenderer.cpp","engine\src\model\MeshRenderer.cpp","MeshRenderer::DrawMeshWithPipelineHandles","MeshRenderer::DrawMeshWithPipelineHandles( uint32_t pipelineId , const Mesh & mesh , const Material & material , const Transform & transform , const Camera & camera , D3D12_GPU_DESCRIPTOR_HANDLE textureHandle , D3D12_GPU_DESCRIPTOR_HANDLE normalTextureHandle)",55,66
25,4,162,7,26,"MeshRenderer::DrawForwardMeshWithPipelineStates@68-93@engine\src\model\MeshRenderer.cpp","engine\src\model\MeshRenderer.cpp","MeshRenderer::DrawForwardMeshWithPipelineStates","MeshRenderer::DrawForwardMeshWithPipelineStates( const Mesh & mesh , const Material & material , const Transform & transform , const Camera & camera , const PipelineStateArray * pipelineStates , uint32_t textureId , uint32_t normalTextureId)",68,93
22,3,146,7,23,"MeshRenderer::DrawForwardMeshWithPipelineHandles@95-117@engine\src\model\MeshRenderer.cpp","engine\src\model\MeshRenderer.cpp","MeshRenderer::DrawForwardMeshWithPipelineHandles","MeshRenderer::DrawForwardMeshWithPipelineHandles( const Mesh & mesh , const Material & material , const Transform & transform , const Camera & camera , const PipelineStateArray & pipelineStates , D3D12_GPU_DESCRIPTOR_HANDLE textureHandle , D3D12_GPU_DESCRIPTOR_HANDLE normalTextureHandle)",95,117
14,6,103,8,14,"MeshRenderer::PrepareForwardMeshDrawConstants@119-132@engine\src\model\MeshRenderer.cpp","engine\src\model\MeshRenderer.cpp","MeshRenderer::PrepareForwardMeshDrawConstants","MeshRenderer::PrepareForwardMeshDrawConstants( const Mesh & mesh , const Material & material , const Transform & transform , const Camera & camera , Material & drawMaterial , D3D12_GPU_VIRTUAL_ADDRESS & objectCbAddr , D3D12_GPU_VIRTUAL_ADDRESS & sceneCbAddr , D3D12_GPU_VIRTUAL_ADDRESS & materialCbAddr)",119,132
14,3,111,6,14,"MeshRenderer::WriteForwardTransformedDrawConstants@134-147@engine\src\model\MeshRenderer.cpp","engine\src\model\MeshRenderer.cpp","MeshRenderer::WriteForwardTransformedDrawConstants","MeshRenderer::WriteForwardTransformedDrawConstants( const Material & drawMaterial , const Transform & transform , const Camera & camera , D3D12_GPU_VIRTUAL_ADDRESS & objectCbAddr , D3D12_GPU_VIRTUAL_ADDRESS & sceneCbAddr , D3D12_GPU_VIRTUAL_ADDRESS & materialCbAddr)",134,147
10,3,72,5,10,"MeshRenderer::WriteForwardIdentityDrawConstants@149-158@engine\src\model\MeshRenderer.cpp","engine\src\model\MeshRenderer.cpp","MeshRenderer::WriteForwardIdentityDrawConstants","MeshRenderer::WriteForwardIdentityDrawConstants( const Material & drawMaterial , const Camera & camera , D3D12_GPU_VIRTUAL_ADDRESS & objectCbAddr , D3D12_GPU_VIRTUAL_ADDRESS & sceneCbAddr , D3D12_GPU_VIRTUAL_ADDRESS & materialCbAddr)",149,158
15,8,118,7,17,"MeshRenderer::DrawMeshInstanced@160-176@engine\src\model\MeshRenderer.cpp","engine\src\model\MeshRenderer.cpp","MeshRenderer::DrawMeshInstanced","MeshRenderer::DrawMeshInstanced( const Mesh & mesh , const Material & material , const InstanceData * instances , uint32_t instanceCount , const Camera & camera , uint32_t textureId , uint32_t normalTextureId)",160,176
17,9,139,8,19,"MeshRenderer::DrawMeshInstancedWithPipeline@178-196@engine\src\model\MeshRenderer.cpp","engine\src\model\MeshRenderer.cpp","MeshRenderer::DrawMeshInstancedWithPipeline","MeshRenderer::DrawMeshInstancedWithPipeline( uint32_t pipelineId , const Mesh & mesh , const Material & material , const InstanceData * instances , uint32_t instanceCount , const Camera & camera , uint32_t textureId , uint32_t normalTextureId)",178,196
15,2,89,7,15,"MeshRenderer::DrawMeshInstancedWithPipeline@198-212@engine\src\model\MeshRenderer.cpp","engine\src\model\MeshRenderer.cpp","MeshRenderer::DrawMeshInstancedWithPipeline","MeshRenderer::DrawMeshInstancedWithPipeline( uint32_t pipelineId , const Mesh & mesh , const Material & material , const MeshInstanceBuffer & instanceBuffer , const Camera & camera , uint32_t textureId , uint32_t normalTextureId)",198,212
12,2,83,8,12,"MeshRenderer::DrawInstancedWithPreparedBuffer@214-225@engine\src\model\MeshRenderer.cpp","engine\src\model\MeshRenderer.cpp","MeshRenderer::DrawInstancedWithPreparedBuffer","MeshRenderer::DrawInstancedWithPreparedBuffer( uint32_t pipelineId , const Mesh & mesh , const Material & drawMaterial , const D3D12_VERTEX_BUFFER_VIEW & instanceView , uint32_t instanceCount , const Camera & camera , uint32_t textureId , uint32_t normalTextureId)",214,225
29,11,209,8,31,"MeshRenderer::DrawForwardInstancedWithPreparedBuffer@227-257@engine\src\model\MeshRenderer.cpp","engine\src\model\MeshRenderer.cpp","MeshRenderer::DrawForwardInstancedWithPreparedBuffer","MeshRenderer::DrawForwardInstancedWithPreparedBuffer( const Mesh & mesh , const Material & drawMaterial , const D3D12_VERTEX_BUFFER_VIEW & instanceView , uint32_t instanceCount , const Camera & camera , const PipelineStateArray * pipelineStates , uint32_t textureId , uint32_t normalTextureId)",227,257
8,1,56,3,8,"MeshRenderer::SetShadowMap@258-265@engine\src\model\MeshRenderer.cpp","engine\src\model\MeshRenderer.cpp","MeshRenderer::SetShadowMap","MeshRenderer::SetShadowMap( D3D12_GPU_DESCRIPTOR_HANDLE shadowMap , const DirectX :: XMFLOAT4X4 & lightViewProjection , const SceneShadowSettings & settings)",258,265
9,1,56,3,9,"MeshRenderer::SetSpotLightShadowMap@267-275@engine\src\model\MeshRenderer.cpp","engine\src\model\MeshRenderer.cpp","MeshRenderer::SetSpotLightShadowMap","MeshRenderer::SetSpotLightShadowMap( D3D12_GPU_DESCRIPTOR_HANDLE shadowMap , const DirectX :: XMFLOAT4X4 & lightViewProjection , const SceneShadowSettings & settings)",267,275
14,5,125,6,15,"MeshRenderer::SetOcclusionPyramid@277-291@engine\src\model\MeshRenderer.cpp","engine\src\model\MeshRenderer.cpp","MeshRenderer::SetOcclusionPyramid","MeshRenderer::SetOcclusionPyramid( D3D12_GPU_DESCRIPTOR_HANDLE depthPyramid , const DirectX :: XMMATRIX & viewProjection , uint32_t width , uint32_t height , uint32_t mipCount , float depthBias)",277,291
5,1,38,0,5,"MeshRenderer::ClearOcclusionPyramid@293-297@engine\src\model\MeshRenderer.cpp","engine\src\model\MeshRenderer.cpp","MeshRenderer::ClearOcclusionPyramid","MeshRenderer::ClearOcclusionPyramid()",293,297
6,1,50,2,6,"MeshRenderer::SetCustomSceneParams@299-304@engine\src\model\MeshRenderer.cpp","engine\src\model\MeshRenderer.cpp","MeshRenderer::SetCustomSceneParams","MeshRenderer::SetCustomSceneParams( const DirectX :: XMFLOAT4 & params0 , const DirectX :: XMFLOAT4 & params1)",299,304
7,2,40,1,7,"CanCreateStaticInstanceBuffer@27-33@engine\src\model\MeshRendererBuffers.cpp","engine\src\model\MeshRendererBuffers.cpp","CanCreateStaticInstanceBuffer","CanCreateStaticInstanceBuffer( uint32_t instanceCount)",27,33
5,3,40,1,5,"MeshRenderer::MarkStaticInstanceBufferUsed@47-51@engine\src\model\MeshRendererBuffers.cpp","engine\src\model\MeshRendererBuffers.cpp","MeshRenderer::MarkStaticInstanceBufferUsed","MeshRenderer::MarkStaticInstanceBufferUsed( const MeshInstanceBuffer & buffer) const",47,51
27,6,200,1,27,"MeshRenderer::RetireStaticInstanceBuffer@53-79@engine\src\model\MeshRendererBuffers.cpp","engine\src\model\MeshRendererBuffers.cpp","MeshRenderer::RetireStaticInstanceBuffer","MeshRenderer::RetireStaticInstanceBuffer( MeshInstanceBuffer & buffer)",53,79
4,1,22,0,4,"MeshRenderer::CreateUploadBuffer@81-84@engine\src\model\MeshRendererBuffers.cpp","engine\src\model\MeshRendererBuffers.cpp","MeshRenderer::CreateUploadBuffer","MeshRenderer::CreateUploadBuffer()",81,84
5,1,37,3,5,"MeshRenderer::WriteObjectConstants@86-90@engine\src\model\MeshRendererBuffers.cpp","engine\src\model\MeshRendererBuffers.cpp","MeshRenderer::WriteObjectConstants","MeshRenderer::WriteObjectConstants( const XMMATRIX & wvp , const XMMATRIX & world , const XMMATRIX & worldInverseTranspose)",86,90
52,5,507,1,52,"MeshRenderer::WriteSceneConstants@93-144@engine\src\model\MeshRendererBuffers.cpp","engine\src\model\MeshRendererBuffers.cpp","MeshRenderer::WriteSceneConstants","MeshRenderer::WriteSceneConstants( const Camera & camera)",93,144
17,4,147,1,17,"MeshRenderer::WriteShadowSceneConstants@147-163@engine\src\model\MeshRendererBuffers.cpp","engine\src\model\MeshRendererBuffers.cpp","MeshRenderer::WriteShadowSceneConstants","MeshRenderer::WriteShadowSceneConstants( const DirectX :: XMFLOAT4X4 & lightViewProjection)",147,163
13,4,107,1,13,"MeshRenderer::WriteMaterialConstants@166-178@engine\src\model\MeshRendererBuffers.cpp","engine\src\model\MeshRendererBuffers.cpp","MeshRenderer::WriteMaterialConstants","MeshRenderer::WriteMaterialConstants( const Material & material)",166,178
21,4,166,2,23,"MeshRenderer::WriteInstances@181-203@engine\src\model\MeshRendererBuffers.cpp","engine\src\model\MeshRendererBuffers.cpp","MeshRenderer::WriteInstances","MeshRenderer::WriteInstances( const InstanceData * instances , uint32_t instanceCount)",181,203
15,7,89,3,15,"MeshRenderer::CreateStaticInstanceBuffer@205-219@engine\src\model\MeshRendererBuffers.cpp","engine\src\model\MeshRendererBuffers.cpp","MeshRenderer::CreateStaticInstanceBuffer","MeshRenderer::CreateStaticInstanceBuffer( const InstanceData * instances , uint32_t instanceCount , MeshInstanceBuffer & buffer)",205,219
34,11,252,4,34,"MeshRenderer::PrepareStaticInstanceBufferBuild@221-254@engine\src\model\MeshRendererBuffers.cpp","engine\src\model\MeshRendererBuffers.cpp","MeshRenderer::PrepareStaticInstanceBufferBuild","MeshRenderer::PrepareStaticInstanceBufferBuild( const InstanceData * instances , uint32_t instanceCount , const MeshInstanceBuffer & currentBuffer , StaticInstanceBufferBuild & build)",221,254
25,4,213,1,27,"MeshRenderer::CreateStaticInstanceResources@256-282@engine\src\model\MeshRendererBuffers.cpp","engine\src\model\MeshRendererBuffers.cpp","MeshRenderer::CreateStaticInstanceResources","MeshRenderer::CreateStaticInstanceResources( StaticInstanceBufferBuild & build)",256,282
27,6,195,1,27,"MeshRenderer::UploadStaticInstanceBuffer@284-310@engine\src\model\MeshRendererBuffers.cpp","engine\src\model\MeshRendererBuffers.cpp","MeshRenderer::UploadStaticInstanceBuffer","MeshRenderer::UploadStaticInstanceBuffer( StaticInstanceBufferBuild & build)",284,310
24,9,183,2,24,"MeshRenderer::CommitStaticInstanceBuffer@312-335@engine\src\model\MeshRendererBuffers.cpp","engine\src\model\MeshRendererBuffers.cpp","MeshRenderer::CommitStaticInstanceBuffer","MeshRenderer::CommitStaticInstanceBuffer( MeshInstanceBuffer & buffer , StaticInstanceBufferBuild & build)",312,335
23,9,121,2,23,"MeshRenderer::ReleaseStaticInstanceBuffer@337-359@engine\src\model\MeshRendererBuffers.cpp","engine\src\model\MeshRendererBuffers.cpp","MeshRenderer::ReleaseStaticInstanceBuffer","MeshRenderer::ReleaseStaticInstanceBuffer( MeshInstanceBuffer & buffer , bool allowFrameAbort)",337,359
12,3,58,3,13,"GetTextureHandleOrFallback@16-28@engine\src\model\MeshRendererCommands.cpp","engine\src\model\MeshRendererCommands.cpp","GetTextureHandleOrFallback","GetTextureHandleOrFallback( const TextureManager * textureManager , uint32_t textureId , uint32_t fallbackTextureId)",16,28
17,5,85,3,17,"GetCubeTextureHandleOrFallback@30-46@engine\src\model\MeshRendererCommands.cpp","engine\src\model\MeshRendererCommands.cpp","GetCubeTextureHandleOrFallback","GetCubeTextureHandleOrFallback( const TextureManager * textureManager , uint32_t textureId , uint32_t fallbackTextureId)",30,46
6,2,33,1,6,"GetWhiteTextureHandle@48-53@engine\src\model\MeshRendererCommands.cpp","engine\src\model\MeshRendererCommands.cpp","GetWhiteTextureHandle","GetWhiteTextureHandle( const TextureManager * textureManager)",48,53
6,2,33,1,6,"GetDefaultNormalTextureHandle@55-60@engine\src\model\MeshRendererCommands.cpp","engine\src\model\MeshRendererCommands.cpp","GetDefaultNormalTextureHandle","GetDefaultNormalTextureHandle( const TextureManager * textureManager)",55,60
4,2,26,2,4,"ResolveShadowHandle@62-65@engine\src\model\MeshRendererCommands.cpp","engine\src\model\MeshRendererCommands.cpp","ResolveShadowHandle","ResolveShadowHandle( const TextureManager * textureManager , D3D12_GPU_DESCRIPTOR_HANDLE handle)",62,65
14,5,97,1,14,"MeshRenderer::SetGraphicsRootSignatureCached@69-82@engine\src\model\MeshRendererCommands.cpp","engine\src\model\MeshRendererCommands.cpp","MeshRenderer::SetGraphicsRootSignatureCached","MeshRenderer::SetGraphicsRootSignatureCached( ID3D12RootSignature * rootSignature)",69,82
11,5,71,1,11,"MeshRenderer::SetPipelineStateCached@84-94@engine\src\model\MeshRendererCommands.cpp","engine\src\model\MeshRendererCommands.cpp","MeshRenderer::SetPipelineStateCached","MeshRenderer::SetPipelineStateCached( ID3D12PipelineState * pipelineState)",84,94
16,6,119,2,16,"MeshRenderer::SetGraphicsRootConstantBufferViewCached@96-111@engine\src\model\MeshRendererCommands.cpp","engine\src\model\MeshRendererCommands.cpp","MeshRenderer::SetGraphicsRootConstantBufferViewCached","MeshRenderer::SetGraphicsRootConstantBufferViewCached( uint32_t rootIndex , D3D12_GPU_VIRTUAL_ADDRESS address)",96,111
16,6,123,2,16,"MeshRenderer::SetGraphicsRootDescriptorTableCached@113-128@engine\src\model\MeshRendererCommands.cpp","engine\src\model\MeshRendererCommands.cpp","MeshRenderer::SetGraphicsRootDescriptorTableCached","MeshRenderer::SetGraphicsRootDescriptorTableCached( uint32_t rootIndex , D3D12_GPU_DESCRIPTOR_HANDLE handle)",113,128
25,12,202,3,27,"MeshRenderer::IASetVertexBuffersCached@130-156@engine\src\model\MeshRendererCommands.cpp","engine\src\model\MeshRendererCommands.cpp","MeshRenderer::IASetVertexBuffersCached","MeshRenderer::IASetVertexBuffersCached( uint32_t startSlot , uint32_t viewCount , const D3D12_VERTEX_BUFFER_VIEW * views)",130,156
14,5,88,1,14,"MeshRenderer::IASetIndexBufferCached@158-171@engine\src\model\MeshRendererCommands.cpp","engine\src\model\MeshRendererCommands.cpp","MeshRenderer::IASetIndexBufferCached","MeshRenderer::IASetIndexBufferCached( const D3D12_INDEX_BUFFER_VIEW & view)",158,171
11,4,66,1,11,"MeshRenderer::IASetPrimitiveTopologyCached@173-183@engine\src\model\MeshRendererCommands.cpp","engine\src\model\MeshRendererCommands.cpp","MeshRenderer::IASetPrimitiveTopologyCached","MeshRenderer::IASetPrimitiveTopologyCached( D3D12_PRIMITIVE_TOPOLOGY topology)",173,183
35,1,234,3,35,"MeshRenderer::BindForwardMaterialDescriptors@185-219@engine\src\model\MeshRendererCommands.cpp","engine\src\model\MeshRendererCommands.cpp","MeshRenderer::BindForwardMaterialDescriptors","MeshRenderer::BindForwardMaterialDescriptors( const Material & drawMaterial , uint32_t textureId , uint32_t normalTextureId)",185,219
28,3,209,2,28,"MeshRenderer::BindForwardMaterialDescriptorHandles@221-248@engine\src\model\MeshRendererCommands.cpp","engine\src\model\MeshRendererCommands.cpp","MeshRenderer::BindForwardMaterialDescriptorHandles","MeshRenderer::BindForwardMaterialDescriptorHandles( D3D12_GPU_DESCRIPTOR_HANDLE textureHandle , D3D12_GPU_DESCRIPTOR_HANDLE normalTextureHandle)",221,248
5,1,37,2,5,"MeshRenderer::BindShadowMaterialDescriptor@250-254@engine\src\model\MeshRendererCommands.cpp","engine\src\model\MeshRendererCommands.cpp","MeshRenderer::BindShadowMaterialDescriptor","MeshRenderer::BindShadowMaterialDescriptor( const Material & drawMaterial , uint32_t textureId)",250,254
19,6,168,5,20,"MeshRenderer::SubmitForwardMeshDraw@256-275@engine\src\model\MeshRendererCommands.cpp","engine\src\model\MeshRendererCommands.cpp","MeshRenderer::SubmitForwardMeshDraw","MeshRenderer::SubmitForwardMeshDraw( const Mesh & mesh , const Material & drawMaterial , const MeshDrawConstants & constants , const MeshVertexViewSpan & vertices , const ForwardTextureIds & textures)",256,275
19,6,161,4,20,"MeshRenderer::SubmitForwardMeshDrawWithHandles@277-296@engine\src\model\MeshRendererCommands.cpp","engine\src\model\MeshRendererCommands.cpp","MeshRenderer::SubmitForwardMeshDrawWithHandles","MeshRenderer::SubmitForwardMeshDrawWithHandles( const Mesh & mesh , const MeshDrawConstants & constants , const MeshVertexViewSpan & vertices , const ForwardTextureHandles & textures)",277,296
18,6,160,5,19,"MeshRenderer::SubmitShadowMeshDraw@298-316@engine\src\model\MeshRendererCommands.cpp","engine\src\model\MeshRendererCommands.cpp","MeshRenderer::SubmitShadowMeshDraw","MeshRenderer::SubmitShadowMeshDraw( const Mesh & mesh , const Material & drawMaterial , const MeshDrawConstants & constants , const MeshVertexViewSpan & vertices , uint32_t textureId)",298,316
3,1,21,1,3,"MeshRenderer::SetPipelineForMaterial@318-320@engine\src\model\MeshRendererCommands.cpp","engine\src\model\MeshRendererCommands.cpp","MeshRenderer::SetPipelineForMaterial","MeshRenderer::SetPipelineForMaterial( const Material & material)",318,320
4,1,24,2,4,"MeshRenderer::SetPipelineForMaterial@322-325@engine\src\model\MeshRendererCommands.cpp","engine\src\model\MeshRendererCommands.cpp","MeshRenderer::SetPipelineForMaterial","MeshRenderer::SetPipelineForMaterial( const PipelineStateArray & pipelineStates , const Material & material)",322,325
3,1,21,1,3,"MeshRenderer::SetInstancedPipelineForMaterial@327-329@engine\src\model\MeshRendererCommands.cpp","engine\src\model\MeshRendererCommands.cpp","MeshRenderer::SetInstancedPipelineForMaterial","MeshRenderer::SetInstancedPipelineForMaterial( const Material & material)",327,329
4,1,24,2,4,"MeshRenderer::SetInstancedPipelineForMaterial@331-334@engine\src\model\MeshRendererCommands.cpp","engine\src\model\MeshRendererCommands.cpp","MeshRenderer::SetInstancedPipelineForMaterial","MeshRenderer::SetInstancedPipelineForMaterial( const PipelineStateArray & pipelineStates , const Material & material)",331,334
4,1,24,2,4,"MeshRenderer::SetInstancedShadowPipelineForMaterial@336-339@engine\src\model\MeshRendererCommands.cpp","engine\src\model\MeshRendererCommands.cpp","MeshRenderer::SetInstancedShadowPipelineForMaterial","MeshRenderer::SetInstancedShadowPipelineForMaterial( const PipelineStateArray & pipelineStates , const Material & material)",336,339
10,4,73,2,10,"MeshRenderer::SetPipelineStateForMaterial@341-350@engine\src\model\MeshRendererCommands.cpp","engine\src\model\MeshRendererCommands.cpp","MeshRenderer::SetPipelineStateForMaterial","MeshRenderer::SetPipelineStateForMaterial( const PipelineStateArray & pipelineStates , const Material & material)",341,350
3,1,20,0,3,"DefaultCullOcclusionParams@36-38@engine\src\model\MeshRendererGpuCull.cpp","engine\src\model\MeshRendererGpuCull.cpp","DefaultCullOcclusionParams","DefaultCullOcclusionParams()",36,38
4,4,60,1,4,"MakeFiniteOrigin@40-43@engine\src\model\MeshRendererGpuCull.cpp","engine\src\model\MeshRendererGpuCull.cpp","MakeFiniteOrigin","MakeFiniteOrigin( const XMFLOAT3 & origin)",40,43
17,2,145,8,17,"BuildSingleGpuCullConstants@45-61@engine\src\model\MeshRendererGpuCull.cpp","engine\src\model\MeshRendererGpuCull.cpp","BuildSingleGpuCullConstants","BuildSingleGpuCullConstants( const XMMATRIX & cullViewProjection , const XMFLOAT3 & cullOrigin , const MeshGpuCullBounds & localBounds , const XMFLOAT4X4 & occlusionViewProjection , const XMFLOAT4 & occlusionParams , uint32_t instanceCount , float maxDistance , float minDistance)",45,61
17,1,160,2,17,"BuildLodGpuCullConstants@64-80@engine\src\model\MeshRendererGpuCull.cpp","engine\src\model\MeshRendererGpuCull.cpp","BuildLodGpuCullConstants","BuildLodGpuCullConstants( const Request & request , const XMFLOAT4X4 & occlusionViewProjection)",64,80
9,2,57,5,9,"WriteGpuCullConstantBuffers@83-91@engine\src\model\MeshRendererGpuCull.cpp","engine\src\model\MeshRendererGpuCull.cpp","WriteGpuCullConstantBuffers","WriteGpuCullConstantBuffers( UploadRingBuffer & uploadBuffer , const TCullConstants & cullConstants , const TArgsConstants & argsConstants , D3D12_GPU_VIRTUAL_ADDRESS & cullCb , D3D12_GPU_VIRTUAL_ADDRESS & argsCb)",83,91
4,1,18,1,4,"ShouldUseGpuCull@93-96@engine\src\model\MeshRendererGpuCull.cpp","engine\src\model\MeshRendererGpuCull.cpp","ShouldUseGpuCull","ShouldUseGpuCull( uint32_t instanceCount)",93,96
3,1,17,1,3,"MeshRenderer::DrawMeshInstancedGpuCulledWithPipeline@100-102@engine\src\model\MeshRendererGpuCull.cpp","engine\src\model\MeshRendererGpuCull.cpp","MeshRenderer::DrawMeshInstancedGpuCulledWithPipeline","MeshRenderer::DrawMeshInstancedGpuCulledWithPipeline( const SingleGpuCullDrawRequest & request)",100,102
24,5,163,1,25,"MeshRenderer::DrawGpuCulledForward@104-128@engine\src\model\MeshRendererGpuCull.cpp","engine\src\model\MeshRendererGpuCull.cpp","MeshRenderer::DrawGpuCulledForward","MeshRenderer::DrawGpuCulledForward( const SingleGpuCullDrawRequest & request)",104,128
25,11,215,1,25,"MeshRenderer::CanDrawGpuCulledForward@130-154@engine\src\model\MeshRendererGpuCull.cpp","engine\src\model\MeshRendererGpuCull.cpp","MeshRenderer::CanDrawGpuCulledForward","MeshRenderer::CanDrawGpuCulledForward( const SingleGpuCullDrawRequest & request) const",130,154
3,1,17,1,3,"MeshRenderer::DrawMeshInstancedGpuLodCulledWithPipeline@156-158@engine\src\model\MeshRendererGpuCull.cpp","engine\src\model\MeshRendererGpuCull.cpp","MeshRenderer::DrawMeshInstancedGpuLodCulledWithPipeline","MeshRenderer::DrawMeshInstancedGpuLodCulledWithPipeline( const LodGpuCullDrawRequest & request)",156,158
29,8,199,1,30,"MeshRenderer::DrawGpuLodCulledForward@160-189@engine\src\model\MeshRendererGpuCull.cpp","engine\src\model\MeshRendererGpuCull.cpp","MeshRenderer::DrawGpuLodCulledForward","MeshRenderer::DrawGpuLodCulledForward( const LodGpuCullDrawRequest & request)",160,189
26,11,213,1,26,"MeshRenderer::CanDrawGpuLodCulledForward@191-216@engine\src\model\MeshRendererGpuCull.cpp","engine\src\model\MeshRendererGpuCull.cpp","MeshRenderer::CanDrawGpuLodCulledForward","MeshRenderer::CanDrawGpuLodCulledForward( const LodGpuCullDrawRequest & request) const",191,216
4,1,17,1,4,"MeshRenderer::DrawMeshInstancedGpuCulledShadowWithPipeline@218-221@engine\src\model\MeshRendererGpuCull.cpp","engine\src\model\MeshRendererGpuCull.cpp","MeshRenderer::DrawMeshInstancedGpuCulledShadowWithPipeline","MeshRenderer::DrawMeshInstancedGpuCulledShadowWithPipeline( const SingleGpuCullShadowDrawRequest & request)",218,221
22,4,144,1,23,"MeshRenderer::DrawGpuCulledShadow@223-245@engine\src\model\MeshRendererGpuCull.cpp","engine\src\model\MeshRendererGpuCull.cpp","MeshRenderer::DrawGpuCulledShadow","MeshRenderer::DrawGpuCulledShadow( const SingleGpuCullShadowDrawRequest & request)",223,245
26,12,229,1,26,"MeshRenderer::CanDrawGpuCulledShadow@247-272@engine\src\model\MeshRendererGpuCull.cpp","engine\src\model\MeshRendererGpuCull.cpp","MeshRenderer::CanDrawGpuCulledShadow","MeshRenderer::CanDrawGpuCulledShadow( const SingleGpuCullShadowDrawRequest & request) const",247,272
4,1,17,1,4,"MeshRenderer::DrawMeshInstancedGpuLodCulledShadowWithPipeline@274-277@engine\src\model\MeshRendererGpuCull.cpp","engine\src\model\MeshRendererGpuCull.cpp","MeshRenderer::DrawMeshInstancedGpuLodCulledShadowWithPipeline","MeshRenderer::DrawMeshInstancedGpuLodCulledShadowWithPipeline( const LodGpuCullShadowDrawRequest & request)",274,277
27,7,185,1,28,"MeshRenderer::DrawGpuLodCulledShadow@279-306@engine\src\model\MeshRendererGpuCull.cpp","engine\src\model\MeshRendererGpuCull.cpp","MeshRenderer::DrawGpuLodCulledShadow","MeshRenderer::DrawGpuLodCulledShadow( const LodGpuCullShadowDrawRequest & request)",279,306
27,12,227,1,27,"MeshRenderer::CanDrawGpuLodCulledShadow@308-334@engine\src\model\MeshRendererGpuCull.cpp","engine\src\model\MeshRendererGpuCull.cpp","MeshRenderer::CanDrawGpuLodCulledShadow","MeshRenderer::CanDrawGpuLodCulledShadow( const LodGpuCullShadowDrawRequest & request) const",308,334
26,3,198,2,29,"MeshRenderer::DispatchSingleGpuCull@336-364@engine\src\model\MeshRendererGpuCull.cpp","engine\src\model\MeshRendererGpuCull.cpp","MeshRenderer::DispatchSingleGpuCull","MeshRenderer::DispatchSingleGpuCull( const SingleGpuCullDispatchRequest & request , ID3D12GraphicsCommandList * & commandList)",336,364
24,3,169,2,27,"MeshRenderer::DispatchLodGpuCull@366-392@engine\src\model\MeshRendererGpuCull.cpp","engine\src\model\MeshRendererGpuCull.cpp","MeshRenderer::DispatchLodGpuCull","MeshRenderer::DispatchLodGpuCull( const LodGpuCullDispatchRequest & request , ID3D12GraphicsCommandList * & commandList)",366,392
16,5,97,5,17,"MeshRenderer::PrepareGpuCullDispatch@394-410@engine\src\model\MeshRendererGpuCull.cpp","engine\src\model\MeshRendererGpuCull.cpp","MeshRenderer::PrepareGpuCullDispatch","MeshRenderer::PrepareGpuCullDispatch( const MeshInstanceBuffer & sourceInstances , MeshGpuCullBuffer & buffer , ID3D12GraphicsCommandList * & commandList , ID3D12DescriptorHeap * & descriptorHeap , D3D12_GPU_DESCRIPTOR_HANDLE & occlusionHandle)",394,410
16,5,97,5,17,"MeshRenderer::PrepareGpuLodCullDispatch@412-428@engine\src\model\MeshRendererGpuCull.cpp","engine\src\model\MeshRendererGpuCull.cpp","MeshRenderer::PrepareGpuLodCullDispatch","MeshRenderer::PrepareGpuLodCullDispatch( const MeshInstanceBuffer & sourceInstances , MeshGpuLodCullBuffer & buffer , ID3D12GraphicsCommandList * & commandList , ID3D12DescriptorHeap * & descriptorHeap , D3D12_GPU_DESCRIPTOR_HANDLE & occlusionHandle)",412,428
24,5,164,5,25,"MeshRenderer::BindGpuCulledForwardDrawState@430-454@engine\src\model\MeshRendererGpuCull.cpp","engine\src\model\MeshRendererGpuCull.cpp","MeshRenderer::BindGpuCulledForwardDrawState","MeshRenderer::BindGpuCulledForwardDrawState( uint32_t pipelineId , const Material & material , const Camera & camera , uint32_t textureId , uint32_t normalTextureId)",430,454
26,6,184,5,27,"MeshRenderer::BindGpuCulledShadowDrawState@456-482@engine\src\model\MeshRendererGpuCull.cpp","engine\src\model\MeshRendererGpuCull.cpp","MeshRenderer::BindGpuCulledShadowDrawState","MeshRenderer::BindGpuCulledShadowDrawState( uint32_t pipelineId , const Material & material , const DirectX :: XMFLOAT4X4 & lightViewProjection , uint32_t textureId , bool opaqueShadow)",456,482
10,1,93,3,10,"MeshRenderer::ExecuteGpuCulledMeshDraw@484-493@engine\src\model\MeshRendererGpuCull.cpp","engine\src\model\MeshRendererGpuCull.cpp","MeshRenderer::ExecuteGpuCulledMeshDraw","MeshRenderer::ExecuteGpuCulledMeshDraw( ID3D12GraphicsCommandList * commandList , const Mesh & mesh , const MeshGpuCullBuffer & cullBuffer)",484,493
19,3,149,3,19,"MeshRenderer::ExecuteGpuLodCulledMeshDraws@495-513@engine\src\model\MeshRendererGpuCull.cpp","engine\src\model\MeshRendererGpuCull.cpp","MeshRenderer::ExecuteGpuLodCulledMeshDraws","MeshRenderer::ExecuteGpuLodCulledMeshDraws( ID3D12GraphicsCommandList * commandList , const std :: array<const Mesh*,kMeshGpuCullLodCount> & lodMeshes , const MeshGpuLodCullBuffer & cullBuffer)",495,513
13,2,80,1,13,"MeshRenderer::RegisterGpuCullStateRollback@515-527@engine\src\model\MeshRendererGpuCull.cpp","engine\src\model\MeshRendererGpuCull.cpp","MeshRenderer::RegisterGpuCullStateRollback","MeshRenderer::RegisterGpuCullStateRollback( MeshGpuCullBuffer & buffer)",515,527
13,2,80,1,13,"MeshRenderer::RegisterGpuLodCullStateRollback@529-541@engine\src\model\MeshRendererGpuCull.cpp","engine\src\model\MeshRendererGpuCull.cpp","MeshRenderer::RegisterGpuLodCullStateRollback","MeshRenderer::RegisterGpuLodCullStateRollback( MeshGpuLodCullBuffer & buffer)",529,541
6,3,34,0,6,"MeshRenderer::GetCullOcclusionHandle@543-548@engine\src\model\MeshRendererGpuCull.cpp","engine\src\model\MeshRendererGpuCull.cpp","MeshRenderer::GetCullOcclusionHandle","MeshRenderer::GetCullOcclusionHandle() const",543,548
3,3,23,1,3,"HasGpuCullResources@17-19@engine\src\model\MeshRendererGpuCullBuffers.cpp","engine\src\model\MeshRendererGpuCullBuffers.cpp","HasGpuCullResources","HasGpuCullResources( const MeshGpuCullBuffer & buffer)",17,19
9,5,57,1,9,"HasGpuLodCullResources@21-29@engine\src\model\MeshRendererGpuCullBuffers.cpp","engine\src\model\MeshRendererGpuCullBuffers.cpp","HasGpuLodCullResources","HasGpuLodCullResources( const MeshGpuLodCullBuffer & buffer)",21,29
4,1,25,3,4,"CanReleaseGpuCullResources@31-34@engine\src\model\MeshRendererGpuCullBuffers.cpp","engine\src\model\MeshRendererGpuCullBuffers.cpp","CanReleaseGpuCullResources","CanReleaseGpuCullResources( DirectXCommon * dxCommon , bool hasResources , bool allowFrameAbort)",31,34
13,6,114,6,14,"PrepareGpuCullEnsureInputs@59-72@engine\src\model\MeshRendererGpuCullBuffers.cpp","engine\src\model\MeshRendererGpuCullBuffers.cpp","PrepareGpuCullEnsureInputs","PrepareGpuCullEnsureInputs( DirectXCommon * dxCommon , const SrvManager * srvManager , const MeshInstanceBuffer & sourceInstances , const Buffer & buffer , GpuCullEnsureInputs & inputs , bool & alreadyValid)",59,72
10,3,68,5,10,"BeginGpuCullEnsure@75-84@engine\src\model\MeshRendererGpuCullBuffers.cpp","engine\src\model\MeshRendererGpuCullBuffers.cpp","BeginGpuCullEnsure","BeginGpuCullEnsure( DirectXCommon * dxCommon , const SrvManager * srvManager , const MeshInstanceBuffer & sourceInstances , const Buffer & buffer , GpuCullEnsureInputs & inputs)",75,84
17,5,107,7,17,"BeginGpuCullRebuild@87-103@engine\src\model\MeshRendererGpuCullBuffers.cpp","engine\src\model\MeshRendererGpuCullBuffers.cpp","BeginGpuCullRebuild","BeginGpuCullRebuild( DirectXCommon * dxCommon , const SrvManager * srvManager , const MeshInstanceBuffer & sourceInstances , Buffer & buffer , GpuCullEnsureInputs & inputs , HasResources hasResources , ReleaseBuffer releaseBuffer)",87,103
3,3,29,2,3,"CanRecreateGpuCullResources@105-107@engine\src\model\MeshRendererGpuCullBuffers.cpp","engine\src\model\MeshRendererGpuCullBuffers.cpp","CanRecreateGpuCullResources","CanRecreateGpuCullResources( const DirectXCommon * dxCommon , bool hasExistingResources)",105,107
17,5,135,4,18,"MakeGpuCullResourceDescs@109-126@engine\src\model\MeshRendererGpuCullBuffers.cpp","engine\src\model\MeshRendererGpuCullBuffers.cpp","MakeGpuCullResourceDescs","MakeGpuCullResourceDescs( const SrvManager * srvManager , uint32_t instanceCount , UINT descriptorCount , GpuCullResourceDescs & descs)",109,126
20,4,146,8,21,"CreateGpuCullResourceSet@128-148@engine\src\model\MeshRendererGpuCullBuffers.cpp","engine\src\model\MeshRendererGpuCullBuffers.cpp","CreateGpuCullResourceSet","CreateGpuCullResourceSet( ID3D12Device * device , const GpuCullResourceDescs & descs , ID3D12Resource ** outputResource , ID3D12Resource ** countResource , ID3D12Resource ** drawArgsResource , const wchar_t * outputName , const wchar_t * countName , const wchar_t * drawArgsName)",128,148
12,1,88,4,12,"CreateInstanceSourceSrv@150-161@engine\src\model\MeshRendererGpuCullBuffers.cpp","engine\src\model\MeshRendererGpuCullBuffers.cpp","CreateInstanceSourceSrv","CreateInstanceSourceSrv( ID3D12Device * device , ID3D12Resource * resource , uint32_t instanceCount , D3D12_CPU_DESCRIPTOR_HANDLE cpuHandle)",150,161
11,1,84,4,11,"CreateInstanceOutputUav@163-173@engine\src\model\MeshRendererGpuCullBuffers.cpp","engine\src\model\MeshRendererGpuCullBuffers.cpp","CreateInstanceOutputUav","CreateInstanceOutputUav( ID3D12Device * device , ID3D12Resource * resource , uint32_t instanceCount , D3D12_CPU_DESCRIPTOR_HANDLE cpuHandle)",163,173
9,1,51,1,9,"MakeRawBufferUavDesc@175-183@engine\src\model\MeshRendererGpuCullBuffers.cpp","engine\src\model\MeshRendererGpuCullBuffers.cpp","MakeRawBufferUavDesc","MakeRawBufferUavDesc( uint32_t elements)",175,183
22,2,143,2,22,"ResetGpuCullDescriptorsAndResources@185-206@engine\src\model\MeshRendererGpuCullBuffers.cpp","engine\src\model\MeshRendererGpuCullBuffers.cpp","ResetGpuCullDescriptorsAndResources","ResetGpuCullDescriptorsAndResources( SrvManager * srvManager , MeshGpuCullBuffer & buffer)",185,206
24,3,186,2,24,"ResetGpuLodCullDescriptorsAndResources@208-231@engine\src\model\MeshRendererGpuCullBuffers.cpp","engine\src\model\MeshRendererGpuCullBuffers.cpp","ResetGpuLodCullDescriptorsAndResources","ResetGpuLodCullDescriptorsAndResources( SrvManager * srvManager , MeshGpuLodCullBuffer & buffer)",208,231
11,3,68,2,11,"MeshRenderer::ReleaseGpuCullBuffer@235-245@engine\src\model\MeshRendererGpuCullBuffers.cpp","engine\src\model\MeshRendererGpuCullBuffers.cpp","MeshRenderer::ReleaseGpuCullBuffer","MeshRenderer::ReleaseGpuCullBuffer( MeshGpuCullBuffer & buffer , bool allowFrameAbort)",235,245
12,3,68,2,12,"MeshRenderer::ReleaseGpuLodCullBuffer@247-258@engine\src\model\MeshRendererGpuCullBuffers.cpp","engine\src\model\MeshRendererGpuCullBuffers.cpp","MeshRenderer::ReleaseGpuLodCullBuffer","MeshRenderer::ReleaseGpuLodCullBuffer( MeshGpuLodCullBuffer & buffer , bool allowFrameAbort)",247,258
58,9,465,2,65,"MeshRenderer::EnsureGpuCullBuffer@260-324@engine\src\model\MeshRendererGpuCullBuffers.cpp","engine\src\model\MeshRendererGpuCullBuffers.cpp","MeshRenderer::EnsureGpuCullBuffer","MeshRenderer::EnsureGpuCullBuffer( const MeshInstanceBuffer & sourceInstances , MeshGpuCullBuffer & buffer)",260,324
74,12,605,2,83,"MeshRenderer::EnsureGpuLodCullBuffer@326-408@engine\src\model\MeshRendererGpuCullBuffers.cpp","engine\src\model\MeshRendererGpuCullBuffers.cpp","MeshRenderer::EnsureGpuLodCullBuffer","MeshRenderer::EnsureGpuLodCullBuffer( const MeshInstanceBuffer & sourceInstances , MeshGpuLodCullBuffer & buffer)",326,408
15,1,285,1,15,"MeshRendererGpuCullInternal::BuildFrustumPlanes@13-27@engine\src\model\MeshRendererGpuCullInternal.cpp","engine\src\model\MeshRendererGpuCullInternal.cpp","MeshRendererGpuCullInternal::BuildFrustumPlanes","MeshRendererGpuCullInternal::BuildFrustumPlanes( const XMMATRIX & viewProjection , XMFLOAT4(&planes) [ 6 ])",13,27
5,2,57,2,5,"MeshRendererGpuCullInternal::BuildCameraAndMaxDistanceSq@29-33@engine\src\model\MeshRendererGpuCullInternal.cpp","engine\src\model\MeshRendererGpuCullInternal.cpp","MeshRendererGpuCullInternal::BuildCameraAndMaxDistanceSq","MeshRendererGpuCullInternal::BuildCameraAndMaxDistanceSq( const XMFLOAT3 & cameraPosition , float maxDistance)",29,33
4,3,43,1,4,"MeshRendererGpuCullInternal::IsDistanceCullEnabled@35-38@engine\src\model\MeshRendererGpuCullInternal.cpp","engine\src\model\MeshRendererGpuCullInternal.cpp","MeshRendererGpuCullInternal::IsDistanceCullEnabled","MeshRendererGpuCullInternal::IsDistanceCullEnabled( float maxDistance)",35,38
4,3,43,1,4,"MeshRendererGpuCullInternal::IsMinDistanceCullEnabled@40-43@engine\src\model\MeshRendererGpuCullInternal.cpp","engine\src\model\MeshRendererGpuCullInternal.cpp","MeshRendererGpuCullInternal::IsMinDistanceCullEnabled","MeshRendererGpuCullInternal::IsMinDistanceCullEnabled( float minDistance)",40,43
7,5,104,1,7,"MeshRendererGpuCullInternal::BuildLocalCenterAndRadius@45-51@engine\src\model\MeshRendererGpuCullInternal.cpp","engine\src\model\MeshRendererGpuCullInternal.cpp","MeshRendererGpuCullInternal::BuildLocalCenterAndRadius","MeshRendererGpuCullInternal::BuildLocalCenterAndRadius( const MeshGpuCullBounds & localBounds)",45,51
5,3,63,1,5,"MeshRendererGpuCullInternal::BuildLodDistanceBreaks@53-57@engine\src\model\MeshRendererGpuCullInternal.cpp","engine\src\model\MeshRendererGpuCullInternal.cpp","MeshRendererGpuCullInternal::BuildLodDistanceBreaks","MeshRendererGpuCullInternal::BuildLodDistanceBreaks( const std :: array<float,kMeshGpuCullLodCount-1u> & distanceBreaks)",53,57
6,1,34,2,6,"MeshRendererGpuCullInternal::BuildSingleCullArgs@59-64@engine\src\model\MeshRendererGpuCullInternal.cpp","engine\src\model\MeshRendererGpuCullInternal.cpp","MeshRendererGpuCullInternal::BuildSingleCullArgs","MeshRendererGpuCullInternal::BuildSingleCullArgs( const Mesh & mesh , uint32_t instanceCount)",59,64
8,1,64,2,8,"MeshRendererGpuCullInternal::BuildLodCullArgs@66-73@engine\src\model\MeshRendererGpuCullInternal.cpp","engine\src\model\MeshRendererGpuCullInternal.cpp","MeshRendererGpuCullInternal::BuildLodCullArgs","MeshRendererGpuCullInternal::BuildLodCullArgs( const std :: array<const Mesh*,kMeshGpuCullLodCount> & lodMeshes , uint32_t instanceCount)",66,73
64,3,546,1,71,"MeshRendererGpuCullInternal::ExecuteSingleGpuCull@75-145@engine\src\model\MeshRendererGpuCullInternal.cpp","engine\src\model\MeshRendererGpuCullInternal.cpp","MeshRendererGpuCullInternal::ExecuteSingleGpuCull","MeshRendererGpuCullInternal::ExecuteSingleGpuCull( const SingleGpuCullExecutionContext & context)",75,145
99,15,912,1,106,"MeshRendererGpuCullInternal::ExecuteLodGpuCull@147-252@engine\src\model\MeshRendererGpuCullInternal.cpp","engine\src\model\MeshRendererGpuCullInternal.cpp","MeshRendererGpuCullInternal::ExecuteLodGpuCull","MeshRendererGpuCullInternal::ExecuteLodGpuCull( const LodGpuCullExecutionContext & context)",147,252
13,5,71,0,14,"MeshRenderer::CreateGpuCullResources@18-31@engine\src\model\MeshRendererGpuCullResources.cpp","engine\src\model\MeshRendererGpuCullResources.cpp","MeshRenderer::CreateGpuCullResources","MeshRenderer::CreateGpuCullResources()",18,31
51,8,441,1,61,"MeshRenderer::CreateSingleGpuCullResources@33-93@engine\src\model\MeshRendererGpuCullResources.cpp","engine\src\model\MeshRendererGpuCullResources.cpp","MeshRenderer::CreateSingleGpuCullResources","MeshRenderer::CreateSingleGpuCullResources( ID3D12Device * device)",33,93
18,3,116,1,19,"MeshRenderer::CreateGpuCullCommandSignature@95-113@engine\src\model\MeshRendererGpuCullResources.cpp","engine\src\model\MeshRendererGpuCullResources.cpp","MeshRenderer::CreateGpuCullCommandSignature","MeshRenderer::CreateGpuCullCommandSignature( ID3D12Device * device)",95,113
59,11,526,1,68,"MeshRenderer::CreateLodGpuCullResources@115-182@engine\src\model\MeshRendererGpuCullResources.cpp","engine\src\model\MeshRendererGpuCullResources.cpp","MeshRenderer::CreateLodGpuCullResources","MeshRenderer::CreateLodGpuCullResources( ID3D12Device * device)",115,182
57,12,390,0,61,"MeshRenderer::CreateFallbackOcclusionTexture@184-244@engine\src\model\MeshRendererGpuCullResources.cpp","engine\src\model\MeshRendererGpuCullResources.cpp","MeshRenderer::CreateFallbackOcclusionTexture","MeshRenderer::CreateFallbackOcclusionTexture()",184,244
5,1,50,1,5,"HasRetiredStaticInstanceBuffers@16-20@engine\src\model\MeshRendererLifecycle.cpp","engine\src\model\MeshRendererLifecycle.cpp","HasRetiredStaticInstanceBuffers","HasRetiredStaticInstanceBuffers( const State & state)",16,20
24,1,231,1,24,"HasMeshRendererGpuResources@22-45@engine\src\model\MeshRendererLifecycle.cpp","engine\src\model\MeshRendererLifecycle.cpp","HasMeshRendererGpuResources","HasMeshRendererGpuResources( const State & state)",22,45
4,3,28,1,4,"HasRequiredManagers@47-50@engine\src\model\MeshRendererLifecycle.cpp","engine\src\model\MeshRendererLifecycle.cpp","HasRequiredManagers","HasRequiredManagers( const State & state)",47,50
6,6,44,1,6,"HasRequiredForwardPipelines@52-57@engine\src\model\MeshRendererLifecycle.cpp","engine\src\model\MeshRendererLifecycle.cpp","HasRequiredForwardPipelines","HasRequiredForwardPipelines( const State & state)",52,57
5,7,38,1,5,"HasRequiredGpuCullPipelines@59-63@engine\src\model\MeshRendererLifecycle.cpp","engine\src\model\MeshRendererLifecycle.cpp","HasRequiredGpuCullPipelines","HasRequiredGpuCullPipelines( const State & state)",59,63
3,2,22,1,3,"HasRequiredFallbackOcclusion@65-67@engine\src\model\MeshRendererLifecycle.cpp","engine\src\model\MeshRendererLifecycle.cpp","HasRequiredFallbackOcclusion","HasRequiredFallbackOcclusion( const State & state)",65,67
1,1,19,0,1,"MeshRenderer::MeshRenderer@71-71@engine\src\model\MeshRendererLifecycle.cpp","engine\src\model\MeshRendererLifecycle.cpp","MeshRenderer::MeshRenderer","MeshRenderer::MeshRenderer()",71,71
3,1,12,0,3,"MeshRenderer::~MeshRenderer@73-75@engine\src\model\MeshRendererLifecycle.cpp","engine\src\model\MeshRendererLifecycle.cpp","MeshRenderer::~MeshRenderer","MeshRenderer::~MeshRenderer()",73,75
3,1,18,0,3,"MeshRenderer::GetCustomPipelineCount@77-79@engine\src\model\MeshRendererLifecycle.cpp","engine\src\model\MeshRendererLifecycle.cpp","MeshRenderer::GetCustomPipelineCount","MeshRenderer::GetCustomPipelineCount() const",77,79
3,1,18,0,3,"MeshRenderer::GetCustomInstancedPipelineCount@81-83@engine\src\model\MeshRendererLifecycle.cpp","engine\src\model\MeshRendererLifecycle.cpp","MeshRenderer::GetCustomInstancedPipelineCount","MeshRenderer::GetCustomInstancedPipelineCount() const",81,83
4,1,21,1,4,"MeshRenderer::SetSceneLighting@85-88@engine\src\model\MeshRendererLifecycle.cpp","engine\src\model\MeshRendererLifecycle.cpp","MeshRenderer::SetSceneLighting","MeshRenderer::SetSceneLighting( const SceneLighting & lighting)",85,88
4,1,21,1,4,"MeshRenderer::SetSceneFog@90-93@engine\src\model\MeshRendererLifecycle.cpp","engine\src\model\MeshRendererLifecycle.cpp","MeshRenderer::SetSceneFog","MeshRenderer::SetSceneFog( const SceneFog & fog)",90,93
11,5,75,1,11,"MeshRenderer::SetEnvironmentTexture@95-105@engine\src\model\MeshRendererLifecycle.cpp","engine\src\model\MeshRendererLifecycle.cpp","MeshRenderer::SetEnvironmentTexture","MeshRenderer::SetEnvironmentTexture( uint32_t textureId)",95,105
8,2,39,1,8,"MeshRenderer::SetMaterialReflectionsEnabled@107-114@engine\src\model\MeshRendererLifecycle.cpp","engine\src\model\MeshRendererLifecycle.cpp","MeshRenderer::SetMaterialReflectionsEnabled","MeshRenderer::SetMaterialReflectionsEnabled( bool enabled)",107,114
3,1,17,0,3,"MeshRenderer::GetUploadBytesPerFrame@116-118@engine\src\model\MeshRendererLifecycle.cpp","engine\src\model\MeshRendererLifecycle.cpp","MeshRenderer::GetUploadBytesPerFrame","MeshRenderer::GetUploadBytesPerFrame() const",116,118
3,1,17,0,3,"MeshRenderer::GetUploadTotalBytes@120-122@engine\src\model\MeshRendererLifecycle.cpp","engine\src\model\MeshRendererLifecycle.cpp","MeshRenderer::GetUploadTotalBytes","MeshRenderer::GetUploadTotalBytes() const",120,122
3,1,17,0,3,"MeshRenderer::GetUploadFrameOffset@124-126@engine\src\model\MeshRendererLifecycle.cpp","engine\src\model\MeshRendererLifecycle.cpp","MeshRenderer::GetUploadFrameOffset","MeshRenderer::GetUploadFrameOffset() const",124,126
34,8,201,3,36,"MeshRenderer::Initialize@128-163@engine\src\model\MeshRendererLifecycle.cpp","engine\src\model\MeshRendererLifecycle.cpp","MeshRenderer::Initialize","MeshRenderer::Initialize( DirectXCommon * dxCommon , SrvManager * srvManager , TextureManager * textureManager)",128,163
3,1,13,0,3,"MeshRenderer::Finalize@165-167@engine\src\model\MeshRendererLifecycle.cpp","engine\src\model\MeshRendererLifecycle.cpp","MeshRenderer::Finalize","MeshRenderer::Finalize()",165,167
10,3,45,1,11,"MeshRenderer::Finalize@169-179@engine\src\model\MeshRendererLifecycle.cpp","engine\src\model\MeshRendererLifecycle.cpp","MeshRenderer::Finalize","MeshRenderer::Finalize( bool allowFrameAbort)",169,179
40,5,276,0,41,"MeshRenderer::ResetResources@181-221@engine\src\model\MeshRendererLifecycle.cpp","engine\src\model\MeshRendererLifecycle.cpp","MeshRenderer::ResetResources","MeshRenderer::ResetResources()",181,221
15,5,102,2,17,"MeshRenderer::ReleasePipeline@223-239@engine\src\model\MeshRendererLifecycle.cpp","engine\src\model\MeshRendererLifecycle.cpp","MeshRenderer::ReleasePipeline","MeshRenderer::ReleasePipeline( uint32_t pipelineId , bool allowFrameAbort)",223,239
22,9,159,2,24,"MeshRenderer::ReleaseInstancedPipeline@241-264@engine\src\model\MeshRendererLifecycle.cpp","engine\src\model\MeshRendererLifecycle.cpp","MeshRenderer::ReleaseInstancedPipeline","MeshRenderer::ReleaseInstancedPipeline( uint32_t pipelineId , bool allowFrameAbort)",241,264
5,1,29,0,5,"MeshRenderer::InvalidateConstantCaches@266-270@engine\src\model\MeshRendererLifecycle.cpp","engine\src\model\MeshRendererLifecycle.cpp","MeshRenderer::InvalidateConstantCaches","MeshRenderer::InvalidateConstantCaches()",266,270
3,1,16,0,3,"MeshRenderer::InvalidateCommandState@272-274@engine\src\model\MeshRendererLifecycle.cpp","engine\src\model\MeshRendererLifecycle.cpp","MeshRenderer::InvalidateCommandState","MeshRenderer::InvalidateCommandState()",272,274
5,5,43,0,5,"MeshRenderer::IsReady@276-280@engine\src\model\MeshRendererLifecycle.cpp","engine\src\model\MeshRendererLifecycle.cpp","MeshRenderer::IsReady","MeshRenderer::IsReady() const",276,280
10,2,51,0,10,"MeshRenderer::BeginFrame@282-291@engine\src\model\MeshRendererLifecycle.cpp","engine\src\model\MeshRendererLifecycle.cpp","MeshRenderer::BeginFrame","MeshRenderer::BeginFrame()",282,291
9,4,64,0,9,"MeshRenderer::ReleaseCompletedFrameResources@293-301@engine\src\model\MeshRendererLifecycle.cpp","engine\src\model\MeshRendererLifecycle.cpp","MeshRenderer::ReleaseCompletedFrameResources","MeshRenderer::ReleaseCompletedFrameResources()",293,301
7,4,45,0,7,"MeshRenderer::PreDraw@303-309@engine\src\model\MeshRendererLifecycle.cpp","engine\src\model\MeshRendererLifecycle.cpp","MeshRenderer::PreDraw","MeshRenderer::PreDraw()",303,309
13,3,88,1,13,"MeshRenderer::PreDrawWithRootSignature@311-323@engine\src\model\MeshRendererLifecycle.cpp","engine\src\model\MeshRendererLifecycle.cpp","MeshRenderer::PreDrawWithRootSignature","MeshRenderer::PreDrawWithRootSignature( ID3D12RootSignature * rootSignature)",311,323
1,1,7,0,1,"MeshRenderer::PostDraw@325-325@engine\src\model\MeshRendererLifecycle.cpp","engine\src\model\MeshRendererLifecycle.cpp","MeshRenderer::PostDraw","MeshRenderer::PostDraw()",325,325
7,4,45,0,7,"MeshRenderer::PreDrawShadow@327-333@engine\src\model\MeshRendererLifecycle.cpp","engine\src\model\MeshRendererLifecycle.cpp","MeshRenderer::PreDrawShadow","MeshRenderer::PreDrawShadow()",327,333
40,3,362,0,51,"MeshRenderer::CreateRootSignature@34-84@engine\src\model\MeshRendererPipeline.cpp","engine\src\model\MeshRendererPipeline.cpp","MeshRenderer::CreateRootSignature","MeshRenderer::CreateRootSignature()",34,84
8,3,60,0,8,"MeshRenderer::CreateShadowRootSignature@86-93@engine\src\model\MeshRendererPipeline.cpp","engine\src\model\MeshRendererPipeline.cpp","MeshRenderer::CreateShadowRootSignature","MeshRenderer::CreateShadowRootSignature()",86,93
24,3,194,0,27,"MeshRenderer::CreatePipelineStates@95-121@engine\src\model\MeshRendererPipeline.cpp","engine\src\model\MeshRendererPipeline.cpp","MeshRenderer::CreatePipelineStates","MeshRenderer::CreatePipelineStates()",95,121
3,1,26,1,3,"MeshRenderer::CreatePipeline@123-125@engine\src\model\MeshRendererPipeline.cpp","engine\src\model\MeshRendererPipeline.cpp","MeshRenderer::CreatePipeline","MeshRenderer::CreatePipeline( const MeshPipelineDesc & desc)",123,125
7,2,50,2,7,"MeshRenderer::CreatePipeline@127-133@engine\src\model\MeshRendererPipeline.cpp","engine\src\model\MeshRendererPipeline.cpp","MeshRenderer::CreatePipeline","MeshRenderer::CreatePipeline( const MeshPipelineDesc & desc , MeshVertexLayout vertexLayout)",127,133
29,9,238,2,30,"MeshRenderer::CreatePipeline@135-164@engine\src\model\MeshRendererPipeline.cpp","engine\src\model\MeshRendererPipeline.cpp","MeshRenderer::CreatePipeline","MeshRenderer::CreatePipeline( const MeshPipelineDesc & desc , D3D12_INPUT_LAYOUT_DESC inputLayout)",135,164
8,1,51,2,8,"MeshRenderer::CreatePipeline@166-173@engine\src\model\MeshRendererPipeline.cpp","engine\src\model\MeshRendererPipeline.cpp","MeshRenderer::CreatePipeline","MeshRenderer::CreatePipeline( const std :: wstring & vertexShaderPath , const std :: wstring & pixelShaderPath)",166,173
9,1,56,3,9,"MeshRenderer::CreatePipeline@175-183@engine\src\model\MeshRendererPipeline.cpp","engine\src\model\MeshRendererPipeline.cpp","MeshRenderer::CreatePipeline","MeshRenderer::CreatePipeline( const std :: wstring & vertexShaderPath , const std :: wstring & pixelShaderPath , MeshVertexLayout vertexLayout)",175,183
11,1,75,2,11,"MeshRenderer::CreateAdditiveNoDepthPipeline@185-195@engine\src\model\MeshRendererPipeline.cpp","engine\src\model\MeshRendererPipeline.cpp","MeshRenderer::CreateAdditiveNoDepthPipeline","MeshRenderer::CreateAdditiveNoDepthPipeline( const std :: wstring & vertexShaderPath , const std :: wstring & pixelShaderPath)",185,195
8,1,55,4,8,"MeshRenderer::CreateInstancedPipeline@197-204@engine\src\model\MeshRendererPipeline.cpp","engine\src\model\MeshRendererPipeline.cpp","MeshRenderer::CreateInstancedPipeline","MeshRenderer::CreateInstancedPipeline( const std :: wstring & vertexShaderPath , const std :: wstring & pixelShaderPath , const std :: wstring & shadowVertexShaderPath , const std :: wstring & shadowPixelShaderPath)",197,204
12,2,79,5,12,"MeshRenderer::CreateInstancedPipeline@206-217@engine\src\model\MeshRendererPipeline.cpp","engine\src\model\MeshRendererPipeline.cpp","MeshRenderer::CreateInstancedPipeline","MeshRenderer::CreateInstancedPipeline( const std :: wstring & vertexShaderPath , const std :: wstring & pixelShaderPath , const std :: wstring & shadowVertexShaderPath , const std :: wstring & shadowPixelShaderPath , MeshInstancedVertexLayout vertexLayout)",206,217
15,3,91,5,15,"MeshRenderer::CreateInstancedPipeline@219-233@engine\src\model\MeshRendererPipeline.cpp","engine\src\model\MeshRendererPipeline.cpp","MeshRenderer::CreateInstancedPipeline","MeshRenderer::CreateInstancedPipeline( const std :: wstring & vertexShaderPath , const std :: wstring & pixelShaderPath , const std :: wstring & shadowVertexShaderPath , const std :: wstring & shadowPixelShaderPath , D3D12_INPUT_LAYOUT_DESC inputLayout)",219,233
32,7,248,6,35,"MeshRenderer::PrepareInstancedPipelineBuild@235-269@engine\src\model\MeshRendererPipeline.cpp","engine\src\model\MeshRendererPipeline.cpp","MeshRenderer::PrepareInstancedPipelineBuild","MeshRenderer::PrepareInstancedPipelineBuild( const std :: wstring & vertexShaderPath , const std :: wstring & pixelShaderPath , const std :: wstring & shadowVertexShaderPath , const std :: wstring & shadowPixelShaderPath , D3D12_INPUT_LAYOUT_DESC inputLayout , InstancedPipelineBuild & build)",235,269
31,3,241,4,33,"MeshRenderer::CreateInstancedShadowPipelineVariant@271-303@engine\src\model\MeshRendererPipeline.cpp","engine\src\model\MeshRendererPipeline.cpp","MeshRenderer::CreateInstancedShadowPipelineVariant","MeshRenderer::CreateInstancedShadowPipelineVariant( const InstancedPipelineBuild & build , MaterialCullMode cullMode , bool usePixelShader , ComPtr<ID3D12PipelineState> & psoOut)",271,303
20,6,118,1,20,"MeshRenderer::CreateInstancedShadowPipelineVariants@305-324@engine\src\model\MeshRendererPipeline.cpp","engine\src\model\MeshRendererPipeline.cpp","MeshRenderer::CreateInstancedShadowPipelineVariants","MeshRenderer::CreateInstancedShadowPipelineVariants( InstancedPipelineBuild & build)",305,324
21,7,180,1,21,"MeshRenderer::StoreInstancedPipelineSet@326-346@engine\src\model\MeshRendererPipeline.cpp","engine\src\model\MeshRendererPipeline.cpp","MeshRenderer::StoreInstancedPipelineSet","MeshRenderer::StoreInstancedPipelineSet( InstancedPipelineSet && pipelineSet)",326,346
26,6,229,0,29,"MeshRenderer::CreateShadowPipelineStates@348-376@engine\src\model\MeshRendererPipeline.cpp","engine\src\model\MeshRendererPipeline.cpp","MeshRenderer::CreateShadowPipelineStates","MeshRenderer::CreateShadowPipelineStates()",348,376
4,1,38,3,4,"MeshRenderer::DrawMeshShadow@13-16@engine\src\model\MeshRendererShadow.cpp","engine\src\model\MeshRendererShadow.cpp","MeshRenderer::DrawMeshShadow","MeshRenderer::DrawMeshShadow( const Mesh & mesh , const Transform & transform , const DirectX :: XMFLOAT4X4 & lightViewProjection)",13,16
23,8,171,5,25,"MeshRenderer::DrawMeshShadow@18-42@engine\src\model\MeshRendererShadow.cpp","engine\src\model\MeshRendererShadow.cpp","MeshRenderer::DrawMeshShadow","MeshRenderer::DrawMeshShadow( const Mesh & mesh , const Material & material , const Transform & transform , const DirectX :: XMFLOAT4X4 & lightViewProjection , uint32_t textureId)",18,42
12,3,104,6,12,"MeshRenderer::WriteShadowTransformedDrawConstants@44-55@engine\src\model\MeshRendererShadow.cpp","engine\src\model\MeshRendererShadow.cpp","MeshRenderer::WriteShadowTransformedDrawConstants","MeshRenderer::WriteShadowTransformedDrawConstants( const Material & drawMaterial , const Transform & transform , const DirectX :: XMFLOAT4X4 & lightViewProjection , D3D12_GPU_VIRTUAL_ADDRESS & objectCbAddr , D3D12_GPU_VIRTUAL_ADDRESS & sceneCbAddr , D3D12_GPU_VIRTUAL_ADDRESS & materialCbAddr)",44,55
10,3,74,5,10,"MeshRenderer::WriteShadowIdentityDrawConstants@57-66@engine\src\model\MeshRendererShadow.cpp","engine\src\model\MeshRendererShadow.cpp","MeshRenderer::WriteShadowIdentityDrawConstants","MeshRenderer::WriteShadowIdentityDrawConstants( const Material & drawMaterial , const DirectX :: XMFLOAT4X4 & lightViewProjection , D3D12_GPU_VIRTUAL_ADDRESS & objectCbAddr , D3D12_GPU_VIRTUAL_ADDRESS & sceneCbAddr , D3D12_GPU_VIRTUAL_ADDRESS & materialCbAddr)",57,66
5,1,43,4,5,"MeshRenderer::DrawMeshInstancedShadow@68-72@engine\src\model\MeshRendererShadow.cpp","engine\src\model\MeshRendererShadow.cpp","MeshRenderer::DrawMeshInstancedShadow","MeshRenderer::DrawMeshInstancedShadow( const Mesh & mesh , const InstanceData * instances , uint32_t instanceCount , const DirectX :: XMFLOAT4X4 & lightViewProjection)",68,72
15,9,120,6,17,"MeshRenderer::DrawMeshInstancedShadow@74-90@engine\src\model\MeshRendererShadow.cpp","engine\src\model\MeshRendererShadow.cpp","MeshRenderer::DrawMeshInstancedShadow","MeshRenderer::DrawMeshInstancedShadow( const Mesh & mesh , const Material & material , const InstanceData * instances , uint32_t instanceCount , const DirectX :: XMFLOAT4X4 & lightViewProjection , uint32_t textureId)",74,90
22,12,188,8,25,"MeshRenderer::DrawMeshInstancedShadowWithPipeline@92-116@engine\src\model\MeshRendererShadow.cpp","engine\src\model\MeshRendererShadow.cpp","MeshRenderer::DrawMeshInstancedShadowWithPipeline","MeshRenderer::DrawMeshInstancedShadowWithPipeline( uint32_t pipelineId , const Mesh & mesh , const Material & material , const InstanceData * instances , uint32_t instanceCount , const DirectX :: XMFLOAT4X4 & lightViewProjection , uint32_t textureId , bool opaqueShadow)",92,116
14,2,91,7,14,"MeshRenderer::DrawMeshInstancedShadowWithPipeline@118-131@engine\src\model\MeshRendererShadow.cpp","engine\src\model\MeshRendererShadow.cpp","MeshRenderer::DrawMeshInstancedShadowWithPipeline","MeshRenderer::DrawMeshInstancedShadowWithPipeline( uint32_t pipelineId , const Mesh & mesh , const Material & material , const MeshInstanceBuffer & instanceBuffer , const DirectX :: XMFLOAT4X4 & lightViewProjection , uint32_t textureId , bool opaqueShadow)",118,131
18,6,138,8,18,"MeshRenderer::DrawInstancedShadowWithPreparedBuffer@133-150@engine\src\model\MeshRendererShadow.cpp","engine\src\model\MeshRendererShadow.cpp","MeshRenderer::DrawInstancedShadowWithPreparedBuffer","MeshRenderer::DrawInstancedShadowWithPreparedBuffer( uint32_t pipelineId , const Mesh & mesh , const Material & drawMaterial , const D3D12_VERTEX_BUFFER_VIEW & instanceView , uint32_t instanceCount , const DirectX :: XMFLOAT4X4 & lightViewProjection , uint32_t textureId , bool opaqueShadow)",133,150
36,14,248,7,38,"MeshRenderer::DrawShadowInstancedWithPreparedBuffer@152-189@engine\src\model\MeshRendererShadow.cpp","engine\src\model\MeshRendererShadow.cpp","MeshRenderer::DrawShadowInstancedWithPreparedBuffer","MeshRenderer::DrawShadowInstancedWithPreparedBuffer( const Mesh & mesh , const Material & drawMaterial , const D3D12_VERTEX_BUFFER_VIEW & instanceView , uint32_t instanceCount , const DirectX :: XMFLOAT4X4 & lightViewProjection , const PipelineStateArray * pipelineStates , uint32_t textureId)",152,189
3,1,21,1,3,"ResolveModelPath@25-27@engine\src\model\ModelManager.cpp","engine\src\model\ModelManager.cpp","ResolveModelPath","ResolveModelPath( const std :: filesystem :: path & path)",25,27
9,3,66,0,9,"SafeCurrentPath@29-37@engine\src\model\ModelManager.cpp","engine\src\model\ModelManager.cpp","SafeCurrentPath","SafeCurrentPath()",29,37
11,3,94,1,13,"NormalizeModelPathKey@39-51@engine\src\model\ModelManager.cpp","engine\src\model\ModelManager.cpp","NormalizeModelPathKey","NormalizeModelPathKey( const std :: filesystem :: path & path)",39,51
19,7,126,1,20,"MakeAssimpModelPath@53-72@engine\src\model\ModelManager.cpp","engine\src\model\ModelManager.cpp","MakeAssimpModelPath","MakeAssimpModelPath( const std :: filesystem :: path & resolvedPath)",53,72
9,2,60,1,9,"ResetModelPlayback@74-82@engine\src\model\ModelManager.cpp","engine\src\model\ModelManager.cpp","ResetModelPlayback","ResetModelPlayback( Model & model)",74,82
6,2,49,1,6,"CanAppendModel@84-89@engine\src\model\ModelManager.cpp","engine\src\model\ModelManager.cpp","CanAppendModel","CanAppendModel( const std :: vector<Model> & models)",84,89
12,3,86,2,12,"AppendModel@91-102@engine\src\model\ModelManager.cpp","engine\src\model\ModelManager.cpp","AppendModel","AppendModel( std :: vector<Model> & models , Model && model)",91,102
8,2,36,1,8,"ReserveSingleSubMesh@104-111@engine\src\model\ModelManager.cpp","engine\src\model\ModelManager.cpp","ReserveSingleSubMesh","ReserveSingleSubMesh( Model & model)",104,111
8,2,41,2,8,"AppendSingleSubMesh@113-120@engine\src\model\ModelManager.cpp","engine\src\model\ModelManager.cpp","AppendSingleSubMesh","AppendSingleSubMesh( Model & model , const ModelSubMesh & subMesh)",113,120
11,3,70,3,11,"DestroyCreatedSubMesh@122-132@engine\src\model\ModelManager.cpp","engine\src\model\ModelManager.cpp","DestroyCreatedSubMesh","DestroyCreatedSubMesh( MeshManager & meshManager , MaterialManager & materialManager , ModelSubMesh & subMesh)",122,132
9,3,56,2,9,"DestroyModelMeshes@134-142@engine\src\model\ModelManager.cpp","engine\src\model\ModelManager.cpp","DestroyModelMeshes","DestroyModelMeshes( MeshManager & meshManager , Model & model)",134,142
12,4,80,2,12,"DestroyModelMaterials@144-155@engine\src\model\ModelManager.cpp","engine\src\model\ModelManager.cpp","DestroyModelMaterials","DestroyModelMaterials( MaterialManager & materialManager , Model & model)",144,155
15,4,99,3,18,"DestroyModelSkinClusters@157-174@engine\src\model\ModelManager.cpp","engine\src\model\ModelManager.cpp","DestroyModelSkinClusters","DestroyModelSkinClusters( DirectXCommon * dxCommon , SrvManager * srvManager , Model & model)",157,174
6,1,47,5,6,"DestroyModelResources@176-181@engine\src\model\ModelManager.cpp","engine\src\model\ModelManager.cpp","DestroyModelResources","DestroyModelResources( MeshManager & meshManager , MaterialManager & materialManager , DirectXCommon * dxCommon , SrvManager * srvManager , Model & model)",176,181
9,2,75,6,9,"AppendModelOrDestroyResources@183-191@engine\src\model\ModelManager.cpp","engine\src\model\ModelManager.cpp","AppendModelOrDestroyResources","AppendModelOrDestroyResources( std :: vector<Model> & models , MeshManager & meshManager , MaterialManager & materialManager , DirectXCommon * dxCommon , SrvManager * srvManager , Model & model)",183,191
40,7,309,8,44,"AppendPrimitiveModel@193-236@engine\src\model\ModelManager.cpp","engine\src\model\ModelManager.cpp","AppendPrimitiveModel","AppendPrimitiveModel( std :: vector<Model> & models , MeshManager & meshManager , MaterialManager & materialManager , ModelRenderer & modelRenderer , DirectXCommon * dxCommon , SrvManager * srvManager , uint32_t textureId , ModelPrimitiveFactory :: PrimitiveMeshData && primitive)",193,236
3,1,12,0,3,"ModelManager::~ModelManager@240-242@engine\src\model\ModelManager.cpp","engine\src\model\ModelManager.cpp","ModelManager::~ModelManager","ModelManager::~ModelManager()",240,242
18,5,104,3,22,"ModelManager::Initialize@244-265@engine\src\model\ModelManager.cpp","engine\src\model\ModelManager.cpp","ModelManager::Initialize","ModelManager::Initialize( DirectXCommon * dxCommon , SrvManager * srvManager , TextureManager * textureManager)",244,265
3,1,13,0,3,"ModelManager::Finalize@267-269@engine\src\model\ModelManager.cpp","engine\src\model\ModelManager.cpp","ModelManager::Finalize","ModelManager::Finalize()",267,269
23,6,122,1,26,"ModelManager::Finalize@271-296@engine\src\model\ModelManager.cpp","engine\src\model\ModelManager.cpp","ModelManager::Finalize","ModelManager::Finalize( bool allowFrameAbort)",271,296
4,1,19,0,4,"ModelManager::ReleaseUploadBuffers@298-301@engine\src\model\ModelManager.cpp","engine\src\model\ModelManager.cpp","ModelManager::ReleaseUploadBuffers","ModelManager::ReleaseUploadBuffers()",298,301
4,1,19,0,4,"ModelManager::ReleaseCompletedFrameResources@303-306@engine\src\model\ModelManager.cpp","engine\src\model\ModelManager.cpp","ModelManager::ReleaseCompletedFrameResources","ModelManager::ReleaseCompletedFrameResources()",303,306
67,14,378,1,73,"ModelManager::Load@308-380@engine\src\model\ModelManager.cpp","engine\src\model\ModelManager.cpp","ModelManager::Load","ModelManager::Load( const std :: wstring & path)",308,380
8,2,62,2,8,"ModelManager::CreatePlane@381-388@engine\src\model\ModelManager.cpp","engine\src\model\ModelManager.cpp","ModelManager::CreatePlane","ModelManager::CreatePlane( uint32_t textureId , const Material & material)",381,388
9,2,77,5,9,"ModelManager::CreateBox@390-398@engine\src\model\ModelManager.cpp","engine\src\model\ModelManager.cpp","ModelManager::CreateBox","ModelManager::CreateBox( uint32_t textureId , const Material & material , float width , float height , float depth)",390,398
9,2,77,5,9,"ModelManager::CreateSphere@400-408@engine\src\model\ModelManager.cpp","engine\src\model\ModelManager.cpp","ModelManager::CreateSphere","ModelManager::CreateSphere( uint32_t textureId , const Material & material , uint32_t slice , uint32_t stack , float radius)",400,408
10,2,77,5,10,"ModelManager::CreateRing@410-419@engine\src\model\ModelManager.cpp","engine\src\model\ModelManager.cpp","ModelManager::CreateRing","ModelManager::CreateRing( uint32_t textureId , const Material & material , uint32_t divide , float outerRadius , float innerRadius)",410,419
10,2,82,6,10,"ModelManager::CreateCylinder@421-430@engine\src\model\ModelManager.cpp","engine\src\model\ModelManager.cpp","ModelManager::CreateCylinder","ModelManager::CreateCylinder( uint32_t textureId , const Material & material , uint32_t divide , float topRadius , float bottomRadius , float height)",421,430
6,1,46,6,6,"ModelManager::CreateMesh@432-437@engine\src\model\ModelManager.cpp","engine\src\model\ModelManager.cpp","ModelManager::CreateMesh","ModelManager::CreateMesh( const * vertexData , uint32_t vertexStride , uint32_t vertexCount , const uint32_t * indexData , uint32_t indexCount , D3D12_PRIMITIVE_TOPOLOGY primitiveTopology)",432,437
3,1,18,1,3,"ModelManager::GetMesh@439-441@engine\src\model\ModelManager.cpp","engine\src\model\ModelManager.cpp","ModelManager::GetMesh","ModelManager::GetMesh( uint32_t meshId) const",439,441
3,1,22,1,3,"ModelManager::LoadHandle@5-7@engine\src\model\ModelManagerRuntime.cpp","engine\src\model\ModelManagerRuntime.cpp","ModelManager::LoadHandle","ModelManager::LoadHandle( const std :: wstring & path)",5,7
3,1,25,2,3,"ModelManager::CreatePlaneHandle@9-11@engine\src\model\ModelManagerRuntime.cpp","engine\src\model\ModelManagerRuntime.cpp","ModelManager::CreatePlaneHandle","ModelManager::CreatePlaneHandle( uint32_t textureId , const Material & material)",9,11
3,1,26,2,3,"ModelManager::CreatePlaneHandle@13-15@engine\src\model\ModelManagerRuntime.cpp","engine\src\model\ModelManagerRuntime.cpp","ModelManager::CreatePlaneHandle","ModelManager::CreatePlaneHandle( TextureHandle texture , const Material & material)",13,15
4,1,40,5,4,"ModelManager::CreateBoxHandle@17-20@engine\src\model\ModelManagerRuntime.cpp","engine\src\model\ModelManagerRuntime.cpp","ModelManager::CreateBoxHandle","ModelManager::CreateBoxHandle( uint32_t textureId , const Material & material , float width , float height , float depth)",17,20
4,1,41,5,4,"ModelManager::CreateBoxHandle@22-25@engine\src\model\ModelManagerRuntime.cpp","engine\src\model\ModelManagerRuntime.cpp","ModelManager::CreateBoxHandle","ModelManager::CreateBoxHandle( TextureHandle texture , const Material & material , float width , float height , float depth)",22,25
4,1,40,5,4,"ModelManager::CreateSphereHandle@27-30@engine\src\model\ModelManagerRuntime.cpp","engine\src\model\ModelManagerRuntime.cpp","ModelManager::CreateSphereHandle","ModelManager::CreateSphereHandle( uint32_t textureId , const Material & material , uint32_t slice , uint32_t stack , float radius)",27,30
4,1,41,5,4,"ModelManager::CreateSphereHandle@32-35@engine\src\model\ModelManagerRuntime.cpp","engine\src\model\ModelManagerRuntime.cpp","ModelManager::CreateSphereHandle","ModelManager::CreateSphereHandle( TextureHandle texture , const Material & material , uint32_t slice , uint32_t stack , float radius)",32,35
4,1,40,5,4,"ModelManager::CreateRingHandle@37-40@engine\src\model\ModelManagerRuntime.cpp","engine\src\model\ModelManagerRuntime.cpp","ModelManager::CreateRingHandle","ModelManager::CreateRingHandle( uint32_t textureId , const Material & material , uint32_t divide , float outerRadius , float innerRadius)",37,40
4,1,41,5,4,"ModelManager::CreateRingHandle@42-45@engine\src\model\ModelManagerRuntime.cpp","engine\src\model\ModelManagerRuntime.cpp","ModelManager::CreateRingHandle","ModelManager::CreateRingHandle( TextureHandle texture , const Material & material , uint32_t divide , float outerRadius , float innerRadius)",42,45
6,1,45,6,6,"ModelManager::CreateCylinderHandle@47-52@engine\src\model\ModelManagerRuntime.cpp","engine\src\model\ModelManagerRuntime.cpp","ModelManager::CreateCylinderHandle","ModelManager::CreateCylinderHandle( uint32_t textureId , const Material & material , uint32_t divide , float topRadius , float bottomRadius , float height)",47,52
5,1,46,6,5,"ModelManager::CreateCylinderHandle@54-58@engine\src\model\ModelManagerRuntime.cpp","engine\src\model\ModelManagerRuntime.cpp","ModelManager::CreateCylinderHandle","ModelManager::CreateCylinderHandle( TextureHandle texture , const Material & material , uint32_t divide , float topRadius , float bottomRadius , float height)",54,58
7,1,47,6,7,"ModelManager::CreateMeshHandle@60-66@engine\src\model\ModelManagerRuntime.cpp","engine\src\model\ModelManagerRuntime.cpp","ModelManager::CreateMeshHandle","ModelManager::CreateMeshHandle( const * vertexData , uint32_t vertexStride , uint32_t vertexCount , const uint32_t * indexData , uint32_t indexCount , D3D12_PRIMITIVE_TOPOLOGY primitiveTopology)",60,66
3,1,20,1,3,"ModelManager::GetMesh@68-70@engine\src\model\ModelManagerRuntime.cpp","engine\src\model\ModelManagerRuntime.cpp","ModelManager::GetMesh","ModelManager::GetMesh( MeshHandle meshId) const",68,70
7,2,48,2,8,"ModelManager::UpdateAnimation@72-79@engine\src\model\ModelManagerRuntime.cpp","engine\src\model\ModelManagerRuntime.cpp","ModelManager::UpdateAnimation","ModelManager::UpdateAnimation( uint32_t modelId , float deltaTime)",72,79
3,1,23,2,3,"ModelManager::UpdateAnimation@81-83@engine\src\model\ModelManagerRuntime.cpp","engine\src\model\ModelManagerRuntime.cpp","ModelManager::UpdateAnimation","ModelManager::UpdateAnimation( ModelHandle modelId , float deltaTime)",81,83
6,2,47,3,7,"ModelManager::PlayAnimation@85-91@engine\src\model\ModelManagerRuntime.cpp","engine\src\model\ModelManagerRuntime.cpp","ModelManager::PlayAnimation","ModelManager::PlayAnimation( uint32_t modelId , const std :: string & animationName , bool loop)",85,91
3,1,32,3,3,"ModelManager::PlayAnimation@93-95@engine\src\model\ModelManagerRuntime.cpp","engine\src\model\ModelManagerRuntime.cpp","ModelManager::PlayAnimation","ModelManager::PlayAnimation( ModelHandle modelId , const std :: string & animationName , bool loop)",93,95
6,2,36,1,7,"ModelManager::IsAnimationFinished@97-103@engine\src\model\ModelManagerRuntime.cpp","engine\src\model\ModelManagerRuntime.cpp","ModelManager::IsAnimationFinished","ModelManager::IsAnimationFinished( uint32_t modelId) const",97,103
3,1,20,1,3,"ModelManager::IsAnimationFinished@105-107@engine\src\model\ModelManagerRuntime.cpp","engine\src\model\ModelManagerRuntime.cpp","ModelManager::IsAnimationFinished","ModelManager::IsAnimationFinished( ModelHandle modelId) const",105,107
6,2,31,1,7,"ModelManager::GetModel@109-115@engine\src\model\ModelManagerRuntime.cpp","engine\src\model\ModelManagerRuntime.cpp","ModelManager::GetModel","ModelManager::GetModel( uint32_t modelId)",109,115
3,1,19,1,3,"ModelManager::GetModel@117-119@engine\src\model\ModelManagerRuntime.cpp","engine\src\model\ModelManagerRuntime.cpp","ModelManager::GetModel","ModelManager::GetModel( ModelHandle modelId)",117,119
6,2,32,1,7,"ModelManager::GetModel@121-127@engine\src\model\ModelManagerRuntime.cpp","engine\src\model\ModelManagerRuntime.cpp","ModelManager::GetModel","ModelManager::GetModel( uint32_t modelId) const",121,127
3,1,20,1,3,"ModelManager::GetModel@129-131@engine\src\model\ModelManagerRuntime.cpp","engine\src\model\ModelManagerRuntime.cpp","ModelManager::GetModel","ModelManager::GetModel( ModelHandle modelId) const",129,131
3,1,18,1,3,"ModelManager::GetMaterial@133-135@engine\src\model\ModelManagerRuntime.cpp","engine\src\model\ModelManagerRuntime.cpp","ModelManager::GetMaterial","ModelManager::GetMaterial( uint32_t materialId) const",133,135
3,1,20,1,3,"ModelManager::GetMaterial@137-139@engine\src\model\ModelManagerRuntime.cpp","engine\src\model\ModelManagerRuntime.cpp","ModelManager::GetMaterial","ModelManager::GetMaterial( MaterialHandle materialId) const",137,139
3,1,23,2,3,"ModelManager::SetMaterial@141-143@engine\src\model\ModelManagerRuntime.cpp","engine\src\model\ModelManagerRuntime.cpp","ModelManager::SetMaterial","ModelManager::SetMaterial( uint32_t materialId , const Material & material)",141,143
3,1,25,2,3,"ModelManager::SetMaterial@145-147@engine\src\model\ModelManagerRuntime.cpp","engine\src\model\ModelManagerRuntime.cpp","ModelManager::SetMaterial","ModelManager::SetMaterial( MaterialHandle materialId , const Material & material)",145,147
8,2,55,4,9,"ModelManager::Draw@149-157@engine\src\model\ModelManagerRuntime.cpp","engine\src\model\ModelManagerRuntime.cpp","ModelManager::Draw","ModelManager::Draw( uint32_t modelId , const Transform & transform , const Camera & camera , uint32_t environmentTextureId)",149,157
4,1,41,4,4,"ModelManager::Draw@159-162@engine\src\model\ModelManagerRuntime.cpp","engine\src\model\ModelManagerRuntime.cpp","ModelManager::Draw","ModelManager::Draw( ModelHandle modelId , const Transform & transform , const Camera & camera , TextureHandle environmentTexture)",159,162
9,2,60,5,10,"ModelManager::DrawInstanced@164-173@engine\src\model\ModelManagerRuntime.cpp","engine\src\model\ModelManagerRuntime.cpp","ModelManager::DrawInstanced","ModelManager::DrawInstanced( uint32_t modelId , const Transform * transforms , uint32_t instanceCount , const Camera & camera , uint32_t environmentTextureId)",164,173
5,1,46,5,5,"ModelManager::DrawInstanced@175-179@engine\src\model\ModelManagerRuntime.cpp","engine\src\model\ModelManagerRuntime.cpp","ModelManager::DrawInstanced","ModelManager::DrawInstanced( ModelHandle modelId , const Transform * transforms , uint32_t instanceCount , const Camera & camera , TextureHandle environmentTexture)",175,179
9,2,60,5,10,"ModelManager::DrawInstanced@181-190@engine\src\model\ModelManagerRuntime.cpp","engine\src\model\ModelManagerRuntime.cpp","ModelManager::DrawInstanced","ModelManager::DrawInstanced( uint32_t modelId , const InstanceData * instances , uint32_t instanceCount , const Camera & camera , uint32_t environmentTextureId)",181,190
5,1,46,5,5,"ModelManager::DrawInstanced@192-196@engine\src\model\ModelManagerRuntime.cpp","engine\src\model\ModelManagerRuntime.cpp","ModelManager::DrawInstanced","ModelManager::DrawInstanced( ModelHandle modelId , const InstanceData * instances , uint32_t instanceCount , const Camera & camera , TextureHandle environmentTexture)",192,196
8,2,52,3,9,"ModelManager::DrawShadow@198-206@engine\src\model\ModelManagerRuntime.cpp","engine\src\model\ModelManagerRuntime.cpp","ModelManager::DrawShadow","ModelManager::DrawShadow( uint32_t modelId , const Transform & transform , const DirectX :: XMFLOAT4X4 & lightViewProjection)",198,206
4,1,34,3,4,"ModelManager::DrawShadow@208-211@engine\src\model\ModelManagerRuntime.cpp","engine\src\model\ModelManagerRuntime.cpp","ModelManager::DrawShadow","ModelManager::DrawShadow( ModelHandle modelId , const Transform & transform , const DirectX :: XMFLOAT4X4 & lightViewProjection)",208,211
9,2,57,4,10,"ModelManager::DrawInstancedShadow@213-222@engine\src\model\ModelManagerRuntime.cpp","engine\src\model\ModelManagerRuntime.cpp","ModelManager::DrawInstancedShadow","ModelManager::DrawInstancedShadow( uint32_t modelId , const Transform * transforms , uint32_t instanceCount , const DirectX :: XMFLOAT4X4 & lightViewProjection)",213,222
5,1,39,4,5,"ModelManager::DrawInstancedShadow@224-228@engine\src\model\ModelManagerRuntime.cpp","engine\src\model\ModelManagerRuntime.cpp","ModelManager::DrawInstancedShadow","ModelManager::DrawInstancedShadow( ModelHandle modelId , const Transform * transforms , uint32_t instanceCount , const DirectX :: XMFLOAT4X4 & lightViewProjection)",224,228
9,2,57,4,10,"ModelManager::DrawInstancedShadow@230-239@engine\src\model\ModelManagerRuntime.cpp","engine\src\model\ModelManagerRuntime.cpp","ModelManager::DrawInstancedShadow","ModelManager::DrawInstancedShadow( uint32_t modelId , const InstanceData * instances , uint32_t instanceCount , const DirectX :: XMFLOAT4X4 & lightViewProjection)",230,239
5,1,39,4,5,"ModelManager::DrawInstancedShadow@241-245@engine\src\model\ModelManagerRuntime.cpp","engine\src\model\ModelManagerRuntime.cpp","ModelManager::DrawInstancedShadow","ModelManager::DrawInstancedShadow( ModelHandle modelId , const InstanceData * instances , uint32_t instanceCount , const DirectX :: XMFLOAT4X4 & lightViewProjection)",241,245
7,2,36,1,8,"ModelManager::PrepareSkinning@247-254@engine\src\model\ModelManagerRuntime.cpp","engine\src\model\ModelManagerRuntime.cpp","ModelManager::PrepareSkinning","ModelManager::PrepareSkinning( uint32_t modelId)",247,254
3,1,18,1,3,"ModelManager::PrepareSkinning@256-258@engine\src\model\ModelManagerRuntime.cpp","engine\src\model\ModelManagerRuntime.cpp","ModelManager::PrepareSkinning","ModelManager::PrepareSkinning( ModelHandle modelId)",256,258
11,3,74,1,12,"ModelManager::PrepareSkinning@260-271@engine\src\model\ModelManagerRuntime.cpp","engine\src\model\ModelManagerRuntime.cpp","ModelManager::PrepareSkinning","ModelManager::PrepareSkinning( std :: initializer_list<uint32_t> modelIds)",260,271
5,2,29,1,5,"ModelManager::PrepareSkinningHandles@273-277@engine\src\model\ModelManagerRuntime.cpp","engine\src\model\ModelManagerRuntime.cpp","ModelManager::PrepareSkinningHandles","ModelManager::PrepareSkinningHandles( std :: initializer_list<ModelHandle> modelIds)",273,277
3,1,13,0,3,"ModelManager::BeginFrame@279-281@engine\src\model\ModelManagerRuntime.cpp","engine\src\model\ModelManagerRuntime.cpp","ModelManager::BeginFrame","ModelManager::BeginFrame()",279,281
3,1,13,0,3,"ModelManager::PreDraw@283-285@engine\src\model\ModelManagerRuntime.cpp","engine\src\model\ModelManagerRuntime.cpp","ModelManager::PreDraw","ModelManager::PreDraw()",283,285
3,1,13,0,3,"ModelManager::PreDrawShadow@287-289@engine\src\model\ModelManagerRuntime.cpp","engine\src\model\ModelManagerRuntime.cpp","ModelManager::PreDrawShadow","ModelManager::PreDrawShadow()",287,289
3,1,13,0,3,"ModelManager::PostDraw@291-293@engine\src\model\ModelManagerRuntime.cpp","engine\src\model\ModelManagerRuntime.cpp","ModelManager::PostDraw","ModelManager::PostDraw()",291,293
3,1,18,1,3,"ModelManager::SetSceneLighting@295-297@engine\src\model\ModelManagerRuntime.cpp","engine\src\model\ModelManagerRuntime.cpp","ModelManager::SetSceneLighting","ModelManager::SetSceneLighting( const SceneLighting & lighting)",295,297
3,1,18,1,3,"ModelManager::SetDrawEffect@299-301@engine\src\model\ModelManagerRuntime.cpp","engine\src\model\ModelManagerRuntime.cpp","ModelManager::SetDrawEffect","ModelManager::SetDrawEffect( const ModelDrawEffect & effect)",299,301
3,1,13,0,3,"ModelManager::ClearDrawEffect@303-305@engine\src\model\ModelManagerRuntime.cpp","engine\src\model\ModelManagerRuntime.cpp","ModelManager::ClearDrawEffect","ModelManager::ClearDrawEffect()",303,305
3,1,18,1,3,"ModelManager::SetSceneFog@307-309@engine\src\model\ModelManagerRuntime.cpp","engine\src\model\ModelManagerRuntime.cpp","ModelManager::SetSceneFog","ModelManager::SetSceneFog( const SceneFog & fog)",307,309
3,1,11,0,3,"ModelManager::GetRenderer@311-313@engine\src\model\ModelManagerRuntime.cpp","engine\src\model\ModelManagerRuntime.cpp","ModelManager::GetRenderer","ModelManager::GetRenderer()",311,313
3,1,12,0,3,"ModelManager::GetRenderer@315-317@engine\src\model\ModelManagerRuntime.cpp","engine\src\model\ModelManagerRuntime.cpp","ModelManager::GetRenderer","ModelManager::GetRenderer() const",315,317
3,1,11,0,3,"ModelManager::GetMeshManager@319-321@engine\src\model\ModelManagerRuntime.cpp","engine\src\model\ModelManagerRuntime.cpp","ModelManager::GetMeshManager","ModelManager::GetMeshManager()",319,321
3,1,12,0,3,"ModelManager::GetMeshManager@323-325@engine\src\model\ModelManagerRuntime.cpp","engine\src\model\ModelManagerRuntime.cpp","ModelManager::GetMeshManager","ModelManager::GetMeshManager() const",323,325
4,4,27,0,4,"ModelManager::IsReady@327-330@engine\src\model\ModelManagerRuntime.cpp","engine\src\model\ModelManagerRuntime.cpp","ModelManager::IsReady","ModelManager::IsReady() const",327,330
21,11,166,3,22,"ModelPrimitiveFactory::Internal::CanBuildProceduralMesh@18-39@engine\src\model\ModelPrimitiveFactory.cpp","engine\src\model\ModelPrimitiveFactory.cpp","ModelPrimitiveFactory::Internal::CanBuildProceduralMesh","ModelPrimitiveFactory::Internal::CanBuildProceduralMesh( size_t vertexCount , size_t indexCount , size_t extraCpuBytes = 0)",18,39
7,3,51,3,7,"ModelPrimitiveFactory::Internal::CheckedMultiplySize@43-49@engine\src\model\ModelPrimitiveFactory.cpp","engine\src\model\ModelPrimitiveFactory.cpp","ModelPrimitiveFactory::Internal::CheckedMultiplySize","ModelPrimitiveFactory::Internal::CheckedMultiplySize( size_t lhs , size_t rhs , size_t & out)",43,49
7,2,47,3,7,"ModelPrimitiveFactory::Internal::CheckedAddSize@51-57@engine\src\model\ModelPrimitiveFactory.cpp","engine\src\model\ModelPrimitiveFactory.cpp","ModelPrimitiveFactory::Internal::CheckedAddSize","ModelPrimitiveFactory::Internal::CheckedAddSize( size_t lhs , size_t rhs , size_t & out)",51,57
13,3,81,5,13,"ModelPrimitiveFactory::Internal::ReserveProceduralMesh@59-71@engine\src\model\ModelPrimitiveFactory.cpp","engine\src\model\ModelPrimitiveFactory.cpp","ModelPrimitiveFactory::Internal::ReserveProceduralMesh","ModelPrimitiveFactory::Internal::ReserveProceduralMesh( std :: vector<ModelVertex> & vertices , std :: vector<uint32_t> & indices , size_t vertexCount , size_t indexCount , size_t extraCpuBytes)",59,71
3,1,25,3,3,"ModelPrimitiveFactory::Internal::ClampProceduralSegments@73-75@engine\src\model\ModelPrimitiveFactory.cpp","engine\src\model\ModelPrimitiveFactory.cpp","ModelPrimitiveFactory::Internal::ClampProceduralSegments","ModelPrimitiveFactory::Internal::ClampProceduralSegments( uint32_t value , uint32_t minimum , uint32_t maximum)",73,75
8,2,53,2,8,"ModelPrimitiveFactory::Internal::PrepareMaterial@77-84@engine\src\model\ModelPrimitiveFactory.cpp","engine\src\model\ModelPrimitiveFactory.cpp","ModelPrimitiveFactory::Internal::PrepareMaterial","ModelPrimitiveFactory::Internal::PrepareMaterial( uint32_t textureId , const Material & material)",77,84
3,1,41,2,3,"ModelPrimitiveFactory::Subtract@26-28@engine\src\model\ModelPrimitiveFactoryBasic.cpp","engine\src\model\ModelPrimitiveFactoryBasic.cpp","ModelPrimitiveFactory::Subtract","ModelPrimitiveFactory::Subtract( const XMFLOAT3 & lhs , const XMFLOAT3 & rhs)",26,28
4,1,65,2,4,"ModelPrimitiveFactory::Cross@30-33@engine\src\model\ModelPrimitiveFactoryBasic.cpp","engine\src\model\ModelPrimitiveFactoryBasic.cpp","ModelPrimitiveFactory::Cross","ModelPrimitiveFactory::Cross( const XMFLOAT3 & lhs , const XMFLOAT3 & rhs)",30,33
3,1,39,2,3,"ModelPrimitiveFactory::Dot@35-37@engine\src\model\ModelPrimitiveFactoryBasic.cpp","engine\src\model\ModelPrimitiveFactoryBasic.cpp","ModelPrimitiveFactory::Dot","ModelPrimitiveFactory::Dot( const XMFLOAT3 & lhs , const XMFLOAT3 & rhs)",35,37
6,1,62,4,6,"ModelPrimitiveFactory::IsClockwiseFront@39-44@engine\src\model\ModelPrimitiveFactoryBasic.cpp","engine\src\model\ModelPrimitiveFactoryBasic.cpp","ModelPrimitiveFactory::IsClockwiseFront","ModelPrimitiveFactory::IsClockwiseFront( const XMFLOAT3 & a , const XMFLOAT3 & b , const XMFLOAT3 & c , const XMFLOAT3 & normal)",39,44
14,2,115,6,14,"ModelPrimitiveFactory::PushTriangle@46-59@engine\src\model\ModelPrimitiveFactoryBasic.cpp","engine\src\model\ModelPrimitiveFactoryBasic.cpp","ModelPrimitiveFactory::PushTriangle","ModelPrimitiveFactory::PushTriangle( std :: vector<uint32_t> & indices , const uint32_t a , const uint32_t b , const uint32_t c , const XMFLOAT3 & normal , const std :: vector<ModelVertex> & vertices)",46,59
11,2,87,2,11,"ModelPrimitiveFactory::BuildPlane@63-73@engine\src\model\ModelPrimitiveFactoryBasic.cpp","engine\src\model\ModelPrimitiveFactoryBasic.cpp","ModelPrimitiveFactory::BuildPlane","ModelPrimitiveFactory::BuildPlane( uint32_t textureId , const Material & material)",63,73
36,3,643,5,40,"ModelPrimitiveFactory::BuildBox@75-114@engine\src\model\ModelPrimitiveFactoryBasic.cpp","engine\src\model\ModelPrimitiveFactoryBasic.cpp","ModelPrimitiveFactory::BuildBox","ModelPrimitiveFactory::BuildBox( uint32_t textureId , const Material & material , float width , float height , float depth)",75,114
11,1,129,2,11,"ModelPrimitiveFactory::BuildCircleSegment@31-41@engine\src\model\ModelPrimitiveFactoryRound.cpp","engine\src\model\ModelPrimitiveFactoryRound.cpp","ModelPrimitiveFactory::BuildCircleSegment","ModelPrimitiveFactory::BuildCircleSegment( uint32_t index , uint32_t divide)",31,41
3,1,41,2,3,"ModelPrimitiveFactory::Subtract@43-45@engine\src\model\ModelPrimitiveFactoryRound.cpp","engine\src\model\ModelPrimitiveFactoryRound.cpp","ModelPrimitiveFactory::Subtract","ModelPrimitiveFactory::Subtract( const XMFLOAT3 & lhs , const XMFLOAT3 & rhs)",43,45
3,1,41,2,3,"ModelPrimitiveFactory::Add@47-49@engine\src\model\ModelPrimitiveFactoryRound.cpp","engine\src\model\ModelPrimitiveFactoryRound.cpp","ModelPrimitiveFactory::Add","ModelPrimitiveFactory::Add( const XMFLOAT3 & lhs , const XMFLOAT3 & rhs)",47,49
4,1,65,2,4,"ModelPrimitiveFactory::Cross@51-54@engine\src\model\ModelPrimitiveFactoryRound.cpp","engine\src\model\ModelPrimitiveFactoryRound.cpp","ModelPrimitiveFactory::Cross","ModelPrimitiveFactory::Cross( const XMFLOAT3 & lhs , const XMFLOAT3 & rhs)",51,54
3,1,39,2,3,"ModelPrimitiveFactory::Dot@56-58@engine\src\model\ModelPrimitiveFactoryRound.cpp","engine\src\model\ModelPrimitiveFactoryRound.cpp","ModelPrimitiveFactory::Dot","ModelPrimitiveFactory::Dot( const XMFLOAT3 & lhs , const XMFLOAT3 & rhs)",56,58
6,1,62,4,6,"ModelPrimitiveFactory::IsClockwiseFront@60-65@engine\src\model\ModelPrimitiveFactoryRound.cpp","engine\src\model\ModelPrimitiveFactoryRound.cpp","ModelPrimitiveFactory::IsClockwiseFront","ModelPrimitiveFactory::IsClockwiseFront( const XMFLOAT3 & a , const XMFLOAT3 & b , const XMFLOAT3 & c , const XMFLOAT3 & normal)",60,65
14,2,115,6,14,"ModelPrimitiveFactory::PushTriangle@67-80@engine\src\model\ModelPrimitiveFactoryRound.cpp","engine\src\model\ModelPrimitiveFactoryRound.cpp","ModelPrimitiveFactory::PushTriangle","ModelPrimitiveFactory::PushTriangle( std :: vector<uint32_t> & indices , const uint32_t a , const uint32_t b , const uint32_t c , const XMFLOAT3 & normal , const std :: vector<ModelVertex> & vertices)",67,80
52,10,505,5,55,"ModelPrimitiveFactory::BuildSphere@84-138@engine\src\model\ModelPrimitiveFactoryRound.cpp","engine\src\model\ModelPrimitiveFactoryRound.cpp","ModelPrimitiveFactory::BuildSphere","ModelPrimitiveFactory::BuildSphere( uint32_t textureId , const Material & material , uint32_t slice , uint32_t stack , float radius)",84,138
46,6,466,5,50,"ModelPrimitiveFactory::BuildRing@140-189@engine\src\model\ModelPrimitiveFactoryRound.cpp","engine\src\model\ModelPrimitiveFactoryRound.cpp","ModelPrimitiveFactory::BuildRing","ModelPrimitiveFactory::BuildRing( uint32_t textureId , const Material & material , uint32_t divide , float outerRadius , float innerRadius)",140,189
73,6,1006,6,79,"ModelPrimitiveFactory::BuildCylinder@191-269@engine\src\model\ModelPrimitiveFactoryRound.cpp","engine\src\model\ModelPrimitiveFactoryRound.cpp","ModelPrimitiveFactory::BuildCylinder","ModelPrimitiveFactory::BuildCylinder( uint32_t textureId , const Material & material , uint32_t divide , float topRadius , float bottomRadius , float height)",191,269
24,6,179,0,27,"ModelRenderer::PreDraw@12-38@engine\src\model\ModelRenderer.cpp","engine\src\model\ModelRenderer.cpp","ModelRenderer::PreDraw","ModelRenderer::PreDraw()",12,38
35,15,257,4,43,"ModelRenderer::Draw@40-82@engine\src\model\ModelRenderer.cpp","engine\src\model\ModelRenderer.cpp","ModelRenderer::Draw","ModelRenderer::Draw( const Model & model , const Transform & transform , const Camera & camera , uint32_t environmentTextureId)",40,82
14,9,107,5,16,"ModelRenderer::DrawInstanced@84-99@engine\src\model\ModelRenderer.cpp","engine\src\model\ModelRenderer.cpp","ModelRenderer::DrawInstanced","ModelRenderer::DrawInstanced( const Model & model , const Transform * transforms , uint32_t instanceCount , const Camera & camera , uint32_t environmentTextureId)",84,99
14,9,107,5,16,"ModelRenderer::DrawInstanced@101-116@engine\src\model\ModelRenderer.cpp","engine\src\model\ModelRenderer.cpp","ModelRenderer::DrawInstanced","ModelRenderer::DrawInstanced( const Model & model , const InstanceData * instances , uint32_t instanceCount , const Camera & camera , uint32_t environmentTextureId)",101,116
23,7,150,5,26,"ModelRenderer::DrawInstancedWithPreparedBuffer@118-143@engine\src\model\ModelRenderer.cpp","engine\src\model\ModelRenderer.cpp","ModelRenderer::DrawInstancedWithPreparedBuffer","ModelRenderer::DrawInstancedWithPreparedBuffer( const Model & model , const D3D12_VERTEX_BUFFER_VIEW & instanceView , uint32_t instanceCount , const Camera & camera , uint32_t environmentTextureId)",118,143
1,1,7,0,1,"ModelRenderer::PostDraw@145-145@engine\src\model\ModelRenderer.cpp","engine\src\model\ModelRenderer.cpp","ModelRenderer::PostDraw","ModelRenderer::PostDraw()",145,145
7,1,52,3,7,"ModelRenderer::SetShadowMap@147-153@engine\src\model\ModelRenderer.cpp","engine\src\model\ModelRenderer.cpp","ModelRenderer::SetShadowMap","ModelRenderer::SetShadowMap( D3D12_GPU_DESCRIPTOR_HANDLE shadowMap , const DirectX :: XMFLOAT4X4 & lightViewProjection , const SceneShadowSettings & settings)",147,153
8,1,52,3,8,"ModelRenderer::SetSpotLightShadowMap@155-162@engine\src\model\ModelRenderer.cpp","engine\src\model\ModelRenderer.cpp","ModelRenderer::SetSpotLightShadowMap","ModelRenderer::SetSpotLightShadowMap( D3D12_GPU_DESCRIPTOR_HANDLE shadowMap , const DirectX :: XMFLOAT4X4 & lightViewProjection , const SceneShadowSettings & settings)",155,162
4,1,22,0,4,"ModelRenderer::CreateUploadBuffer@20-23@engine\src\model\ModelRendererBuffers.cpp","engine\src\model\ModelRendererBuffers.cpp","ModelRenderer::CreateUploadBuffer","ModelRenderer::CreateUploadBuffer()",20,23
5,1,37,3,5,"ModelRenderer::WriteObjectConstants@25-29@engine\src\model\ModelRendererBuffers.cpp","engine\src\model\ModelRendererBuffers.cpp","ModelRenderer::WriteObjectConstants","ModelRenderer::WriteObjectConstants( const XMMATRIX & wvp , const XMMATRIX & world , const XMMATRIX & worldInverseTranspose)",25,29
38,2,410,1,38,"ModelRenderer::WriteSceneConstants@32-69@engine\src\model\ModelRendererBuffers.cpp","engine\src\model\ModelRendererBuffers.cpp","ModelRenderer::WriteSceneConstants","ModelRenderer::WriteSceneConstants( const Camera & camera)",32,69
23,4,142,0,23,"ModelRenderer::WriteDrawEffectConstants@71-93@engine\src\model\ModelRendererBuffers.cpp","engine\src\model\ModelRendererBuffers.cpp","ModelRenderer::WriteDrawEffectConstants","ModelRenderer::WriteDrawEffectConstants()",71,93
17,4,130,3,19,"ModelRenderer::WriteInstances@96-114@engine\src\model\ModelRendererBuffers.cpp","engine\src\model\ModelRendererBuffers.cpp","ModelRenderer::WriteInstances","ModelRenderer::WriteInstances( const Model & model , const Transform * transforms , uint32_t instanceCount)",96,114
32,7,257,3,36,"ModelRenderer::WriteInstances@117-152@engine\src\model\ModelRendererBuffers.cpp","engine\src\model\ModelRendererBuffers.cpp","ModelRenderer::WriteInstances","ModelRenderer::WriteInstances( const Model & model , const InstanceData * instances , uint32_t instanceCount)",117,152
4,1,76,2,4,"SanitizeEffectColor@28-31@engine\src\model\ModelRendererLifecycle.cpp","engine\src\model\ModelRendererLifecycle.cpp","SanitizeEffectColor","SanitizeEffectColor( const XMFLOAT4 & value , const XMFLOAT4 & fallback)",28,31
18,2,221,1,19,"SanitizeDrawEffect@33-51@engine\src\model\ModelRendererLifecycle.cpp","engine\src\model\ModelRendererLifecycle.cpp","SanitizeDrawEffect","SanitizeDrawEffect( ModelDrawEffect effect)",33,51
17,3,171,2,17,"CreateDissolveNoisePixels@53-69@engine\src\model\ModelRendererLifecycle.cpp","engine\src\model\ModelRendererLifecycle.cpp","CreateDissolveNoisePixels","CreateDissolveNoisePixels( uint32_t width , uint32_t height)",53,69
1,1,19,0,1,"ModelRenderer::ModelRenderer@73-73@engine\src\model\ModelRendererLifecycle.cpp","engine\src\model\ModelRendererLifecycle.cpp","ModelRenderer::ModelRenderer","ModelRenderer::ModelRenderer()",73,73
3,1,12,0,3,"ModelRenderer::~ModelRenderer@75-77@engine\src\model\ModelRendererLifecycle.cpp","engine\src\model\ModelRendererLifecycle.cpp","ModelRenderer::~ModelRenderer","ModelRenderer::~ModelRenderer()",75,77
3,1,17,1,3,"ModelRenderer::SetSceneLighting@79-81@engine\src\model\ModelRendererLifecycle.cpp","engine\src\model\ModelRendererLifecycle.cpp","ModelRenderer::SetSceneLighting","ModelRenderer::SetSceneLighting( const SceneLighting & lighting)",79,81
3,1,20,1,3,"ModelRenderer::SetDrawEffect@83-85@engine\src\model\ModelRendererLifecycle.cpp","engine\src\model\ModelRendererLifecycle.cpp","ModelRenderer::SetDrawEffect","ModelRenderer::SetDrawEffect( const ModelDrawEffect & effect)",83,85
3,1,15,0,3,"ModelRenderer::ClearDrawEffect@87-89@engine\src\model\ModelRendererLifecycle.cpp","engine\src\model\ModelRendererLifecycle.cpp","ModelRenderer::ClearDrawEffect","ModelRenderer::ClearDrawEffect()",87,89
3,1,17,1,3,"ModelRenderer::SetSceneFog@91-93@engine\src\model\ModelRendererLifecycle.cpp","engine\src\model\ModelRendererLifecycle.cpp","ModelRenderer::SetSceneFog","ModelRenderer::SetSceneFog( const SceneFog & fog)",91,93
4,1,21,1,4,"ModelRenderer::SetEnvironmentTexture@95-98@engine\src\model\ModelRendererLifecycle.cpp","engine\src\model\ModelRendererLifecycle.cpp","ModelRenderer::SetEnvironmentTexture","ModelRenderer::SetEnvironmentTexture( uint32_t textureId)",95,98
3,1,13,0,3,"ModelRenderer::ClearEnvironmentTexture@100-102@engine\src\model\ModelRendererLifecycle.cpp","engine\src\model\ModelRendererLifecycle.cpp","ModelRenderer::ClearEnvironmentTexture","ModelRenderer::ClearEnvironmentTexture()",100,102
3,1,17,0,3,"ModelRenderer::GetUploadBytesPerFrame@104-106@engine\src\model\ModelRendererLifecycle.cpp","engine\src\model\ModelRendererLifecycle.cpp","ModelRenderer::GetUploadBytesPerFrame","ModelRenderer::GetUploadBytesPerFrame() const",104,106
3,1,17,0,3,"ModelRenderer::GetUploadTotalBytes@108-110@engine\src\model\ModelRendererLifecycle.cpp","engine\src\model\ModelRendererLifecycle.cpp","ModelRenderer::GetUploadTotalBytes","ModelRenderer::GetUploadTotalBytes() const",108,110
3,1,17,0,3,"ModelRenderer::GetUploadFrameOffset@112-114@engine\src\model\ModelRendererLifecycle.cpp","engine\src\model\ModelRendererLifecycle.cpp","ModelRenderer::GetUploadFrameOffset","ModelRenderer::GetUploadFrameOffset() const",112,114
21,5,107,5,21,"ModelRenderer::Initialize@116-136@engine\src\model\ModelRendererLifecycle.cpp","engine\src\model\ModelRendererLifecycle.cpp","ModelRenderer::Initialize","ModelRenderer::Initialize( DirectXCommon * dxCommon , SrvManager * srvManager , MeshManager * meshManager , TextureManager * textureManager , MaterialManager * materialManager)",116,136
8,6,48,5,8,"ModelRenderer::HasValidInitializeDependencies@138-145@engine\src\model\ModelRendererLifecycle.cpp","engine\src\model\ModelRendererLifecycle.cpp","ModelRenderer::HasValidInitializeDependencies","ModelRenderer::HasValidInitializeDependencies( const DirectXCommon * dxCommon , const SrvManager * srvManager , const MeshManager * meshManager , const TextureManager * textureManager , const MaterialManager * materialManager)",138,145
15,1,113,5,15,"ModelRenderer::BindManagers@147-161@engine\src\model\ModelRendererLifecycle.cpp","engine\src\model\ModelRendererLifecycle.cpp","ModelRenderer::BindManagers","ModelRenderer::BindManagers( DirectXCommon * dxCommon , SrvManager * srvManager , MeshManager * meshManager , TextureManager * textureManager , MaterialManager * materialManager)",147,161
11,2,69,0,11,"ModelRenderer::CreateDissolveNoiseTexture@163-173@engine\src\model\ModelRendererLifecycle.cpp","engine\src\model\ModelRendererLifecycle.cpp","ModelRenderer::CreateDissolveNoiseTexture","ModelRenderer::CreateDissolveNoiseTexture()",163,173
10,1,39,0,10,"ModelRenderer::CreateCoreGpuResources@175-184@engine\src\model\ModelRendererLifecycle.cpp","engine\src\model\ModelRendererLifecycle.cpp","ModelRenderer::CreateCoreGpuResources","ModelRenderer::CreateCoreGpuResources()",175,184
6,10,63,0,6,"ModelRenderer::HasRequiredGpuResources@186-191@engine\src\model\ModelRendererLifecycle.cpp","engine\src\model\ModelRendererLifecycle.cpp","ModelRenderer::HasRequiredGpuResources","ModelRenderer::HasRequiredGpuResources() const",186,191
3,1,13,0,3,"ModelRenderer::Finalize@193-195@engine\src\model\ModelRendererLifecycle.cpp","engine\src\model\ModelRendererLifecycle.cpp","ModelRenderer::Finalize","ModelRenderer::Finalize()",193,195
15,12,110,1,16,"ModelRenderer::Finalize@197-212@engine\src\model\ModelRendererLifecycle.cpp","engine\src\model\ModelRendererLifecycle.cpp","ModelRenderer::Finalize","ModelRenderer::Finalize( bool allowFrameAbort)",197,212
36,7,264,0,40,"ModelRenderer::CreateIdentityPalette@214-253@engine\src\model\ModelRendererLifecycle.cpp","engine\src\model\ModelRendererLifecycle.cpp","ModelRenderer::CreateIdentityPalette","ModelRenderer::CreateIdentityPalette()",214,253
10,4,67,0,10,"ModelRenderer::ResetIdentityPalette@255-264@engine\src\model\ModelRendererLifecycle.cpp","engine\src\model\ModelRendererLifecycle.cpp","ModelRenderer::ResetIdentityPalette","ModelRenderer::ResetIdentityPalette()",255,264
4,1,49,0,4,"ModelRenderer::HasIdentityPaletteResources@266-269@engine\src\model\ModelRendererLifecycle.cpp","engine\src\model\ModelRendererLifecycle.cpp","ModelRenderer::HasIdentityPaletteResources","ModelRenderer::HasIdentityPaletteResources() const",266,269
13,5,95,0,13,"ModelRenderer::GetIdentityPaletteAddress@271-283@engine\src\model\ModelRendererLifecycle.cpp","engine\src\model\ModelRendererLifecycle.cpp","ModelRenderer::GetIdentityPaletteAddress","ModelRenderer::GetIdentityPaletteAddress() const",271,283
27,3,171,0,27,"ModelRenderer::ResetResources@285-311@engine\src\model\ModelRendererLifecycle.cpp","engine\src\model\ModelRendererLifecycle.cpp","ModelRenderer::ResetResources","ModelRenderer::ResetResources()",285,311
10,15,97,0,10,"ModelRenderer::IsReady@313-322@engine\src\model\ModelRendererLifecycle.cpp","engine\src\model\ModelRendererLifecycle.cpp","ModelRenderer::IsReady","ModelRenderer::IsReady() const",313,322
12,3,66,0,12,"ModelRenderer::BeginFrame@324-335@engine\src\model\ModelRendererLifecycle.cpp","engine\src\model\ModelRendererLifecycle.cpp","ModelRenderer::BeginFrame","ModelRenderer::BeginFrame()",324,335
19,6,90,5,20,"SetGraphicsPipelineStateCached@29-48@engine\src\model\ModelRendererPipeline.cpp","engine\src\model\ModelRendererPipeline.cpp","SetGraphicsPipelineStateCached","SetGraphicsPipelineStateCached( ID3D12GraphicsCommandList * commandList , ID3D12RootSignature * rootSignature , ID3D12PipelineState * pipelineState , ID3D12RootSignature * & currentRootSignature , ID3D12PipelineState * & currentPipelineState)",29,48
23,12,172,2,25,"PipelineVariantIndex@50-74@engine\src\model\ModelRendererPipeline.cpp","engine\src\model\ModelRendererPipeline.cpp","PipelineVariantIndex","PipelineVariantIndex( const Material & material , const ModelDrawEffect & effect)",50,74
14,4,130,1,14,"MakeModelBlendState@76-89@engine\src\model\ModelRendererPipeline.cpp","engine\src\model\ModelRendererPipeline.cpp","MakeModelBlendState","MakeModelBlendState( PipelineBlendMode blendMode)",76,89
7,2,40,1,7,"MakeModelDepthState@91-97@engine\src\model\ModelRendererPipeline.cpp","engine\src\model\ModelRendererPipeline.cpp","MakeModelDepthState","MakeModelDepthState( bool depthWrite)",91,97
39,7,294,6,42,"CreateModelPipelineVariants@100-141@engine\src\model\ModelRendererPipeline.cpp","engine\src\model\ModelRendererPipeline.cpp","CreateModelPipelineVariants","CreateModelPipelineVariants( ID3D12Device * device , ID3D12RootSignature * rootSignature , D3D12_SHADER_BYTECODE vertexShader , D3D12_SHADER_BYTECODE pixelShader , D3D12_INPUT_LAYOUT_DESC inputLayout , std :: array<ComPtr<ID3D12PipelineState>,VariantCount> & pipelineStates)",100,141
17,5,135,1,17,"ModelRenderer::SetPipelineForMaterial@145-161@engine\src\model\ModelRendererPipeline.cpp","engine\src\model\ModelRendererPipeline.cpp","ModelRenderer::SetPipelineForMaterial","ModelRenderer::SetPipelineForMaterial( const Material & material)",145,161
18,5,135,1,18,"ModelRenderer::SetInstancedPipelineForMaterial@163-180@engine\src\model\ModelRendererPipeline.cpp","engine\src\model\ModelRendererPipeline.cpp","ModelRenderer::SetInstancedPipelineForMaterial","ModelRenderer::SetInstancedPipelineForMaterial( const Material & material)",163,180
42,3,382,0,56,"ModelRenderer::CreateRootSignature@182-237@engine\src\model\ModelRendererPipeline.cpp","engine\src\model\ModelRendererPipeline.cpp","ModelRenderer::CreateRootSignature","ModelRenderer::CreateRootSignature()",182,237
8,3,58,0,8,"ModelRenderer::CreateShadowRootSignature@239-246@engine\src\model\ModelRendererPipeline.cpp","engine\src\model\ModelRendererPipeline.cpp","ModelRenderer::CreateShadowRootSignature","ModelRenderer::CreateShadowRootSignature()",239,246
22,6,210,0,26,"ModelRenderer::CreatePipelineState@247-272@engine\src\model\ModelRendererPipeline.cpp","engine\src\model\ModelRendererPipeline.cpp","ModelRenderer::CreatePipelineState","ModelRenderer::CreatePipelineState()",247,272
26,6,228,0,29,"ModelRenderer::CreateShadowPipelineState@274-302@engine\src\model\ModelRendererPipeline.cpp","engine\src\model\ModelRendererPipeline.cpp","ModelRenderer::CreateShadowPipelineState","ModelRenderer::CreateShadowPipelineState()",274,302
21,7,163,0,21,"ModelRenderer::PreDrawShadow@13-33@engine\src\model\ModelRendererShadow.cpp","engine\src\model\ModelRendererShadow.cpp","ModelRenderer::PreDrawShadow","ModelRenderer::PreDrawShadow()",13,33
29,13,203,3,34,"ModelRenderer::DrawShadow@35-68@engine\src\model\ModelRendererShadow.cpp","engine\src\model\ModelRendererShadow.cpp","ModelRenderer::DrawShadow","ModelRenderer::DrawShadow( const Model & model , const Transform & transform , const DirectX :: XMFLOAT4X4 & lightViewProjection)",35,68
27,15,197,4,30,"ModelRenderer::DrawInstancedShadow@70-99@engine\src\model\ModelRendererShadow.cpp","engine\src\model\ModelRendererShadow.cpp","ModelRenderer::DrawInstancedShadow","ModelRenderer::DrawInstancedShadow( const Model & model , const Transform * transforms , uint32_t instanceCount , const DirectX :: XMFLOAT4X4 & lightViewProjection)",70,99
27,15,197,4,30,"ModelRenderer::DrawInstancedShadow@101-130@engine\src\model\ModelRendererShadow.cpp","engine\src\model\ModelRendererShadow.cpp","ModelRenderer::DrawInstancedShadow","ModelRenderer::DrawInstancedShadow( const Model & model , const InstanceData * instances , uint32_t instanceCount , const DirectX :: XMFLOAT4X4 & lightViewProjection)",101,130
7,2,48,2,7,"CheckedUint32Count@28-34@engine\src\model\ModelRendererSkinClusters.cpp","engine\src\model\ModelRendererSkinClusters.cpp","CheckedUint32Count","CheckedUint32Count( size_t count , const char * message)",28,34
11,4,87,3,11,"CheckedBufferSize@36-46@engine\src\model\ModelRendererSkinClusters.cpp","engine\src\model\ModelRendererSkinClusters.cpp","CheckedBufferSize","CheckedBufferSize( size_t elementSize , uint32_t count , const char * message)",36,46
4,1,20,1,4,"ResetSkinCluster@48-51@engine\src\model\ModelRendererSkinClusters.cpp","engine\src\model\ModelRendererSkinClusters.cpp","ResetSkinCluster","ResetSkinCluster( SkinCluster & skinCluster)",48,51
2,1,31,3,2,"SkinClusterMapGuard::SkinClusterMapGuard@55-56@engine\src\model\ModelRendererSkinClusters.cpp","engine\src\model\ModelRendererSkinClusters.cpp","SkinClusterMapGuard::SkinClusterMapGuard","SkinClusterMapGuard::SkinClusterMapGuard( Model & model , DirectXCommon * dxCommon , SrvManager * srvManager)",55,56
16,5,92,0,16,"SkinClusterMapGuard::~SkinClusterMapGuard@57-72@engine\src\model\ModelRendererSkinClusters.cpp","engine\src\model\ModelRendererSkinClusters.cpp","SkinClusterMapGuard::~SkinClusterMapGuard","SkinClusterMapGuard::~SkinClusterMapGuard()",57,72
3,1,9,0,3,"SkinClusterMapGuard::Commit@77-79@engine\src\model\ModelRendererSkinClusters.cpp","engine\src\model\ModelRendererSkinClusters.cpp","SkinClusterMapGuard::Commit","SkinClusterMapGuard::Commit()",77,79
5,2,39,1,5,"MarkAllPaletteFramesDirty@88-92@engine\src\model\ModelRendererSkinClusters.cpp","engine\src\model\ModelRendererSkinClusters.cpp","MarkAllPaletteFramesDirty","MarkAllPaletteFramesDirty( SkinCluster & skinCluster)",88,92
11,3,76,5,11,"AssignSrvHandles@94-104@engine\src\model\ModelRendererSkinClusters.cpp","engine\src\model\ModelRendererSkinClusters.cpp","AssignSrvHandles","AssignSrvHandles( SrvManager & srvManager , ScopedSrvAllocations & allocations , uint32_t & index , D3D12_CPU_DESCRIPTOR_HANDLE & cpuHandle , D3D12_GPU_DESCRIPTOR_HANDLE & gpuHandle)",94,104
11,1,68,2,11,"BuildBufferSrvDesc@106-116@engine\src\model\ModelRendererSkinClusters.cpp","engine\src\model\ModelRendererSkinClusters.cpp","BuildBufferSrvDesc","BuildBufferSrvDesc( uint32_t elementCount , UINT stride)",106,116
10,1,62,2,10,"BuildBufferUavDesc@118-127@engine\src\model\ModelRendererSkinClusters.cpp","engine\src\model\ModelRendererSkinClusters.cpp","BuildBufferUavDesc","BuildBufferUavDesc( uint32_t elementCount , UINT stride)",118,127
21,4,135,3,23,"CreateSkinInfluenceBuffer@129-151@engine\src\model\ModelRendererSkinClusters.cpp","engine\src\model\ModelRendererSkinClusters.cpp","CreateSkinInfluenceBuffer","CreateSkinInfluenceBuffer( ID3D12Device * device , SkinCluster & skinCluster , uint32_t vertexCount)",129,151
15,2,99,5,16,"CreateInputVertexSrv@153-168@engine\src\model\ModelRendererSkinClusters.cpp","engine\src\model\ModelRendererSkinClusters.cpp","CreateInputVertexSrv","CreateInputVertexSrv( ID3D12Device * device , SrvManager & srvManager , ScopedSrvAllocations & allocations , const Mesh & mesh , ModelSubMesh & subMesh)",153,168
13,2,87,5,14,"CreateInfluenceSrv@170-183@engine\src\model\ModelRendererSkinClusters.cpp","engine\src\model\ModelRendererSkinClusters.cpp","CreateInfluenceSrv","CreateInfluenceSrv( ID3D12Device * device , SrvManager & srvManager , ScopedSrvAllocations & allocations , SkinCluster & skinCluster , uint32_t vertexCount)",170,183
35,4,216,5,39,"CreateSkinnedVertexBufferAndUav@185-223@engine\src\model\ModelRendererSkinClusters.cpp","engine\src\model\ModelRendererSkinClusters.cpp","CreateSkinnedVertexBufferAndUav","CreateSkinnedVertexBufferAndUav( ID3D12Device * device , SrvManager & srvManager , ScopedSrvAllocations & allocations , SkinCluster & skinCluster , uint32_t vertexCount)",185,223
10,4,88,5,10,"CreateSkinnedSubMeshResources@225-234@engine\src\model\ModelRendererSkinClusters.cpp","engine\src\model\ModelRendererSkinClusters.cpp","CreateSkinnedSubMeshResources","CreateSkinnedSubMeshResources( ID3D12Device * device , SrvManager & srvManager , ScopedSrvAllocations & allocations , const Mesh & mesh , ModelSubMesh & subMesh)",225,234
7,1,45,1,7,"ClearSkinPalette@236-242@engine\src\model\ModelRendererSkinClusters.cpp","engine\src\model\ModelRendererSkinClusters.cpp","ClearSkinPalette","ClearSkinPalette( SkinCluster & skinCluster)",236,242
30,9,227,3,35,"PopulateSkinInfluences@244-278@engine\src\model\ModelRendererSkinClusters.cpp","engine\src\model\ModelRendererSkinClusters.cpp","PopulateSkinInfluences","PopulateSkinInfluences( const Model & model , const ModelSubMesh & subMesh , SkinCluster & skinCluster)",244,278
10,2,88,2,10,"InitializePaletteCpuData@280-289@engine\src\model\ModelRendererSkinClusters.cpp","engine\src\model\ModelRendererSkinClusters.cpp","InitializePaletteCpuData","InitializePaletteCpuData( SkinCluster & skinCluster , uint32_t jointCount)",280,289
32,6,212,4,33,"CreateSkinPaletteFrames@291-323@engine\src\model\ModelRendererSkinClusters.cpp","engine\src\model\ModelRendererSkinClusters.cpp","CreateSkinPaletteFrames","CreateSkinPaletteFrames( ID3D12Device * device , SkinCluster & skinCluster , uint32_t jointCount , UINT frameCount)",291,323
22,7,152,1,24,"ModelRenderer::CreateSkinClusters@333-356@engine\src\model\ModelRendererSkinClusters.cpp","engine\src\model\ModelRendererSkinClusters.cpp","ModelRenderer::CreateSkinClusters","ModelRenderer::CreateSkinClusters( Model & model)",333,356
32,9,226,3,37,"ModelRenderer::CreateSkinClusterForSubMesh@358-394@engine\src\model\ModelRendererSkinClusters.cpp","engine\src\model\ModelRendererSkinClusters.cpp","ModelRenderer::CreateSkinClusterForSubMesh","ModelRenderer::CreateSkinClusterForSubMesh( Model & model , ModelSubMesh & subMesh , SkinClusterBuildContext & context)",358,394
14,2,107,3,14,"ModelRenderer::PrepareSkinClusterPalette@396-409@engine\src\model\ModelRendererSkinClusters.cpp","engine\src\model\ModelRendererSkinClusters.cpp","ModelRenderer::PrepareSkinClusterPalette","ModelRenderer::PrepareSkinClusterPalette( const Model & model , ModelSubMesh & subMesh , SkinClusterBuildContext & context)",396,409
35,8,272,1,40,"ModelRenderer::UpdateSkinClusters@411-450@engine\src\model\ModelRendererSkinClusters.cpp","engine\src\model\ModelRendererSkinClusters.cpp","ModelRenderer::UpdateSkinClusters","ModelRenderer::UpdateSkinClusters( Model & model)",411,450
5,3,34,1,5,"HasSkinningDescriptors@20-24@engine\src\model\ModelRendererSkinning.cpp","engine\src\model\ModelRendererSkinning.cpp","HasSkinningDescriptors","HasSkinningDescriptors( const SkinCluster & skinCluster)",20,24
8,3,52,2,8,"CurrentPaletteFrameIndex@26-33@engine\src\model\ModelRendererSkinning.cpp","engine\src\model\ModelRendererSkinning.cpp","CurrentPaletteFrameIndex","CurrentPaletteFrameIndex( const DirectXCommon * dxCommon , const SkinCluster & skinCluster)",26,33
8,2,51,2,8,"GetCurrentPaletteFrame@35-42@engine\src\model\ModelRendererSkinning.cpp","engine\src\model\ModelRendererSkinning.cpp","GetCurrentPaletteFrame","GetCurrentPaletteFrame( const SkinCluster & skinCluster , const DirectXCommon * dxCommon)",35,42
8,3,51,2,8,"GetCurrentPaletteAddress@44-51@engine\src\model\ModelRendererSkinning.cpp","engine\src\model\ModelRendererSkinning.cpp","GetCurrentPaletteAddress","GetCurrentPaletteAddress( const SkinCluster & skinCluster , const DirectXCommon * dxCommon)",44,51
21,8,166,2,21,"UploadCurrentPaletteIfDirty@53-73@engine\src\model\ModelRendererSkinning.cpp","engine\src\model\ModelRendererSkinning.cpp","UploadCurrentPaletteIfDirty","UploadCurrentPaletteIfDirty( const SkinCluster & skinCluster , const DirectXCommon * dxCommon)",53,73
6,5,52,1,6,"ModelRenderer::NeedsSkinningDispatch@75-80@engine\src\model\ModelRendererSkinning.cpp","engine\src\model\ModelRendererSkinning.cpp","ModelRenderer::NeedsSkinningDispatch","ModelRenderer::NeedsSkinningDispatch( const ModelSubMesh & subMesh) const",75,80
3,1,16,1,3,"ModelRenderer::PrepareSkinning@82-84@engine\src\model\ModelRendererSkinning.cpp","engine\src\model\ModelRendererSkinning.cpp","ModelRenderer::PrepareSkinning","ModelRenderer::PrepareSkinning( const Model & model)",82,84
3,1,23,1,3,"ModelRenderer::PrepareSkinning@86-88@engine\src\model\ModelRendererSkinning.cpp","engine\src\model\ModelRendererSkinning.cpp","ModelRenderer::PrepareSkinning","ModelRenderer::PrepareSkinning( const std :: vector<const Model*> & models)",86,88
14,4,84,1,15,"ModelRenderer::DispatchSkinningBatch@90-104@engine\src\model\ModelRendererSkinning.cpp","engine\src\model\ModelRendererSkinning.cpp","ModelRenderer::DispatchSkinningBatch","ModelRenderer::DispatchSkinningBatch( const Model & model)",90,104
19,6,117,1,20,"ModelRenderer::DispatchSkinningBatch@106-125@engine\src\model\ModelRendererSkinning.cpp","engine\src\model\ModelRendererSkinning.cpp","ModelRenderer::DispatchSkinningBatch","ModelRenderer::DispatchSkinningBatch( const std :: vector<const Model*> & models)",106,125
7,3,41,1,7,"ModelRenderer::DispatchSkinningJobs@127-133@engine\src\model\ModelRendererSkinning.cpp","engine\src\model\ModelRendererSkinning.cpp","ModelRenderer::DispatchSkinningJobs","ModelRenderer::DispatchSkinningJobs( const std :: vector<const ModelSubMesh*> & jobs)",127,133
63,13,480,1,70,"ModelRenderer::DispatchSkinning@135-204@engine\src\model\ModelRendererSkinning.cpp","engine\src\model\ModelRendererSkinning.cpp","ModelRenderer::DispatchSkinning","ModelRenderer::DispatchSkinning( const ModelSubMesh & subMesh)",135,204
21,3,182,0,28,"ModelRenderer::CreateSkinningRootSignature@9-36@engine\src\model\ModelRendererSkinningPipeline.cpp","engine\src\model\ModelRendererSkinningPipeline.cpp","ModelRenderer::CreateSkinningRootSignature","ModelRenderer::CreateSkinningRootSignature()",9,36
16,6,129,0,18,"ModelRenderer::CreateSkinningPipelineState@37-54@engine\src\model\ModelRendererSkinningPipeline.cpp","engine\src\model\ModelRendererSkinningPipeline.cpp","ModelRenderer::CreateSkinningPipelineState","ModelRenderer::CreateSkinningPipelineState()",37,54
18,7,89,4,20,"ResolveEnvironmentTextureId@19-38@engine\src\model\ModelRendererSubmit.cpp","engine\src\model\ModelRendererSubmit.cpp","ResolveEnvironmentTextureId","ResolveEnvironmentTextureId( const TextureManager * textureManager , uint32_t requestedTextureId , uint32_t configuredTextureId , bool hasConfiguredTexture)",19,38
6,4,46,3,6,"IsDrawableSubMesh@40-45@engine\src\model\ModelRendererSubmit.cpp","engine\src\model\ModelRendererSubmit.cpp","IsDrawableSubMesh","IsDrawableSubMesh( const ModelSubMesh & subMesh , const MeshManager * meshManager , const MaterialManager * materialManager)",40,45
5,3,34,1,5,"HasCompleteSkinningDescriptors@47-51@engine\src\model\ModelRendererSubmit.cpp","engine\src\model\ModelRendererSubmit.cpp","HasCompleteSkinningDescriptors","HasCompleteSkinningDescriptors( const SkinCluster & skinCluster)",47,51
13,5,97,2,13,"GetCurrentPaletteAddress@53-65@engine\src\model\ModelRendererSubmit.cpp","engine\src\model\ModelRendererSubmit.cpp","GetCurrentPaletteAddress","GetCurrentPaletteAddress( const SkinCluster & skinCluster , const DirectXCommon * dxCommon)",53,65
10,6,64,1,11,"HasRenderableVertexSource@67-77@engine\src\model\ModelRendererSubmit.cpp","engine\src\model\ModelRendererSubmit.cpp","HasRenderableVertexSource","HasRenderableVertexSource( const ModelSubMesh & subMesh)",67,77
6,2,34,3,6,"IsDrawableSubMeshWithValidVertexSource@79-84@engine\src\model\ModelRendererSubmit.cpp","engine\src\model\ModelRendererSubmit.cpp","IsDrawableSubMeshWithValidVertexSource","IsDrawableSubMeshWithValidVertexSource( const ModelSubMesh & subMesh , const MeshManager * meshManager , const MaterialManager * materialManager)",79,84
8,2,51,3,8,"HasPaletteBuffer@86-93@engine\src\model\ModelRendererSubmit.cpp","engine\src\model\ModelRendererSubmit.cpp","HasPaletteBuffer","HasPaletteBuffer( const ModelSubMesh & subMesh , const DirectXCommon * dxCommon , D3D12_GPU_VIRTUAL_ADDRESS identityPaletteAddress)",86,93
8,2,38,3,8,"GetPaletteAddressForDraw@95-102@engine\src\model\ModelRendererSubmit.cpp","engine\src\model\ModelRendererSubmit.cpp","GetPaletteAddressForDraw","GetPaletteAddressForDraw( const SkinCluster & skinCluster , const DirectXCommon * dxCommon , D3D12_GPU_VIRTUAL_ADDRESS identityPaletteAddress)",95,102
7,3,51,5,7,"IsForwardDrawableSubMesh@104-110@engine\src\model\ModelRendererSubmit.cpp","engine\src\model\ModelRendererSubmit.cpp","IsForwardDrawableSubMesh","IsForwardDrawableSubMesh( const ModelSubMesh & subMesh , const MeshManager * meshManager , const MaterialManager * materialManager , const DirectXCommon * dxCommon , D3D12_GPU_VIRTUAL_ADDRESS identityPaletteAddress)",104,110
17,7,127,3,17,"SetRootConstantBufferViewCached@112-128@engine\src\model\ModelRendererSubmit.cpp","engine\src\model\ModelRendererSubmit.cpp","SetRootConstantBufferViewCached","SetRootConstantBufferViewCached( auto & state , uint32_t rootIndex , D3D12_GPU_VIRTUAL_ADDRESS address)",112,128
17,7,131,3,17,"SetRootDescriptorTableCached@130-146@engine\src\model\ModelRendererSubmit.cpp","engine\src\model\ModelRendererSubmit.cpp","SetRootDescriptorTableCached","SetRootDescriptorTableCached( auto & state , uint32_t rootIndex , D3D12_GPU_DESCRIPTOR_HANDLE handle)",130,146
17,7,127,3,17,"SetRootShaderResourceViewCached@148-164@engine\src\model\ModelRendererSubmit.cpp","engine\src\model\ModelRendererSubmit.cpp","SetRootShaderResourceViewCached","SetRootShaderResourceViewCached( auto & state , uint32_t rootIndex , D3D12_GPU_VIRTUAL_ADDRESS address)",148,164
25,13,210,4,27,"SetVertexBuffersCached@166-192@engine\src\model\ModelRendererSubmit.cpp","engine\src\model\ModelRendererSubmit.cpp","SetVertexBuffersCached","SetVertexBuffersCached( auto & state , uint32_t startSlot , uint32_t viewCount , const D3D12_VERTEX_BUFFER_VIEW * views)",166,192
13,6,96,2,13,"SetIndexBufferCached@194-206@engine\src\model\ModelRendererSubmit.cpp","engine\src\model\ModelRendererSubmit.cpp","SetIndexBufferCached","SetIndexBufferCached( auto & state , const D3D12_INDEX_BUFFER_VIEW & view)",194,206
9,5,68,2,9,"SetPrimitiveTopologyCached@208-216@engine\src\model\ModelRendererSubmit.cpp","engine\src\model\ModelRendererSubmit.cpp","SetPrimitiveTopologyCached","SetPrimitiveTopologyCached( auto & state , D3D12_PRIMITIVE_TOPOLOGY topology)",208,216
21,8,150,2,21,"SetShadowPipelineCached@218-238@engine\src\model\ModelRendererSubmit.cpp","engine\src\model\ModelRendererSubmit.cpp","SetShadowPipelineCached","SetShadowPipelineCached( auto & state , ID3D12PipelineState * pipelineState)",218,238
72,14,591,1,79,"ModelRenderer::SubmitForwardSubMeshDraw@242-320@engine\src\model\ModelRendererSubmit.cpp","engine\src\model\ModelRendererSubmit.cpp","ModelRenderer::SubmitForwardSubMeshDraw","ModelRenderer::SubmitForwardSubMeshDraw( const ForwardSubMeshDrawRequest & request)",242,320
42,10,324,5,46,"ModelRenderer::SubmitShadowSubMeshDraw@322-367@engine\src\model\ModelRendererSubmit.cpp","engine\src\model\ModelRendererSubmit.cpp","ModelRenderer::SubmitShadowSubMeshDraw","ModelRenderer::SubmitShadowSubMeshDraw( const ModelSubMesh & subMesh , D3D12_GPU_VIRTUAL_ADDRESS objectCbAddr , ID3D12PipelineState * pipelineState , const D3D12_VERTEX_BUFFER_VIEW * instanceView , uint32_t instanceCount)",322,367
3,1,42,1,3,"SanitizeFloat3@33-35@engine\src\model\SkyboxRenderer.cpp","engine\src\model\SkyboxRenderer.cpp","SanitizeFloat3","SanitizeFloat3( const XMFLOAT3 & value)",33,35
11,5,64,2,11,"ResolveSkyboxTextureId@37-47@engine\src\model\SkyboxRenderer.cpp","engine\src\model\SkyboxRenderer.cpp","ResolveSkyboxTextureId","ResolveSkyboxTextureId( const TextureManager * textureManager , uint32_t textureId)",37,47
1,1,19,0,1,"SkyboxRenderer::SkyboxRenderer@51-51@engine\src\model\SkyboxRenderer.cpp","engine\src\model\SkyboxRenderer.cpp","SkyboxRenderer::SkyboxRenderer","SkyboxRenderer::SkyboxRenderer()",51,51
3,1,12,0,3,"SkyboxRenderer::~SkyboxRenderer@53-55@engine\src\model\SkyboxRenderer.cpp","engine\src\model\SkyboxRenderer.cpp","SkyboxRenderer::~SkyboxRenderer","SkyboxRenderer::~SkyboxRenderer()",53,55
5,9,47,0,5,"SkyboxRenderer::IsReady@57-61@engine\src\model\SkyboxRenderer.cpp","engine\src\model\SkyboxRenderer.cpp","SkyboxRenderer::IsReady","SkyboxRenderer::IsReady() const",57,61
21,12,122,3,24,"SkyboxRenderer::Initialize@63-86@engine\src\model\SkyboxRenderer.cpp","engine\src\model\SkyboxRenderer.cpp","SkyboxRenderer::Initialize","SkyboxRenderer::Initialize( DirectXCommon * dxCommon , SrvManager * srvManager , TextureManager * textureManager)",63,86
3,1,13,0,3,"SkyboxRenderer::Finalize@88-90@engine\src\model\SkyboxRenderer.cpp","engine\src\model\SkyboxRenderer.cpp","SkyboxRenderer::Finalize","SkyboxRenderer::Finalize()",88,90
23,7,148,1,25,"SkyboxRenderer::Finalize@92-116@engine\src\model\SkyboxRenderer.cpp","engine\src\model\SkyboxRenderer.cpp","SkyboxRenderer::Finalize","SkyboxRenderer::Finalize( bool allowFrameAbort)",92,116
38,18,365,2,44,"SkyboxRenderer::Draw@118-161@engine\src\model\SkyboxRenderer.cpp","engine\src\model\SkyboxRenderer.cpp","SkyboxRenderer::Draw","SkyboxRenderer::Draw( uint32_t textureId , const Camera & camera)",118,161
15,3,119,0,19,"SkyboxRenderer::CreateRootSignature@163-181@engine\src\model\SkyboxRenderer.cpp","engine\src\model\SkyboxRenderer.cpp","SkyboxRenderer::CreateRootSignature","SkyboxRenderer::CreateRootSignature()",163,181
38,7,301,0,44,"SkyboxRenderer::CreatePipelineState@183-226@engine\src\model\SkyboxRenderer.cpp","engine\src\model\SkyboxRenderer.cpp","SkyboxRenderer::CreatePipelineState","SkyboxRenderer::CreatePipelineState()",183,226
57,7,580,0,67,"SkyboxRenderer::CreateMesh@228-294@engine\src\model\SkyboxRenderer.cpp","engine\src\model\SkyboxRenderer.cpp","SkyboxRenderer::CreateMesh","SkyboxRenderer::CreateMesh()",228,294
14,5,110,0,14,"SkyboxRenderer::CreateConstantBuffer@296-309@engine\src\model\SkyboxRenderer.cpp","engine\src\model\SkyboxRenderer.cpp","SkyboxRenderer::CreateConstantBuffer","SkyboxRenderer::CreateConstantBuffer()",296,309
8,3,55,0,8,"SkyboxRenderer::GetCurrentConstantFrame@311-318@engine\src\model\SkyboxRenderer.cpp","engine\src\model\SkyboxRenderer.cpp","SkyboxRenderer::GetCurrentConstantFrame","SkyboxRenderer::GetCurrentConstantFrame()",311,318
8,3,56,0,8,"SkyboxRenderer::GetCurrentConstantFrame@320-327@engine\src\model\SkyboxRenderer.cpp","engine\src\model\SkyboxRenderer.cpp","SkyboxRenderer::GetCurrentConstantFrame","SkyboxRenderer::GetCurrentConstantFrame() const",320,327
8,3,67,0,8,"SkyboxRenderer::HasConstantBuffers@329-336@engine\src\model\SkyboxRenderer.cpp","engine\src\model\SkyboxRenderer.cpp","SkyboxRenderer::HasConstantBuffers","SkyboxRenderer::HasConstantBuffers() const",329,336
12,5,63,0,12,"GPUParticleSystem::ConstantFrame::Reset@22-33@engine\src\particle\internal\GPUParticleSystemInternal.h","engine\src\particle\internal\GPUParticleSystemInternal.h","GPUParticleSystem::ConstantFrame::Reset","GPUParticleSystem::ConstantFrame::Reset()",22,33
10,3,48,0,10,"GPUParticleSystem::ExplicitSpawnFrame::Reset@44-53@engine\src\particle\internal\GPUParticleSystemInternal.h","engine\src\particle\internal\GPUParticleSystemInternal.h","GPUParticleSystem::ExplicitSpawnFrame::Reset","GPUParticleSystem::ExplicitSpawnFrame::Reset()",44,53
11,4,87,3,11,"GpuParticleSystemInternal::CheckedByteSize@116-126@engine\src\particle\internal\GPUParticleSystemInternal.h","engine\src\particle\internal\GPUParticleSystemInternal.h","GpuParticleSystemInternal::CheckedByteSize","GpuParticleSystemInternal::CheckedByteSize( size_t elementSize , size_t count , const char * message)",116,126
3,1,32,1,3,"GpuParticleEmitterUtils::EstimateParticleActiveDuration@11-13@engine\src\particle\GPUParticleEmitterUtils.cpp","engine\src\particle\GPUParticleEmitterUtils.cpp","GpuParticleEmitterUtils::EstimateParticleActiveDuration","GpuParticleEmitterUtils::EstimateParticleActiveDuration( const ParticleEmitterSettings & settings)",11,13
3,2,25,1,3,"GpuParticleEmitterUtils::IsContinuousEmitter@15-17@engine\src\particle\GPUParticleEmitterUtils.cpp","engine\src\particle\GPUParticleEmitterUtils.cpp","GpuParticleEmitterUtils::IsContinuousEmitter","GpuParticleEmitterUtils::IsContinuousEmitter( const ParticleEmitterSettings & settings)",15,17
3,2,22,2,3,"GpuParticleEmitterUtils::SanitizeFinite@19-21@engine\src\particle\GPUParticleEmitterUtils.cpp","engine\src\particle\GPUParticleEmitterUtils.cpp","GpuParticleEmitterUtils::SanitizeFinite","GpuParticleEmitterUtils::SanitizeFinite( float value , float fallback)",19,21
6,1,62,2,6,"GpuParticleEmitterUtils::SanitizeFinite@23-28@engine\src\particle\GPUParticleEmitterUtils.cpp","engine\src\particle\GPUParticleEmitterUtils.cpp","GpuParticleEmitterUtils::SanitizeFinite","GpuParticleEmitterUtils::SanitizeFinite( DirectX :: XMFLOAT3 value , DirectX :: XMFLOAT3 fallback)",23,28
7,1,77,2,7,"GpuParticleEmitterUtils::SanitizeFinite@30-36@engine\src\particle\GPUParticleEmitterUtils.cpp","engine\src\particle\GPUParticleEmitterUtils.cpp","GpuParticleEmitterUtils::SanitizeFinite","GpuParticleEmitterUtils::SanitizeFinite( DirectX :: XMFLOAT4 value , DirectX :: XMFLOAT4 fallback)",30,36
8,1,102,2,8,"GpuParticleEmitterUtils::ClampColor@38-45@engine\src\particle\GPUParticleEmitterUtils.cpp","engine\src\particle\GPUParticleEmitterUtils.cpp","GpuParticleEmitterUtils::ClampColor","GpuParticleEmitterUtils::ClampColor( DirectX :: XMFLOAT4 value , DirectX :: XMFLOAT4 fallback)",38,45
14,6,71,3,14,"GpuParticleEmitterUtils::ResolveTextureId@47-60@engine\src\particle\GPUParticleEmitterUtils.cpp","engine\src\particle\GPUParticleEmitterUtils.cpp","GpuParticleEmitterUtils::ResolveTextureId","GpuParticleEmitterUtils::ResolveTextureId( const TextureManager * textureManager , uint32_t textureId , uint32_t fallbackTextureId)",47,60
59,2,962,1,59,"GpuParticleEmitterUtils::NormalizeParticleEmitterSettings@62-120@engine\src\particle\GPUParticleEmitterUtils.cpp","engine\src\particle\GPUParticleEmitterUtils.cpp","GpuParticleEmitterUtils::NormalizeParticleEmitterSettings","GpuParticleEmitterUtils::NormalizeParticleEmitterSettings( ParticleEmitterSettings settings)",62,120
11,1,110,1,11,"HasRequiredParticleCoreResources@39-49@engine\src\particle\GPUParticleSystem.cpp","engine\src\particle\GPUParticleSystem.cpp","HasRequiredParticleCoreResources","HasRequiredParticleCoreResources( const ResourceState & resources)",39,49
10,1,86,1,10,"HasRequiredParticleGpuHandles@52-61@engine\src\particle\GPUParticleSystem.cpp","engine\src\particle\GPUParticleSystem.cpp","HasRequiredParticleGpuHandles","HasRequiredParticleGpuHandles( const ResourceState & resources)",52,61
6,5,70,1,6,"HasRequiredExplicitSpawnFrames@63-68@engine\src\particle\GPUParticleSystem.cpp","engine\src\particle\GPUParticleSystem.cpp","HasRequiredExplicitSpawnFrames","HasRequiredExplicitSpawnFrames( const Frames & frames)",63,68
1,1,19,0,1,"GPUParticleSystem::GPUParticleSystem@72-72@engine\src\particle\GPUParticleSystem.cpp","engine\src\particle\GPUParticleSystem.cpp","GPUParticleSystem::GPUParticleSystem","GPUParticleSystem::GPUParticleSystem()",72,72
3,1,12,0,3,"GPUParticleSystem::~GPUParticleSystem@74-76@engine\src\particle\GPUParticleSystem.cpp","engine\src\particle\GPUParticleSystem.cpp","GPUParticleSystem::~GPUParticleSystem","GPUParticleSystem::~GPUParticleSystem()",74,76
1,1,13,1,1,"GPUParticleSystem::InitializationGuard::InitializationGuard@80-80@engine\src\particle\GPUParticleSystem.cpp","engine\src\particle\GPUParticleSystem.cpp","GPUParticleSystem::InitializationGuard::InitializationGuard","GPUParticleSystem::InitializationGuard::InitializationGuard( GPUParticleSystem & system)",80,80
11,2,74,0,11,"GPUParticleSystem::InitializationGuard::~InitializationGuard@81-91@engine\src\particle\GPUParticleSystem.cpp","engine\src\particle\GPUParticleSystem.cpp","GPUParticleSystem::InitializationGuard::~InitializationGuard","GPUParticleSystem::InitializationGuard::~InitializationGuard()",81,91
3,1,9,0,3,"GPUParticleSystem::InitializationGuard::Commit@96-98@engine\src\particle\GPUParticleSystem.cpp","engine\src\particle\GPUParticleSystem.cpp","GPUParticleSystem::InitializationGuard::Commit","GPUParticleSystem::InitializationGuard::Commit()",96,98
3,1,13,0,3,"GPUParticleSystem::ReleaseSharedResources@105-107@engine\src\particle\GPUParticleSystem.cpp","engine\src\particle\GPUParticleSystem.cpp","GPUParticleSystem::ReleaseSharedResources","GPUParticleSystem::ReleaseSharedResources()",105,107
37,10,240,5,41,"GPUParticleSystem::Initialize@109-149@engine\src\particle\GPUParticleSystem.cpp","engine\src\particle\GPUParticleSystem.cpp","GPUParticleSystem::Initialize","GPUParticleSystem::Initialize( DirectXCommon * dxCommon , SrvManager * srvManager , TextureManager * textureManager , uint32_t textureId , uint32_t maxParticles)",109,149
33,6,242,3,34,"GPUParticleSystem::ConfigureInitialState@151-184@engine\src\particle\GPUParticleSystem.cpp","engine\src\particle\GPUParticleSystem.cpp","GPUParticleSystem::ConfigureInitialState","GPUParticleSystem::ConfigureInitialState( uint32_t textureId , uint32_t maxParticles , std :: deque<ParticleEmitterSettings> pendingEmitSettings)",151,184
27,3,195,0,28,"GPUParticleSystem::CreateInitialParticleData@186-213@engine\src\particle\GPUParticleSystem.cpp","engine\src\particle\GPUParticleSystem.cpp","GPUParticleSystem::CreateInitialParticleData","GPUParticleSystem::CreateInitialParticleData() const",186,213
25,10,141,1,27,"GPUParticleSystem::CreateInitializationGpuResources@215-241@engine\src\particle\GPUParticleSystem.cpp","engine\src\particle\GPUParticleSystem.cpp","GPUParticleSystem::CreateInitializationGpuResources","GPUParticleSystem::CreateInitializationGpuResources( const std :: vector<ParticleForGPU> & particles)",215,241
5,4,32,0,5,"GPUParticleSystem::HasRequiredGpuResources@243-247@engine\src\particle\GPUParticleSystem.cpp","engine\src\particle\GPUParticleSystem.cpp","GPUParticleSystem::HasRequiredGpuResources","GPUParticleSystem::HasRequiredGpuResources() const",243,247
8,4,59,0,8,"GPUParticleSystem::QueueInitialUpdateIfNeeded@249-256@engine\src\particle\GPUParticleSystem.cpp","engine\src\particle\GPUParticleSystem.cpp","GPUParticleSystem::QueueInitialUpdateIfNeeded","GPUParticleSystem::QueueInitialUpdateIfNeeded()",249,256
11,5,73,1,11,"GPUParticleSystem::SetEmitterSettings@258-268@engine\src\particle\GPUParticleSystem.cpp","engine\src\particle\GPUParticleSystem.cpp","GPUParticleSystem::SetEmitterSettings","GPUParticleSystem::SetEmitterSettings( const ParticleEmitterSettings & settings)",258,268
7,2,35,1,8,"GPUParticleSystem::SetTextureFromFile@270-277@engine\src\particle\GPUParticleSystem.cpp","engine\src\particle\GPUParticleSystem.cpp","GPUParticleSystem::SetTextureFromFile","GPUParticleSystem::SetTextureFromFile( const std :: wstring & filePath)",270,277
15,6,125,1,15,"GPUParticleSystem::SetMaterialSettings@279-293@engine\src\particle\GPUParticleSystem.cpp","engine\src\particle\GPUParticleSystem.cpp","GPUParticleSystem::SetMaterialSettings","GPUParticleSystem::SetMaterialSettings( const GPUParticleMaterialSettings & settings)",279,293
20,5,123,1,20,"GPUParticleSystem::EmitOnce@294-313@engine\src\particle\GPUParticleSystem.cpp","engine\src\particle\GPUParticleSystem.cpp","GPUParticleSystem::EmitOnce","GPUParticleSystem::EmitOnce( const ParticleEmitterSettings & settings)",294,313
41,10,373,1,45,"GPUParticleSystem::EmitParticles@315-359@engine\src\particle\GPUParticleSystem.cpp","engine\src\particle\GPUParticleSystem.cpp","GPUParticleSystem::EmitParticles","GPUParticleSystem::EmitParticles( const std :: vector<GPUParticleExplicitSpawn> & particles)",315,359
9,3,55,0,9,"GPUParticleSystem::GetCurrentConstantFrame@361-369@engine\src\particle\GPUParticleSystem.cpp","engine\src\particle\GPUParticleSystem.cpp","GPUParticleSystem::GetCurrentConstantFrame","GPUParticleSystem::GetCurrentConstantFrame()",361,369
9,3,56,0,9,"GPUParticleSystem::GetCurrentConstantFrame@371-379@engine\src\particle\GPUParticleSystem.cpp","engine\src\particle\GPUParticleSystem.cpp","GPUParticleSystem::GetCurrentConstantFrame","GPUParticleSystem::GetCurrentConstantFrame() const",371,379
10,5,77,0,10,"GPUParticleSystem::HasConstantBuffers@381-390@engine\src\particle\GPUParticleSystem.cpp","engine\src\particle\GPUParticleSystem.cpp","GPUParticleSystem::HasConstantBuffers","GPUParticleSystem::HasConstantBuffers() const",381,390
18,5,99,0,20,"GPUParticleSystem::Clear@392-411@engine\src\particle\GPUParticleSystem.cpp","engine\src\particle\GPUParticleSystem.cpp","GPUParticleSystem::Clear","GPUParticleSystem::Clear()",392,411
50,18,302,1,58,"GPUParticleSystem::Update@413-470@engine\src\particle\GPUParticleSystem.cpp","engine\src\particle\GPUParticleSystem.cpp","GPUParticleSystem::Update","GPUParticleSystem::Update( float deltaTime)",413,470
13,1,130,1,13,"HasUpdateDispatchCoreResources@18-30@engine\src\particle\GPUParticleSystemDispatch.cpp","engine\src\particle\GPUParticleSystemDispatch.cpp","HasUpdateDispatchCoreResources","HasUpdateDispatchCoreResources( const ResourceState & resources)",18,30
9,1,78,1,9,"HasUpdateDispatchGpuHandles@32-40@engine\src\particle\GPUParticleSystemDispatch.cpp","engine\src\particle\GPUParticleSystemDispatch.cpp","HasUpdateDispatchGpuHandles","HasUpdateDispatchGpuHandles( const ResourceState & resources)",32,40
5,4,25,0,5,"GPUParticleSystem::DispatchPendingUpdate@44-48@engine\src\particle\GPUParticleSystemDispatch.cpp","engine\src\particle\GPUParticleSystemDispatch.cpp","GPUParticleSystem::DispatchPendingUpdate","GPUParticleSystem::DispatchPendingUpdate()",44,48
7,6,45,0,7,"GPUParticleSystem::HasUpdateDispatchResources@50-56@engine\src\particle\GPUParticleSystemDispatch.cpp","engine\src\particle\GPUParticleSystemDispatch.cpp","GPUParticleSystem::HasUpdateDispatchResources","GPUParticleSystem::HasUpdateDispatchResources() const",50,56
10,4,73,1,10,"GPUParticleSystem::BindDescriptorHeap@58-67@engine\src\particle\GPUParticleSystemDispatch.cpp","engine\src\particle\GPUParticleSystemDispatch.cpp","GPUParticleSystem::BindDescriptorHeap","GPUParticleSystem::BindDescriptorHeap( ID3D12GraphicsCommandList * & commandList) const",58,67
22,2,140,6,22,"GPUParticleSystem::RegisterUpdateDispatchRollback@69-90@engine\src\particle\GPUParticleSystemDispatch.cpp","engine\src\particle\GPUParticleSystemDispatch.cpp","GPUParticleSystem::RegisterUpdateDispatchRollback","GPUParticleSystem::RegisterUpdateDispatchRollback( D3D12_RESOURCE_STATES previousActiveIndexState , D3D12_RESOURCE_STATES previousDrawArgsState , bool previousUpdatePending , bool previousClearPending , const std :: deque<ParticleEmitterSettings> & previousPendingEmitSettings , const std :: vector<GPUParticleExplicitSpawn> & previousPendingExplicitParticles)",69,90
20,3,137,1,20,"GPUParticleSystem::TransitionUpdateResourcesToUav@92-111@engine\src\particle\GPUParticleSystemDispatch.cpp","engine\src\particle\GPUParticleSystemDispatch.cpp","GPUParticleSystem::TransitionUpdateResourcesToUav","GPUParticleSystem::TransitionUpdateResourcesToUav( ID3D12GraphicsCommandList * commandList)",92,111
15,1,137,1,15,"GPUParticleSystem::ClearUpdateCounters@113-127@engine\src\particle\GPUParticleSystemDispatch.cpp","engine\src\particle\GPUParticleSystemDispatch.cpp","GPUParticleSystem::ClearUpdateCounters","GPUParticleSystem::ClearUpdateCounters( ID3D12GraphicsCommandList * commandList)",113,127
11,1,108,1,11,"GPUParticleSystem::RecordUpdateUavBarrier@129-139@engine\src\particle\GPUParticleSystemDispatch.cpp","engine\src\particle\GPUParticleSystemDispatch.cpp","GPUParticleSystem::RecordUpdateUavBarrier","GPUParticleSystem::RecordUpdateUavBarrier( ID3D12GraphicsCommandList * commandList)",129,139
14,3,86,2,14,"GPUParticleSystem::RecordQueuedEmitterDispatches@141-154@engine\src\particle\GPUParticleSystemDispatch.cpp","engine\src\particle\GPUParticleSystemDispatch.cpp","GPUParticleSystem::RecordQueuedEmitterDispatches","GPUParticleSystem::RecordQueuedEmitterDispatches( ID3D12GraphicsCommandList * commandList , const std :: deque<ParticleEmitterSettings> & emitSettings)",141,154
29,6,168,2,31,"GPUParticleSystem::RecordExplicitParticleDispatches@156-186@engine\src\particle\GPUParticleSystemDispatch.cpp","engine\src\particle\GPUParticleSystemDispatch.cpp","GPUParticleSystem::RecordExplicitParticleDispatches","GPUParticleSystem::RecordExplicitParticleDispatches( ID3D12GraphicsCommandList * commandList , std :: vector<GPUParticleExplicitSpawn> explicitParticles)",156,186
16,1,93,1,16,"GPUParticleSystem::TransitionUpdateResourcesForDraw@188-203@engine\src\particle\GPUParticleSystemDispatch.cpp","engine\src\particle\GPUParticleSystemDispatch.cpp","GPUParticleSystem::TransitionUpdateResourcesForDraw","GPUParticleSystem::TransitionUpdateResourcesForDraw( ID3D12GraphicsCommandList * commandList)",188,203
31,4,172,0,37,"GPUParticleSystem::DispatchUpdate@205-241@engine\src\particle\GPUParticleSystemDispatch.cpp","engine\src\particle\GPUParticleSystemDispatch.cpp","GPUParticleSystem::DispatchUpdate","GPUParticleSystem::DispatchUpdate()",205,241
35,11,326,2,36,"GPUParticleSystem::RecordUpdateDispatch@243-278@engine\src\particle\GPUParticleSystemDispatch.cpp","engine\src\particle\GPUParticleSystemDispatch.cpp","GPUParticleSystem::RecordUpdateDispatch","GPUParticleSystem::RecordUpdateDispatch( const EmitterForGPU & emitter , uint32_t dispatchParticleCount)",243,278
8,2,57,1,8,"GPUParticleSystem::RecordExplicitSpawnDispatch@280-287@engine\src\particle\GPUParticleSystemDispatch.cpp","engine\src\particle\GPUParticleSystemDispatch.cpp","GPUParticleSystem::RecordExplicitSpawnDispatch","GPUParticleSystem::RecordExplicitSpawnDispatch( uint32_t spawnCount)",280,287
34,2,421,2,34,"GPUParticleSystem::BuildEmitterForGPU@289-322@engine\src\particle\GPUParticleSystemDispatch.cpp","engine\src\particle\GPUParticleSystemDispatch.cpp","GPUParticleSystem::BuildEmitterForGPU","GPUParticleSystem::BuildEmitterForGPU( const ParticleEmitterSettings & settings , uint32_t emit) const",289,322
10,14,85,0,10,"GPUParticleSystem::HasDrawResources@19-28@engine\src\particle\GPUParticleSystemDraw.cpp","engine\src\particle\GPUParticleSystemDraw.cpp","GPUParticleSystem::HasDrawResources","GPUParticleSystem::HasDrawResources() const",19,28
4,4,29,0,4,"GPUParticleSystem::ShouldSkipDraw@30-33@engine\src\particle\GPUParticleSystemDraw.cpp","engine\src\particle\GPUParticleSystemDraw.cpp","GPUParticleSystem::ShouldSkipDraw","GPUParticleSystem::ShouldSkipDraw() const",30,33
12,5,57,1,12,"GPUParticleSystem::PrepareDrawFrame@35-46@engine\src\particle\GPUParticleSystemDraw.cpp","engine\src\particle\GPUParticleSystemDraw.cpp","GPUParticleSystem::PrepareDrawFrame","GPUParticleSystem::PrepareDrawFrame( ID3D12GraphicsCommandList * & commandList)",35,46
24,3,299,2,26,"GPUParticleSystem::UpdateDrawConstants@48-73@engine\src\particle\GPUParticleSystemDraw.cpp","engine\src\particle\GPUParticleSystemDraw.cpp","GPUParticleSystem::UpdateDrawConstants","GPUParticleSystem::UpdateDrawConstants( const Camera & camera , ConstantFrame & constantFrame) const",48,73
11,2,84,2,11,"GPUParticleSystem::ResolveDrawTextureHandles@75-85@engine\src\particle\GPUParticleSystemDraw.cpp","engine\src\particle\GPUParticleSystemDraw.cpp","GPUParticleSystem::ResolveDrawTextureHandles","GPUParticleSystem::ResolveDrawTextureHandles( D3D12_GPU_DESCRIPTOR_HANDLE & baseTextureHandle , D3D12_GPU_DESCRIPTOR_HANDLE & noiseTextureHandle) const",75,85
16,1,137,4,16,"GPUParticleSystem::RecordDrawCommands@87-102@engine\src\particle\GPUParticleSystemDraw.cpp","engine\src\particle\GPUParticleSystemDraw.cpp","GPUParticleSystem::RecordDrawCommands","GPUParticleSystem::RecordDrawCommands( ID3D12GraphicsCommandList * commandList , ConstantFrame & constantFrame , D3D12_GPU_DESCRIPTOR_HANDLE baseTextureHandle , D3D12_GPU_DESCRIPTOR_HANDLE noiseTextureHandle)",87,102
20,7,111,1,22,"GPUParticleSystem::Draw@104-125@engine\src\particle\GPUParticleSystemDraw.cpp","engine\src\particle\GPUParticleSystemDraw.cpp","GPUParticleSystem::Draw","GPUParticleSystem::Draw( const Camera & camera)",104,125
40,4,353,0,50,"GPUParticleSystem::CreateRootSignatures@10-59@engine\src\particle\GPUParticleSystemPipeline.cpp","engine\src\particle\GPUParticleSystemPipeline.cpp","GPUParticleSystem::CreateRootSignatures","GPUParticleSystem::CreateRootSignatures()",10,59
24,8,190,0,27,"GPUParticleSystem::CreatePipelineStates@61-87@engine\src\particle\GPUParticleSystemPipeline.cpp","engine\src\particle\GPUParticleSystemPipeline.cpp","GPUParticleSystem::CreatePipelineStates","GPUParticleSystem::CreatePipelineStates()",61,87
12,9,107,1,12,"HasParticleDescriptors@13-24@engine\src\particle\GPUParticleSystemRelease.cpp","engine\src\particle\GPUParticleSystemRelease.cpp","HasParticleDescriptors","HasParticleDescriptors( const ResourceState & resources)",13,24
6,3,37,2,6,"ReleaseDescriptorIndex@26-31@engine\src\particle\GPUParticleSystemRelease.cpp","engine\src\particle\GPUParticleSystemRelease.cpp","ReleaseDescriptorIndex","ReleaseDescriptorIndex( SrvManager * srvManager , uint32_t & index)",26,31
10,1,57,1,10,"ResetParticleDescriptorIndices@34-43@engine\src\particle\GPUParticleSystemRelease.cpp","engine\src\particle\GPUParticleSystemRelease.cpp","ResetParticleDescriptorIndices","ResetParticleDescriptorIndices( ResourceState & resources)",34,43
16,1,150,1,16,"HasParticleResourceObjects@46-61@engine\src\particle\GPUParticleSystemRelease.cpp","engine\src\particle\GPUParticleSystemRelease.cpp","HasParticleResourceObjects","HasParticleResourceObjects( const ResourceState & resources)",46,61
11,1,101,1,11,"HasParticlePipelineObjects@64-74@engine\src\particle\GPUParticleSystemRelease.cpp","engine\src\particle\GPUParticleSystemRelease.cpp","HasParticlePipelineObjects","HasParticlePipelineObjects( const ResourceState & resources)",64,74
4,1,50,1,4,"HasExplicitSpawnFrameResources@77-80@engine\src\particle\GPUParticleSystemRelease.cpp","engine\src\particle\GPUParticleSystemRelease.cpp","HasExplicitSpawnFrameResources","HasExplicitSpawnFrameResources( const ResourceState & resources)",77,80
4,4,31,1,4,"HasParticleGpuResources@83-86@engine\src\particle\GPUParticleSystemRelease.cpp","engine\src\particle\GPUParticleSystemRelease.cpp","HasParticleGpuResources","HasParticleGpuResources( const ResourceState & resources)",83,86
13,2,106,2,13,"ReleaseParticleDescriptors@89-101@engine\src\particle\GPUParticleSystemRelease.cpp","engine\src\particle\GPUParticleSystemRelease.cpp","ReleaseParticleDescriptors","ReleaseParticleDescriptors( SrvManager * srvManager , ResourceState & resources)",89,101
18,1,121,1,18,"ResetParticleGpuHandles@103-120@engine\src\particle\GPUParticleSystemRelease.cpp","engine\src\particle\GPUParticleSystemRelease.cpp","ResetParticleGpuHandles","ResetParticleGpuHandles( ResourceState & resources)",103,120
3,1,13,0,3,"GPUParticleSystem::ReleaseResources@124-126@engine\src\particle\GPUParticleSystemRelease.cpp","engine\src\particle\GPUParticleSystemRelease.cpp","GPUParticleSystem::ReleaseResources","GPUParticleSystem::ReleaseResources()",124,126
3,1,12,0,3,"GPUParticleSystem::Release@128-130@engine\src\particle\GPUParticleSystemRelease.cpp","engine\src\particle\GPUParticleSystemRelease.cpp","GPUParticleSystem::Release","GPUParticleSystem::Release()",128,130
45,5,288,1,49,"GPUParticleSystem::ReleaseResources@132-180@engine\src\particle\GPUParticleSystemRelease.cpp","engine\src\particle\GPUParticleSystemRelease.cpp","GPUParticleSystem::ReleaseResources","GPUParticleSystem::ReleaseResources( bool allowFrameAbort)",132,180
6,2,30,1,6,"ResetConstantFrames@30-35@engine\src\particle\GPUParticleSystemResources.cpp","engine\src\particle\GPUParticleSystemResources.cpp","ResetConstantFrames","ResetConstantFrames( ConstantFrames & frames)",30,35
7,2,45,2,7,"ReleaseExplicitSpawnFrames@38-44@engine\src\particle\GPUParticleSystemResources.cpp","engine\src\particle\GPUParticleSystemResources.cpp","ReleaseExplicitSpawnFrames","ReleaseExplicitSpawnFrames( SrvManager * srvManager , ExplicitSpawnFrames & frames)",38,44
70,9,512,1,78,"GPUParticleSystem::CreateParticleBuffer@48-125@engine\src\particle\GPUParticleSystemResources.cpp","engine\src\particle\GPUParticleSystemResources.cpp","GPUParticleSystem::CreateParticleBuffer","GPUParticleSystem::CreateParticleBuffer( const std :: vector<ParticleForGPU> & particles)",48,125
16,5,96,0,16,"GPUParticleSystem::CreateFreeListBuffers@127-142@engine\src\particle\GPUParticleSystemResources.cpp","engine\src\particle\GPUParticleSystemResources.cpp","GPUParticleSystem::CreateFreeListBuffers","GPUParticleSystem::CreateFreeListBuffers()",127,142
58,7,406,3,64,"GPUParticleSystem::CreateFreeListResource@144-207@engine\src\particle\GPUParticleSystemResources.cpp","engine\src\particle\GPUParticleSystemResources.cpp","GPUParticleSystem::CreateFreeListResource","GPUParticleSystem::CreateFreeListResource( ID3D12Device * device , ID3D12GraphicsCommandList * commandList , UINT bufferSize)",144,207
50,5,354,2,55,"GPUParticleSystem::CreateFreeListIndexResource@209-263@engine\src\particle\GPUParticleSystemResources.cpp","engine\src\particle\GPUParticleSystemResources.cpp","GPUParticleSystem::CreateFreeListIndexResource","GPUParticleSystem::CreateFreeListIndexResource( ID3D12Device * device , ID3D12GraphicsCommandList * commandList)",209,263
19,7,110,0,19,"GPUParticleSystem::CreateActiveDrawBuffers@265-283@engine\src\particle\GPUParticleSystemResources.cpp","engine\src\particle\GPUParticleSystemResources.cpp","GPUParticleSystem::CreateActiveDrawBuffers","GPUParticleSystem::CreateActiveDrawBuffers()",265,283
42,4,289,2,46,"GPUParticleSystem::CreateActiveIndexBuffer@285-330@engine\src\particle\GPUParticleSystemResources.cpp","engine\src\particle\GPUParticleSystemResources.cpp","GPUParticleSystem::CreateActiveIndexBuffer","GPUParticleSystem::CreateActiveIndexBuffer( ID3D12Device * device , UINT bufferSize)",285,330
26,3,175,1,28,"GPUParticleSystem::CreateActiveCountBuffer@332-359@engine\src\particle\GPUParticleSystemResources.cpp","engine\src\particle\GPUParticleSystemResources.cpp","GPUParticleSystem::CreateActiveCountBuffer","GPUParticleSystem::CreateActiveCountBuffer( ID3D12Device * device)",332,359
40,4,298,2,43,"GPUParticleSystem::CreateDrawArgsBuffer@361-403@engine\src\particle\GPUParticleSystemResources.cpp","engine\src\particle\GPUParticleSystemResources.cpp","GPUParticleSystem::CreateDrawArgsBuffer","GPUParticleSystem::CreateDrawArgsBuffer( ID3D12Device * device , ID3D12GraphicsCommandList * commandList)",361,403
56,12,365,0,62,"GPUParticleSystem::CreateConstantBuffers@405-466@engine\src\particle\GPUParticleSystemResources.cpp","engine\src\particle\GPUParticleSystemResources.cpp","GPUParticleSystem::CreateConstantBuffers","GPUParticleSystem::CreateConstantBuffers()",405,466
63,17,451,2,69,"GPUParticleSystem::EnsureExplicitSpawnFrameCapacity@468-536@engine\src\particle\GPUParticleSystemResources.cpp","engine\src\particle\GPUParticleSystemResources.cpp","GPUParticleSystem::EnsureExplicitSpawnFrameCapacity","GPUParticleSystem::EnsureExplicitSpawnFrameCapacity( ExplicitSpawnFrame & frame , uint32_t capacity)",468,536
9,3,61,1,10,"GPUParticleSystem::EnsureExplicitSpawnCapacity@538-547@engine\src\particle\GPUParticleSystemResources.cpp","engine\src\particle\GPUParticleSystemResources.cpp","GPUParticleSystem::EnsureExplicitSpawnCapacity","GPUParticleSystem::EnsureExplicitSpawnCapacity( uint32_t capacity)",538,547
24,9,189,2,27,"GPUParticleSystem::UploadExplicitParticles@549-575@engine\src\particle\GPUParticleSystemResources.cpp","engine\src\particle\GPUParticleSystemResources.cpp","GPUParticleSystem::UploadExplicitParticles","GPUParticleSystem::UploadExplicitParticles( const std :: vector<GPUParticleExplicitSpawn> & particles , uint32_t & uploadedCount)",549,575
10,3,52,2,10,"MakePipelineCacheKey@23-32@engine\src\particle\GPUParticleSystemShared.cpp","engine\src\particle\GPUParticleSystemShared.cpp","MakePipelineCacheKey","MakePipelineCacheKey( const std :: wstring & pixelShaderPath , GPUParticleMaterialSettings :: BlendMode blendMode)",23,32
9,2,40,1,10,"ResetDrawCacheIfDeviceChanged@34-43@engine\src\particle\GPUParticleSystemShared.cpp","engine\src\particle\GPUParticleSystemShared.cpp","ResetDrawCacheIfDeviceChanged","ResetDrawCacheIfDeviceChanged( ID3D12Device * device)",34,43
34,4,245,1,42,"GpuParticleShared::GetDrawRootSignature@49-90@engine\src\particle\GPUParticleSystemShared.cpp","engine\src\particle\GPUParticleSystemShared.cpp","GpuParticleShared::GetDrawRootSignature","GpuParticleShared::GetDrawRootSignature( ID3D12Device * device)",49,90
70,13,533,4,78,"GpuParticleShared::GetOrCreateDrawPipeline@92-169@engine\src\particle\GPUParticleSystemShared.cpp","engine\src\particle\GPUParticleSystemShared.cpp","GpuParticleShared::GetOrCreateDrawPipeline","GpuParticleShared::GetOrCreateDrawPipeline( ID3D12Device * device , ID3D12RootSignature * rootSignature , const std :: wstring & pixelShaderPath , GPUParticleMaterialSettings :: BlendMode blendMode)",92,169
21,5,111,1,23,"GpuParticleShared::GetDrawCommandSignature@171-193@engine\src\particle\GPUParticleSystemShared.cpp","engine\src\particle\GPUParticleSystemShared.cpp","GpuParticleShared::GetDrawCommandSignature","GpuParticleShared::GetDrawCommandSignature( ID3D12Device * device)",171,193
6,1,27,0,6,"GpuParticleShared::ReleaseDrawResources@195-200@engine\src\particle\GPUParticleSystemShared.cpp","engine\src\particle\GPUParticleSystemShared.cpp","GpuParticleShared::ReleaseDrawResources","GpuParticleShared::ReleaseDrawResources()",195,200
3,1,22,1,3,"BoolFlagScope::BoolFlagScope@25-27@engine\src\scene\SceneManager.cpp","engine\src\scene\SceneManager.cpp","BoolFlagScope::BoolFlagScope","BoolFlagScope::BoolFlagScope( bool & flag)",25,27
3,1,9,0,3,"BoolFlagScope::~BoolFlagScope@28-30@engine\src\scene\SceneManager.cpp","engine\src\scene\SceneManager.cpp","BoolFlagScope::~BoolFlagScope","BoolFlagScope::~BoolFlagScope()",28,30
5,2,37,1,8,"LogSceneManagerError@40-47@engine\src\scene\SceneManager.cpp","engine\src\scene\SceneManager.cpp","LogSceneManagerError","LogSceneManagerError( const std :: string & message)",40,47
3,1,34,2,3,"LogSceneManagerException@49-51@engine\src\scene\SceneManager.cpp","engine\src\scene\SceneManager.cpp","LogSceneManagerException","LogSceneManagerException( const char * operation , const std :: exception & ex)",49,51
3,1,21,1,3,"LogSceneManagerUnknownException@53-55@engine\src\scene\SceneManager.cpp","engine\src\scene\SceneManager.cpp","LogSceneManagerUnknownException","LogSceneManagerUnknownException( const char * operation)",53,55
11,3,56,2,11,"RunSceneCallback@58-68@engine\src\scene\SceneManager.cpp","engine\src\scene\SceneManager.cpp","RunSceneCallback","RunSceneCallback( const char * operation , Callback && callback)",58,68
10,3,54,2,10,"QuerySceneFlag@71-80@engine\src\scene\SceneManager.cpp","engine\src\scene\SceneManager.cpp","QuerySceneFlag","QuerySceneFlag( const char * operation , Callback && callback)",71,80
3,1,16,1,3,"SceneManager::Initialize@84-86@engine\src\scene\SceneManager.cpp","engine\src\scene\SceneManager.cpp","SceneManager::Initialize","SceneManager::Initialize( const SceneContext & ctx)",84,86
10,3,57,0,10,"SceneManager::Finalize@88-97@engine\src\scene\SceneManager.cpp","engine\src\scene\SceneManager.cpp","SceneManager::Finalize","SceneManager::Finalize()",88,97
3,1,14,1,3,"SceneManager::SetSceneFactory@99-101@engine\src\scene\SceneManager.cpp","engine\src\scene\SceneManager.cpp","SceneManager::SetSceneFactory","SceneManager::SetSceneFactory( AbstractSceneFactory * sceneFactory)",99,101
11,3,58,1,13,"SceneManager::ChangeScene@103-115@engine\src\scene\SceneManager.cpp","engine\src\scene\SceneManager.cpp","SceneManager::ChangeScene","SceneManager::ChangeScene( const std :: string & sceneName)",103,115
8,3,49,1,9,"SceneManager::ChangeScene@117-125@engine\src\scene\SceneManager.cpp","engine\src\scene\SceneManager.cpp","SceneManager::ChangeScene","SceneManager::ChangeScene( std :: unique_ptr<BaseScene> nextScene)",117,125
8,3,49,1,9,"SceneManager::ChangeToInitializedScene@127-135@engine\src\scene\SceneManager.cpp","engine\src\scene\SceneManager.cpp","SceneManager::ChangeToInitializedScene","SceneManager::ChangeToInitializedScene( std :: unique_ptr<BaseScene> nextScene)",127,135
30,10,195,1,36,"SceneManager::PrepareSceneForLoading@137-172@engine\src\scene\SceneManager.cpp","engine\src\scene\SceneManager.cpp","SceneManager::PrepareSceneForLoading","SceneManager::PrepareSceneForLoading( BaseScene & scene)",137,172
24,7,131,2,26,"SceneManager::ApplySceneChange@174-199@engine\src\scene\SceneManager.cpp","engine\src\scene\SceneManager.cpp","SceneManager::ApplySceneChange","SceneManager::ApplySceneChange( std :: unique_ptr<BaseScene> & nextScene , bool alreadyInitialized)",174,199
8,3,53,2,8,"SceneManager::ApplyOrQueueSceneChange@201-208@engine\src\scene\SceneManager.cpp","engine\src\scene\SceneManager.cpp","SceneManager::ApplyOrQueueSceneChange","SceneManager::ApplyOrQueueSceneChange( std :: unique_ptr<BaseScene> nextScene , bool alreadyInitialized)",201,208
13,5,69,0,14,"SceneManager::ApplyPendingSceneChange@210-223@engine\src\scene\SceneManager.cpp","engine\src\scene\SceneManager.cpp","SceneManager::ApplyPendingSceneChange","SceneManager::ApplyPendingSceneChange()",210,223
8,2,46,0,10,"SceneManager::Update@225-234@engine\src\scene\SceneManager.cpp","engine\src\scene\SceneManager.cpp","SceneManager::Update","SceneManager::Update()",225,234
7,2,45,1,7,"SceneManager::SubmitRenderScene@236-242@engine\src\scene\SceneManager.cpp","engine\src\scene\SceneManager.cpp","SceneManager::SubmitRenderScene","SceneManager::SubmitRenderScene( RenderScene & renderScene)",236,242
8,2,45,1,8,"SceneManager::SubmitLighting@244-251@engine\src\scene\SceneManager.cpp","engine\src\scene\SceneManager.cpp","SceneManager::SubmitLighting","SceneManager::SubmitLighting( LightingScene & lightingScene)",244,251
8,2,45,1,8,"SceneManager::SubmitFrameHistory@253-260@engine\src\scene\SceneManager.cpp","engine\src\scene\SceneManager.cpp","SceneManager::SubmitFrameHistory","SceneManager::SubmitFrameHistory( FrameHistory & frameHistory)",253,260
6,2,38,0,6,"SceneManager::Draw@262-267@engine\src\scene\SceneManager.cpp","engine\src\scene\SceneManager.cpp","SceneManager::Draw","SceneManager::Draw()",262,267
5,2,31,0,5,"SceneManager::UsesForeground3DPass@269-273@engine\src\scene\SceneManager.cpp","engine\src\scene\SceneManager.cpp","SceneManager::UsesForeground3DPass","SceneManager::UsesForeground3DPass() const",269,273
5,2,31,0,5,"SceneManager::UsesVolumetricLightingPass@275-279@engine\src\scene\SceneManager.cpp","engine\src\scene\SceneManager.cpp","SceneManager::UsesVolumetricLightingPass","SceneManager::UsesVolumetricLightingPass() const",275,279
5,2,31,0,5,"SceneManager::UsesSpotLightShadowPass@281-285@engine\src\scene\SceneManager.cpp","engine\src\scene\SceneManager.cpp","SceneManager::UsesSpotLightShadowPass","SceneManager::UsesSpotLightShadowPass() const",281,285
6,2,38,0,6,"SceneManager::DrawForeground3D@287-292@engine\src\scene\SceneManager.cpp","engine\src\scene\SceneManager.cpp","SceneManager::DrawForeground3D","SceneManager::DrawForeground3D()",287,292
6,2,38,0,6,"SceneManager::DrawTransparent@294-299@engine\src\scene\SceneManager.cpp","engine\src\scene\SceneManager.cpp","SceneManager::DrawTransparent","SceneManager::DrawTransparent()",294,299
7,2,38,0,7,"SceneManager::DrawVolumetricLighting@301-307@engine\src\scene\SceneManager.cpp","engine\src\scene\SceneManager.cpp","SceneManager::DrawVolumetricLighting","SceneManager::DrawVolumetricLighting()",301,307
7,2,38,0,7,"SceneManager::DrawPostProcessOverlay@309-315@engine\src\scene\SceneManager.cpp","engine\src\scene\SceneManager.cpp","SceneManager::DrawPostProcessOverlay","SceneManager::DrawPostProcessOverlay()",309,315
6,2,38,0,6,"SceneManager::DrawShadow@317-322@engine\src\scene\SceneManager.cpp","engine\src\scene\SceneManager.cpp","SceneManager::DrawShadow","SceneManager::DrawShadow()",317,322
7,2,38,0,7,"SceneManager::DrawSpotLightShadow@324-330@engine\src\scene\SceneManager.cpp","engine\src\scene\SceneManager.cpp","SceneManager::DrawSpotLightShadow","SceneManager::DrawSpotLightShadow()",324,330
3,1,12,0,3,"SoundFormatUtils::AlignedWaveFormat::Get@18-20@engine\src\sound\internal\SoundFormatUtils.h","engine\src\sound\internal\SoundFormatUtils.h","SoundFormatUtils::AlignedWaveFormat::Get","SoundFormatUtils::AlignedWaveFormat::Get() const",18,20
1,1,15,1,1,"SoundManagerInternal::SourceVoiceGuard::SourceVoiceGuard@71-71@engine\src\sound\internal\SoundManagerInternal.h","engine\src\sound\internal\SoundManagerInternal.h","SoundManagerInternal::SourceVoiceGuard::SourceVoiceGuard","SoundManagerInternal::SourceVoiceGuard::SourceVoiceGuard( IXAudio2SourceVoice * voice = nullptr)",71,71
3,1,9,0,3,"SoundManagerInternal::SourceVoiceGuard::~SourceVoiceGuard@75-77@engine\src\sound\internal\SoundManagerInternal.h","engine\src\sound\internal\SoundManagerInternal.h","SoundManagerInternal::SourceVoiceGuard::~SourceVoiceGuard","SoundManagerInternal::SourceVoiceGuard::~SourceVoiceGuard()",75,77
3,1,9,0,3,"SoundManagerInternal::SourceVoiceGuard::Get@79-81@engine\src\sound\internal\SoundManagerInternal.h","engine\src\sound\internal\SoundManagerInternal.h","SoundManagerInternal::SourceVoiceGuard::Get","SoundManagerInternal::SourceVoiceGuard::Get() const",79,81
5,1,18,0,5,"SoundManagerInternal::SourceVoiceGuard::Release@83-87@engine\src\sound\internal\SoundManagerInternal.h","engine\src\sound\internal\SoundManagerInternal.h","SoundManagerInternal::SourceVoiceGuard::Release","SoundManagerInternal::SourceVoiceGuard::Release()",83,87
6,2,26,1,6,"SoundManagerInternal::SourceVoiceGuard::Reset@89-94@engine\src\sound\internal\SoundManagerInternal.h","engine\src\sound\internal\SoundManagerInternal.h","SoundManagerInternal::SourceVoiceGuard::Reset","SoundManagerInternal::SourceVoiceGuard::Reset( IXAudio2SourceVoice * voice = nullptr)",89,94
12,6,110,2,12,"SoundManagerInternal::LoadFloat3OrDefault@100-111@engine\src\sound\internal\SoundManagerInternal.h","engine\src\sound\internal\SoundManagerInternal.h","SoundManagerInternal::LoadFloat3OrDefault","SoundManagerInternal::LoadFloat3OrDefault( const DirectX :: XMFLOAT3 & value , DirectX :: FXMVECTOR fallback)",100,111
7,4,62,2,7,"SoundManagerInternal::LoadPositionOrDefault@113-119@engine\src\sound\internal\SoundManagerInternal.h","engine\src\sound\internal\SoundManagerInternal.h","SoundManagerInternal::LoadPositionOrDefault","SoundManagerInternal::LoadPositionOrDefault( const DirectX :: XMFLOAT3 & value , DirectX :: FXMVECTOR fallback)",113,119
8,3,58,2,8,"SoundManagerInternal::NormalizeVectorOrDefault@121-128@engine\src\sound\internal\SoundManagerInternal.h","engine\src\sound\internal\SoundManagerInternal.h","SoundManagerInternal::NormalizeVectorOrDefault","SoundManagerInternal::NormalizeVectorOrDefault( DirectX :: FXMVECTOR value , DirectX :: FXMVECTOR fallback)",121,128
12,2,86,2,12,"MakeSoundInfo@18-29@engine\src\sound\AudioFileLoader.cpp","engine\src\sound\AudioFileLoader.cpp","MakeSoundInfo","MakeSoundInfo( const WAVEFORMATEX & format , size_t decodedBytes)",18,29
7,2,36,1,7,"AudioFileLoader::Load@33-39@engine\src\sound\AudioFileLoader.cpp","engine\src\sound\AudioFileLoader.cpp","AudioFileLoader::Load","AudioFileLoader::Load( const std :: wstring & path)",33,39
33,10,232,2,37,"AudioFileLoader::TryLoad@41-77@engine\src\sound\AudioFileLoader.cpp","engine\src\sound\AudioFileLoader.cpp","AudioFileLoader::TryLoad","AudioFileLoader::TryLoad( const std :: wstring & path , SoundData & outData)",41,77
8,3,54,1,8,"MediaBufferLock::MediaBufferLock@22-29@engine\src\sound\SoundFormatUtils.cpp","engine\src\sound\SoundFormatUtils.cpp","MediaBufferLock::MediaBufferLock","MediaBufferLock::MediaBufferLock( IMFMediaBuffer * buffer)",22,29
5,2,17,0,5,"MediaBufferLock::~MediaBufferLock@31-35@engine\src\sound\SoundFormatUtils.cpp","engine\src\sound\SoundFormatUtils.cpp","MediaBufferLock::~MediaBufferLock","MediaBufferLock::~MediaBufferLock()",31,35
3,1,9,0,3,"MediaBufferLock::Data@37-39@engine\src\sound\SoundFormatUtils.cpp","engine\src\sound\SoundFormatUtils.cpp","MediaBufferLock::Data","MediaBufferLock::Data() const",37,39
3,1,9,0,3,"MediaBufferLock::Size@40-42@engine\src\sound\SoundFormatUtils.cpp","engine\src\sound\SoundFormatUtils.cpp","MediaBufferLock::Size","MediaBufferLock::Size() const",40,42
3,2,15,0,3,"MediaBufferLock::IsValid@43-45@engine\src\sound\SoundFormatUtils.cpp","engine\src\sound\SoundFormatUtils.cpp","MediaBufferLock::IsValid","MediaBufferLock::IsValid() const",43,45
5,1,47,2,5,"SoundFormatUtils::MakeHResultMessage@58-62@engine\src\sound\SoundFormatUtils.cpp","engine\src\sound\SoundFormatUtils.cpp","SoundFormatUtils::MakeHResultMessage","SoundFormatUtils::MakeHResultMessage( HRESULT hr , const char * message)",58,62
27,9,199,4,30,"SoundFormatUtils::BuildPcmWaveFormat@64-93@engine\src\sound\SoundFormatUtils.cpp","engine\src\sound\SoundFormatUtils.cpp","SoundFormatUtils::BuildPcmWaveFormat","SoundFormatUtils::BuildPcmWaveFormat( uint32_t sampleRate , uint16_t channels , uint16_t bitsPerSample , WAVEFORMATEX & format)",64,93
11,7,96,1,12,"SoundFormatUtils::IsSupportedPcmReadFormat@95-106@engine\src\sound\SoundFormatUtils.cpp","engine\src\sound\SoundFormatUtils.cpp","SoundFormatUtils::IsSupportedPcmReadFormat","SoundFormatUtils::IsSupportedPcmReadFormat( const WAVEFORMATEX & format)",95,106
8,2,63,2,9,"SoundFormatUtils::CopyWaveFormatHeader@108-116@engine\src\sound\SoundFormatUtils.cpp","engine\src\sound\SoundFormatUtils.cpp","SoundFormatUtils::CopyWaveFormatHeader","SoundFormatUtils::CopyWaveFormatHeader( const std :: vector<BYTE> & bytes , WAVEFORMATEX & outFormat)",108,116
20,5,153,2,22,"SoundFormatUtils::CopyAlignedWaveFormat@118-139@engine\src\sound\SoundFormatUtils.cpp","engine\src\sound\SoundFormatUtils.cpp","SoundFormatUtils::CopyAlignedWaveFormat","SoundFormatUtils::CopyAlignedWaveFormat( const std :: vector<BYTE> & bytes , AlignedWaveFormat & outFormat)",118,139
31,12,246,3,34,"SoundFormatUtils::CreatePcmSourceReader@141-174@engine\src\sound\SoundFormatUtils.cpp","engine\src\sound\SoundFormatUtils.cpp","SoundFormatUtils::CreatePcmSourceReader","SoundFormatUtils::CreatePcmSourceReader( const std :: filesystem :: path & path , Microsoft :: WRL :: ComPtr<IMFSourceReader> & reader , Microsoft :: WRL :: ComPtr<IMFMediaType> * currentType)",141,174
25,7,152,2,27,"SoundFormatUtils::GetWaveFormatBytes@176-202@engine\src\sound\SoundFormatUtils.cpp","engine\src\sound\SoundFormatUtils.cpp","SoundFormatUtils::GetWaveFormatBytes","SoundFormatUtils::GetWaveFormatBytes( IMFMediaType * mediaType , std :: vector<BYTE> & result)",176,202
12,2,67,1,13,"SoundFormatUtils::SeekSourceReaderToStart@204-216@engine\src\sound\SoundFormatUtils.cpp","engine\src\sound\SoundFormatUtils.cpp","SoundFormatUtils::SeekSourceReaderToStart","SoundFormatUtils::SeekSourceReaderToStart( IMFSourceReader * reader)",204,216
51,14,348,5,56,"SoundFormatUtils::ReadNextPcmChunk@218-273@engine\src\sound\SoundFormatUtils.cpp","engine\src\sound\SoundFormatUtils.cpp","SoundFormatUtils::ReadNextPcmChunk","SoundFormatUtils::ReadNextPcmChunk( IMFSourceReader * reader , size_t targetBytes , size_t maxDecodedBytes , bool & sourceEnded , std :: vector<BYTE> & decodedPcm)",218,273
33,10,218,3,35,"SoundFormatUtils::ReadAllPcmData@275-309@engine\src\sound\SoundFormatUtils.cpp","engine\src\sound\SoundFormatUtils.cpp","SoundFormatUtils::ReadAllPcmData","SoundFormatUtils::ReadAllPcmData( IMFSourceReader * reader , size_t maxBytes , std :: vector<BYTE> & decodedPcm)",275,309
7,4,58,3,8,"SoundManager::Play@20-27@engine\src\sound\SoundManager.cpp","engine\src\sound\SoundManager.cpp","SoundManager::Play","SoundManager::Play( uint32_t soundId , float volume , bool loop)",20,27
7,4,63,4,8,"SoundManager::PlayFrom@29-36@engine\src\sound\SoundManager.cpp","engine\src\sound\SoundManager.cpp","SoundManager::PlayFrom","SoundManager::PlayFrom( uint32_t soundId , float startSeconds , float volume , bool loop)",29,36
10,2,81,1,10,"SoundManager::Stop@38-47@engine\src\sound\SoundManager.cpp","engine\src\sound\SoundManager.cpp","SoundManager::Stop","SoundManager::Stop( uint32_t voiceHandle)",38,47
9,3,79,1,9,"SoundManager::Pause@49-57@engine\src\sound\SoundManager.cpp","engine\src\sound\SoundManager.cpp","SoundManager::Pause","SoundManager::Pause( uint32_t voiceHandle)",49,57
9,3,79,1,9,"SoundManager::Resume@59-67@engine\src\sound\SoundManager.cpp","engine\src\sound\SoundManager.cpp","SoundManager::Resume","SoundManager::Resume( uint32_t voiceHandle)",59,67
11,3,108,2,11,"SoundManager::SetVoiceVolume@69-79@engine\src\sound\SoundManager.cpp","engine\src\sound\SoundManager.cpp","SoundManager::SetVoiceVolume","SoundManager::SetVoiceVolume( uint32_t voiceHandle , float volume)",69,79
12,3,105,2,12,"SoundManager::SetVoiceFrequencyRatio@81-92@engine\src\sound\SoundManager.cpp","engine\src\sound\SoundManager.cpp","SoundManager::SetVoiceFrequencyRatio","SoundManager::SetVoiceFrequencyRatio( uint32_t voiceHandle , float frequencyRatio)",81,92
7,2,71,1,7,"SoundManager::GetVoiceFrequencyRatio@94-100@engine\src\sound\SoundManager.cpp","engine\src\sound\SoundManager.cpp","SoundManager::GetVoiceFrequencyRatio","SoundManager::GetVoiceFrequencyRatio( uint32_t voiceHandle) const",94,100
7,2,72,1,7,"SoundManager::GetVoiceVolume@102-108@engine\src\sound\SoundManager.cpp","engine\src\sound\SoundManager.cpp","SoundManager::GetVoiceVolume","SoundManager::GetVoiceVolume( uint32_t voiceHandle) const",102,108
45,14,366,1,50,"SoundManager::GetPlaybackPosition@110-159@engine\src\sound\SoundManager.cpp","engine\src\sound\SoundManager.cpp","SoundManager::GetPlaybackPosition","SoundManager::GetPlaybackPosition( uint32_t voiceHandle) const",110,159
7,2,69,1,7,"SoundManager::IsStreaming@161-167@engine\src\sound\SoundManager.cpp","engine\src\sound\SoundManager.cpp","SoundManager::IsStreaming","SoundManager::IsStreaming( uint32_t voiceHandle) const",161,167
6,2,32,0,6,"SoundManager::StopAll@169-174@engine\src\sound\SoundManager.cpp","engine\src\sound\SoundManager.cpp","SoundManager::StopAll","SoundManager::StopAll()",169,174
21,8,140,0,24,"SoundManager::Update@176-199@engine\src\sound\SoundManager.cpp","engine\src\sound\SoundManager.cpp","SoundManager::Update","SoundManager::Update()",176,199
7,2,71,1,7,"SoundManager::IsPlaying@201-207@engine\src\sound\SoundManager.cpp","engine\src\sound\SoundManager.cpp","SoundManager::IsPlaying","SoundManager::IsPlaying( uint32_t voiceHandle) const",201,207
10,4,72,1,11,"SoundManager::GetInfo@209-219@engine\src\sound\SoundManager.cpp","engine\src\sound\SoundManager.cpp","SoundManager::GetInfo","SoundManager::GetInfo( uint32_t soundId) const",209,219
27,7,195,5,28,"SoundManager::InitializeSourceVoiceCreateWork@236-263@engine\src\sound\SoundManager.cpp","engine\src\sound\SoundManager.cpp","SoundManager::InitializeSourceVoiceCreateWork","SoundManager::InitializeSourceVoiceCreateWork( uint32_t soundId , float volume , bool loop , float startSeconds , SourceVoiceCreateWork & work)",236,263
6,1,47,1,6,"SoundManager::CreateSourceVoiceObject@265-270@engine\src\sound\SoundManager.cpp","engine\src\sound\SoundManager.cpp","SoundManager::CreateSourceVoiceObject","SoundManager::CreateSourceVoiceObject( SourceVoiceCreateWork & work)",265,270
29,7,294,2,30,"SoundManager::BuildSourceVoiceBuffer@272-301@engine\src\sound\SoundManager.cpp","engine\src\sound\SoundManager.cpp","SoundManager::BuildSourceVoiceBuffer","SoundManager::BuildSourceVoiceBuffer( SourceVoiceCreateWork & work , XAUDIO2_BUFFER & buffer)",272,301
38,6,252,2,42,"SoundManager::StoreAndStartSourceVoice@303-344@engine\src\sound\SoundManager.cpp","engine\src\sound\SoundManager.cpp","SoundManager::StoreAndStartSourceVoice","SoundManager::StoreAndStartSourceVoice( SourceVoiceCreateWork & work , const XAUDIO2_BUFFER & buffer)",303,344
13,5,87,4,13,"SoundManager::CreateSourceVoice@346-358@engine\src\sound\SoundManager.cpp","engine\src\sound\SoundManager.cpp","SoundManager::CreateSourceVoice","SoundManager::CreateSourceVoice( uint32_t soundId , float volume , bool loop , float startSeconds)",346,358
18,5,136,0,19,"SoundManager::AllocateVoiceHandle@360-378@engine\src\sound\SoundManager.cpp","engine\src\sound\SoundManager.cpp","SoundManager::AllocateVoiceHandle","SoundManager::AllocateVoiceHandle()",360,378
12,2,76,1,13,"SoundManager::DestroyVoice@380-392@engine\src\sound\SoundManager.cpp","engine\src\sound\SoundManager.cpp","SoundManager::DestroyVoice","SoundManager::DestroyVoice( PlayingVoice & playingVoice)",380,392
19,7,114,1,20,"SoundManager::IsVoiceActive@394-413@engine\src\sound\SoundManager.cpp","engine\src\sound\SoundManager.cpp","SoundManager::IsVoiceActive","SoundManager::IsVoiceActive( const PlayingVoice & playingVoice)",394,413
20,7,200,2,22,"TryBuildPcmAnalysisView@23-44@engine\src\sound\SoundManagerAnalysis.cpp","engine\src\sound\SoundManagerAnalysis.cpp","TryBuildPcmAnalysisView","TryBuildPcmAnalysisView( const AudioFileLoader :: SoundData & sound , PcmAnalysisView & view)",23,44
8,4,66,2,8,"NormalizePcmPlaybackTime@46-53@engine\src\sound\SoundManagerAnalysis.cpp","engine\src\sound\SoundManagerAnalysis.cpp","NormalizePcmPlaybackTime","NormalizePcmPlaybackTime( float playbackSeconds , float duration)",46,53
22,6,201,2,23,"ReadPcmFrameAverage@55-77@engine\src\sound\SoundManagerAnalysis.cpp","engine\src\sound\SoundManagerAnalysis.cpp","ReadPcmFrameAverage","ReadPcmFrameAverage( const PcmAnalysisView & view , size_t frame)",55,77
27,4,341,4,29,"ComputeSpectrumBand@79-107@engine\src\sound\SoundManagerAnalysis.cpp","engine\src\sound\SoundManagerAnalysis.cpp","ComputeSpectrumBand","ComputeSpectrumBand( const PcmAnalysisView & view , size_t centerFrame , size_t band , size_t bandCount)",79,107
73,17,670,3,83,"SoundManager::GetAmplitudeAt@111-193@engine\src\sound\SoundManagerAnalysis.cpp","engine\src\sound\SoundManagerAnalysis.cpp","SoundManager::GetAmplitudeAt","SoundManager::GetAmplitudeAt( uint32_t soundId , float playbackSeconds , float windowSeconds) const",111,193
23,6,176,4,27,"SoundManager::FillSpectrumBands@195-221@engine\src\sound\SoundManagerAnalysis.cpp","engine\src\sound\SoundManagerAnalysis.cpp","SoundManager::FillSpectrumBands","SoundManager::FillSpectrumBands( uint32_t soundId , float playbackSeconds , float * outBands , size_t bandCount) const",195,221
1,1,19,0,1,"SoundManager::SoundManager@15-15@engine\src\sound\SoundManagerLifecycle.cpp","engine\src\sound\SoundManagerLifecycle.cpp","SoundManager::SoundManager","SoundManager::SoundManager()",15,15
3,1,11,0,3,"SoundManager::~SoundManager@17-19@engine\src\sound\SoundManagerLifecycle.cpp","engine\src\sound\SoundManagerLifecycle.cpp","SoundManager::~SoundManager","SoundManager::~SoundManager()",17,19
3,2,21,0,3,"SoundManager::IsInitialized@21-23@engine\src\sound\SoundManagerLifecycle.cpp","engine\src\sound\SoundManagerLifecycle.cpp","SoundManager::IsInitialized","SoundManager::IsInitialized() const",21,23
3,1,13,0,3,"SoundManager::GetLastInitializeError@25-27@engine\src\sound\SoundManagerLifecycle.cpp","engine\src\sound\SoundManagerLifecycle.cpp","SoundManager::GetLastInitializeError","SoundManager::GetLastInitializeError() const",25,27
11,1,92,0,12,"SoundManager::Finalize@29-40@engine\src\sound\SoundManagerLifecycle.cpp","engine\src\sound\SoundManagerLifecycle.cpp","SoundManager::Finalize","SoundManager::Finalize()",29,40
20,9,102,0,22,"SoundManager::Initialize@42-63@engine\src\sound\SoundManagerLifecycle.cpp","engine\src\sound\SoundManagerLifecycle.cpp","SoundManager::Initialize","SoundManager::Initialize()",42,63
17,4,101,0,18,"SoundManager::InitializeComAndMediaFoundation@65-82@engine\src\sound\SoundManagerLifecycle.cpp","engine\src\sound\SoundManagerLifecycle.cpp","SoundManager::InitializeComAndMediaFoundation","SoundManager::InitializeComAndMediaFoundation()",65,82
12,3,69,0,12,"SoundManager::InitializeXAudioBackend@84-95@engine\src\sound\SoundManagerLifecycle.cpp","engine\src\sound\SoundManagerLifecycle.cpp","SoundManager::InitializeXAudioBackend","SoundManager::InitializeXAudioBackend()",84,95
15,4,73,0,16,"SoundManager::ShutdownAudioBackend@97-112@engine\src\sound\SoundManagerLifecycle.cpp","engine\src\sound\SoundManagerLifecycle.cpp","SoundManager::ShutdownAudioBackend","SoundManager::ShutdownAudioBackend()",97,112
6,2,48,1,6,"SoundManager::SetMasterVolume@114-119@engine\src\sound\SoundManagerLifecycle.cpp","engine\src\sound\SoundManagerLifecycle.cpp","SoundManager::SetMasterVolume","SoundManager::SetMasterVolume( float volume)",114,119
3,1,13,0,3,"SoundManager::GetMasterVolume@121-123@engine\src\sound\SoundManagerLifecycle.cpp","engine\src\sound\SoundManagerLifecycle.cpp","SoundManager::GetMasterVolume","SoundManager::GetMasterVolume() const",121,123
3,1,19,1,3,"SoundManager::Load@22-24@engine\src\sound\SoundManagerResources.cpp","engine\src\sound\SoundManagerResources.cpp","SoundManager::Load","SoundManager::Load( const std :: wstring & path)",22,24
52,10,288,2,57,"SoundManager::TryLoad@26-82@engine\src\sound\SoundManagerResources.cpp","engine\src\sound\SoundManagerResources.cpp","SoundManager::TryLoad","SoundManager::TryLoad( const std :: wstring & path , uint32_t & soundId)",26,82
18,4,117,1,20,"SoundManager::LoadOrCreateSilent@84-103@engine\src\sound\SoundManagerResources.cpp","engine\src\sound\SoundManagerResources.cpp","SoundManager::LoadOrCreateSilent","SoundManager::LoadOrCreateSilent( const std :: wstring & path)",84,103
54,13,466,4,58,"SoundManager::CreatePcm16Sound@105-162@engine\src\sound\SoundManagerResources.cpp","engine\src\sound\SoundManagerResources.cpp","SoundManager::CreatePcm16Sound","SoundManager::CreatePcm16Sound( const std :: wstring & cacheKey , const std :: vector<int16_t> & pcmSamples , uint32_t sampleRate , uint16_t channels)",105,162
10,3,77,1,10,"SoundManager::FindPcm16Sound@164-173@engine\src\sound\SoundManagerResources.cpp","engine\src\sound\SoundManagerResources.cpp","SoundManager::FindPcm16Sound","SoundManager::FindPcm16Sound( const std :: wstring & cacheKey) const",164,173
22,7,154,1,25,"SoundManager::RemoveSound@175-199@engine\src\sound\SoundManagerResources.cpp","engine\src\sound\SoundManagerResources.cpp","SoundManager::RemoveSound","SoundManager::RemoveSound( uint32_t soundId)",175,199
57,12,427,5,61,"SoundManager::CreateSilentSound@201-261@engine\src\sound\SoundManagerResources.cpp","engine\src\sound\SoundManagerResources.cpp","SoundManager::CreateSilentSound","SoundManager::CreateSilentSound( const std :: wstring & cacheKey , uint32_t sampleRate , uint16_t channels , uint16_t bitsPerSample , float durationSeconds)",201,261
11,3,90,1,11,"SoundManager::AppendSoundResource@263-273@engine\src\sound\SoundManagerResources.cpp","engine\src\sound\SoundManagerResources.cpp","SoundManager::AppendSoundResource","SoundManager::AppendSoundResource( SoundResource resource)",263,273
16,3,124,4,17,"SoundManager::Play3D@24-40@engine\src\sound\SoundManagerSpatial.cpp","engine\src\sound\SoundManagerSpatial.cpp","SoundManager::Play3D","SoundManager::Play3D( uint32_t soundId , const DirectX :: XMFLOAT3 & sourcePosition , float volume , bool loop)",24,40
13,3,114,3,14,"SoundManager::SetListener@42-55@engine\src\sound\SoundManagerSpatial.cpp","engine\src\sound\SoundManagerSpatial.cpp","SoundManager::SetListener","SoundManager::SetListener( const DirectX :: XMFLOAT3 & position , const DirectX :: XMFLOAT3 & forward , const DirectX :: XMFLOAT3 & up)",42,55
11,2,91,2,11,"SoundManager::SetVoicePosition@57-67@engine\src\sound\SoundManagerSpatial.cpp","engine\src\sound\SoundManagerSpatial.cpp","SoundManager::SetVoicePosition","SoundManager::SetVoicePosition( uint32_t voiceHandle , const DirectX :: XMFLOAT3 & sourcePosition)",57,67
13,4,138,3,13,"SoundManager::SetVoice3DRange@69-81@engine\src\sound\SoundManagerSpatial.cpp","engine\src\sound\SoundManagerSpatial.cpp","SoundManager::SetVoice3DRange","SoundManager::SetVoice3DRange( uint32_t voiceHandle , float minDistance , float maxDistance)",69,81
24,5,178,2,26,"SoundManager::ApplyVoiceLowPass@83-108@engine\src\sound\SoundManagerSpatial.cpp","engine\src\sound\SoundManagerSpatial.cpp","SoundManager::ApplyVoiceLowPass","SoundManager::ApplyVoiceLowPass( PlayingVoice & playingVoice , float cutoffHz)",83,108
9,3,83,2,9,"SoundManager::SetVoiceLowPassCutoff@110-118@engine\src\sound\SoundManagerSpatial.cpp","engine\src\sound\SoundManagerSpatial.cpp","SoundManager::SetVoiceLowPassCutoff","SoundManager::SetVoiceLowPassCutoff( uint32_t voiceHandle , float cutoffHz)",110,118
7,2,72,1,7,"SoundManager::GetVoiceLowPassCutoff@120-126@engine\src\sound\SoundManagerSpatial.cpp","engine\src\sound\SoundManagerSpatial.cpp","SoundManager::GetVoiceLowPassCutoff","SoundManager::GetVoiceLowPassCutoff( uint32_t voiceHandle) const",120,126
72,14,698,1,80,"SoundManager::Apply3D@128-207@engine\src\sound\SoundManagerSpatial.cpp","engine\src\sound\SoundManagerSpatial.cpp","SoundManager::Apply3D","SoundManager::Apply3D( PlayingVoice & playingVoice)",128,207
15,3,131,3,16,"SoundManager::PlayStream@24-39@engine\src\sound\SoundManagerStreaming.cpp","engine\src\sound\SoundManagerStreaming.cpp","SoundManager::PlayStream","SoundManager::PlayStream( const std :: wstring & path , float volume , bool loop)",24,39
84,18,557,3,94,"SoundManager::CreateStreamingVoice@41-134@engine\src\sound\SoundManagerStreaming.cpp","engine\src\sound\SoundManagerStreaming.cpp","SoundManager::CreateStreamingVoice","SoundManager::CreateStreamingVoice( const std :: wstring & path , float volume , bool loop)",41,134
23,10,146,1,27,"SoundManager::SubmitNextStreamBuffer@136-162@engine\src\sound\SoundManagerStreaming.cpp","engine\src\sound\SoundManagerStreaming.cpp","SoundManager::SubmitNextStreamBuffer","SoundManager::SubmitNextStreamBuffer( PlayingVoice & playingVoice)",136,162
24,7,171,3,25,"SoundManager::ReadNextStreamPcm@164-188@engine\src\sound\SoundManagerStreaming.cpp","engine\src\sound\SoundManagerStreaming.cpp","SoundManager::ReadNextStreamPcm","SoundManager::ReadNextStreamPcm( PlayingVoice & playingVoice , bool & reachedEnd , std :: vector<BYTE> & pcm)",164,188
29,5,214,3,31,"SoundManager::AppendStreamBuffer@190-220@engine\src\sound\SoundManagerStreaming.cpp","engine\src\sound\SoundManagerStreaming.cpp","SoundManager::AppendStreamBuffer","SoundManager::AppendStreamBuffer( PlayingVoice & playingVoice , std :: vector<BYTE> && pcm , bool endAfterBuffer)",190,220
10,4,60,1,11,"SoundManager::ReleaseFinishedStreamBuffers@222-232@engine\src\sound\SoundManagerStreaming.cpp","engine\src\sound\SoundManagerStreaming.cpp","SoundManager::ReleaseFinishedStreamBuffers","SoundManager::ReleaseFinishedStreamBuffers( PlayingVoice & playingVoice)",222,232
4,1,14,0,4,"FallbackSprite@19-22@engine\src\sprite\SpriteManager.cpp","engine\src\sprite\SpriteManager.cpp","FallbackSprite","FallbackSprite()",19,22
11,4,91,2,11,"SpriteSortCacheMatches@24-34@engine\src\sprite\SpriteManager.cpp","engine\src\sprite\SpriteManager.cpp","SpriteSortCacheMatches","SpriteSortCacheMatches( const std :: vector<Sprite> & sprites , const std :: vector<float> & zOrders)",24,34
15,4,92,5,16,"SpriteManager::Initialize@37-52@engine\src\sprite\SpriteManager.cpp","engine\src\sprite\SpriteManager.cpp","SpriteManager::Initialize","SpriteManager::Initialize( DirectXCommon * dxCommon , TextureManager * textureManager , SrvManager * srvManager , int width , int height)",37,52
9,1,43,0,9,"SpriteManager::Finalize@54-62@engine\src\sprite\SpriteManager.cpp","engine\src\sprite\SpriteManager.cpp","SpriteManager::Finalize","SpriteManager::Finalize()",54,62
6,2,31,1,6,"SpriteManager::Draw@64-69@engine\src\sprite\SpriteManager.cpp","engine\src\sprite\SpriteManager.cpp","SpriteManager::Draw","SpriteManager::Draw( uint32_t id)",64,69
35,10,264,1,36,"SpriteManager::DrawAllSorted@71-106@engine\src\sprite\SpriteManager.cpp","engine\src\sprite\SpriteManager.cpp","SpriteManager::DrawAllSorted","SpriteManager::DrawAllSorted( bool backToFront)",71,106
3,1,18,1,3,"SpriteManager::DrawSprite@108-110@engine\src\sprite\SpriteManager.cpp","engine\src\sprite\SpriteManager.cpp","SpriteManager::DrawSprite","SpriteManager::DrawSprite( const Sprite & sprite)",108,110
31,7,247,1,35,"SpriteManager::Create@112-146@engine\src\sprite\SpriteManager.cpp","engine\src\sprite\SpriteManager.cpp","SpriteManager::Create","SpriteManager::Create( const std :: wstring & filePath)",112,146
3,1,13,0,3,"SpriteManager::BeginFrame@148-150@engine\src\sprite\SpriteManager.cpp","engine\src\sprite\SpriteManager.cpp","SpriteManager::BeginFrame","SpriteManager::BeginFrame()",148,150
3,1,16,1,3,"SpriteManager::PreDraw@152-154@engine\src\sprite\SpriteManager.cpp","engine\src\sprite\SpriteManager.cpp","SpriteManager::PreDraw","SpriteManager::PreDraw( bool backBufferTarget)",152,154
3,1,13,0,3,"SpriteManager::PostDraw@156-158@engine\src\sprite\SpriteManager.cpp","engine\src\sprite\SpriteManager.cpp","SpriteManager::PostDraw","SpriteManager::PostDraw()",156,158
3,1,21,2,3,"SpriteManager::Resize@160-162@engine\src\sprite\SpriteManager.cpp","engine\src\sprite\SpriteManager.cpp","SpriteManager::Resize","SpriteManager::Resize( int width , int height)",160,162
3,1,19,1,3,"SpriteManager::IsValidSpriteId@164-166@engine\src\sprite\SpriteManager.cpp","engine\src\sprite\SpriteManager.cpp","SpriteManager::IsValidSpriteId","SpriteManager::IsValidSpriteId( uint32_t id) const",164,166
6,2,30,1,6,"SpriteManager::GetSprite@168-173@engine\src\sprite\SpriteManager.cpp","engine\src\sprite\SpriteManager.cpp","SpriteManager::GetSprite","SpriteManager::GetSprite( uint32_t id)",168,173
6,2,31,1,6,"SpriteManager::GetSprite@175-180@engine\src\sprite\SpriteManager.cpp","engine\src\sprite\SpriteManager.cpp","SpriteManager::GetSprite","SpriteManager::GetSprite( uint32_t id) const",175,180
3,1,15,1,3,"IsFinite@26-28@engine\src\sprite\SpriteRenderer.cpp","engine\src\sprite\SpriteRenderer.cpp","IsFinite","IsFinite( float value)",26,28
16,2,121,1,17,"ResolveSpriteDrawPlanKind@36-52@engine\src\sprite\SpriteRenderer.cpp","engine\src\sprite\SpriteRenderer.cpp","ResolveSpriteDrawPlanKind","ResolveSpriteDrawPlanKind( SpriteBlendMode blendMode)",36,52
3,1,39,2,3,"SanitizeFloat2@54-56@engine\src\sprite\SpriteRenderer.cpp","engine\src\sprite\SpriteRenderer.cpp","SanitizeFloat2","SanitizeFloat2( const XMFLOAT2 & value , const XMFLOAT2 & fallback)",54,56
8,1,94,1,8,"SanitizeColor@58-65@engine\src\sprite\SpriteRenderer.cpp","engine\src\sprite\SpriteRenderer.cpp","SanitizeColor","SanitizeColor( const XMFLOAT4 & value)",58,65
11,5,64,2,11,"ResolveSpriteTextureId@67-77@engine\src\sprite\SpriteRenderer.cpp","engine\src\sprite\SpriteRenderer.cpp","ResolveSpriteTextureId","ResolveSpriteTextureId( const TextureManager * textureManager , uint32_t textureId)",67,77
59,15,615,1,64,"SpriteRenderer::Draw@81-144@engine\src\sprite\SpriteRenderer.cpp","engine\src\sprite\SpriteRenderer.cpp","SpriteRenderer::Draw","SpriteRenderer::Draw( const Sprite & sprite)",81,144
12,2,73,0,12,"SpriteRenderer::BeginFrame@146-157@engine\src\sprite\SpriteRenderer.cpp","engine\src\sprite\SpriteRenderer.cpp","SpriteRenderer::BeginFrame","SpriteRenderer::BeginFrame()",146,157
43,9,300,1,47,"SpriteRenderer::PreDraw@159-205@engine\src\sprite\SpriteRenderer.cpp","engine\src\sprite\SpriteRenderer.cpp","SpriteRenderer::PreDraw","SpriteRenderer::PreDraw( bool backBufferTarget)",159,205
3,1,11,0,3,"SpriteRenderer::PostDraw@207-209@engine\src\sprite\SpriteRenderer.cpp","engine\src\sprite\SpriteRenderer.cpp","SpriteRenderer::PostDraw","SpriteRenderer::PostDraw()",207,209
79,18,570,0,84,"SpriteRenderer::FlushQueuedDraws@211-294@engine\src\sprite\SpriteRenderer.cpp","engine\src\sprite\SpriteRenderer.cpp","SpriteRenderer::FlushQueuedDraws","SpriteRenderer::FlushQueuedDraws()",211,294
1,1,19,0,1,"SpriteRenderer::SpriteRenderer@10-10@engine\src\sprite\SpriteRendererLifecycle.cpp","engine\src\sprite\SpriteRendererLifecycle.cpp","SpriteRenderer::SpriteRenderer","SpriteRenderer::SpriteRenderer()",10,10
3,1,12,0,3,"SpriteRenderer::~SpriteRenderer@12-14@engine\src\sprite\SpriteRendererLifecycle.cpp","engine\src\sprite\SpriteRendererLifecycle.cpp","SpriteRenderer::~SpriteRenderer","SpriteRenderer::~SpriteRenderer()",12,14
3,1,17,0,3,"SpriteRenderer::GetUploadBytesPerFrame@16-18@engine\src\sprite\SpriteRendererLifecycle.cpp","engine\src\sprite\SpriteRendererLifecycle.cpp","SpriteRenderer::GetUploadBytesPerFrame","SpriteRenderer::GetUploadBytesPerFrame() const",16,18
3,1,17,0,3,"SpriteRenderer::GetUploadTotalBytes@20-22@engine\src\sprite\SpriteRendererLifecycle.cpp","engine\src\sprite\SpriteRendererLifecycle.cpp","SpriteRenderer::GetUploadTotalBytes","SpriteRenderer::GetUploadTotalBytes() const",20,22
3,1,17,0,3,"SpriteRenderer::GetUploadFrameOffset@24-26@engine\src\sprite\SpriteRendererLifecycle.cpp","engine\src\sprite\SpriteRendererLifecycle.cpp","SpriteRenderer::GetUploadFrameOffset","SpriteRenderer::GetUploadFrameOffset() const",24,26
21,9,120,5,23,"SpriteRenderer::Initialize@28-50@engine\src\sprite\SpriteRendererLifecycle.cpp","engine\src\sprite\SpriteRendererLifecycle.cpp","SpriteRenderer::Initialize","SpriteRenderer::Initialize( DirectXCommon * dxCommon , TextureManager * textureManager , SrvManager * srvManager , int width , int height)",28,50
3,1,13,0,3,"SpriteRenderer::Finalize@52-54@engine\src\sprite\SpriteRendererLifecycle.cpp","engine\src\sprite\SpriteRendererLifecycle.cpp","SpriteRenderer::Finalize","SpriteRenderer::Finalize()",52,54
10,4,49,1,10,"SpriteRenderer::Finalize@56-65@engine\src\sprite\SpriteRendererLifecycle.cpp","engine\src\sprite\SpriteRendererLifecycle.cpp","SpriteRenderer::Finalize","SpriteRenderer::Finalize( bool allowFrameAbort)",56,65
6,3,40,0,6,"SpriteRenderer::CreateUploadBuffer@67-72@engine\src\sprite\SpriteRendererLifecycle.cpp","engine\src\sprite\SpriteRendererLifecycle.cpp","SpriteRenderer::CreateUploadBuffer","SpriteRenderer::CreateUploadBuffer()",67,72
18,3,108,0,18,"SpriteRenderer::ResetResources@74-91@engine\src\sprite\SpriteRendererLifecycle.cpp","engine\src\sprite\SpriteRendererLifecycle.cpp","SpriteRenderer::ResetResources","SpriteRenderer::ResetResources()",74,91
7,1,85,2,8,"SpriteRenderer::UpdateProjection@93-100@engine\src\sprite\SpriteRendererLifecycle.cpp","engine\src\sprite\SpriteRendererLifecycle.cpp","SpriteRenderer::UpdateProjection","SpriteRenderer::UpdateProjection( int width , int height)",93,100
5,6,39,0,5,"SpriteRenderer::IsReady@102-106@engine\src\sprite\SpriteRendererLifecycle.cpp","engine\src\sprite\SpriteRendererLifecycle.cpp","SpriteRenderer::IsReady","SpriteRenderer::IsReady() const",102,106
19,3,141,0,23,"SpriteRenderer::CreateRootSignature@15-37@engine\src\sprite\SpriteRendererPipeline.cpp","engine\src\sprite\SpriteRendererPipeline.cpp","SpriteRenderer::CreateRootSignature","SpriteRenderer::CreateRootSignature()",15,37
8,1,77,0,8,"SpriteRenderer::HasAllPipelineStates@39-46@engine\src\sprite\SpriteRendererPipeline.cpp","engine\src\sprite\SpriteRendererPipeline.cpp","SpriteRenderer::HasAllPipelineStates","SpriteRenderer::HasAllPipelineStates() const",39,46
95,14,739,0,103,"SpriteRenderer::CreatePipelineState@48-150@engine\src\sprite\SpriteRendererPipeline.cpp","engine\src\sprite\SpriteRendererPipeline.cpp","SpriteRenderer::CreatePipelineState","SpriteRenderer::CreatePipelineState()",48,150
31,8,176,2,32,"TextureAsyncWorkerPool::Start@54-85@engine\src\texture\internal\TextureManagerAsyncState.h","engine\src\texture\internal\TextureManagerAsyncState.h","TextureAsyncWorkerPool::Start","TextureAsyncWorkerPool::Start( size_t workerCount , WorkHandler workHandler)",54,85
3,1,14,0,3,"TextureAsyncWorkerPool::IsRunning@87-89@engine\src\texture\internal\TextureManagerAsyncState.h","engine\src\texture\internal\TextureManagerAsyncState.h","TextureAsyncWorkerPool::IsRunning","TextureAsyncWorkerPool::IsRunning() const",87,89
12,2,55,1,12,"TextureAsyncWorkerPool::Enqueue@91-102@engine\src\texture\internal\TextureManagerAsyncState.h","engine\src\texture\internal\TextureManagerAsyncState.h","TextureAsyncWorkerPool::Enqueue","TextureAsyncWorkerPool::Enqueue( TextureManagerAsyncWorkItem item)",91,102
9,1,38,0,9,"TextureAsyncWorkerPool::Stop@104-112@engine\src\texture\internal\TextureManagerAsyncState.h","engine\src\texture\internal\TextureManagerAsyncState.h","TextureAsyncWorkerPool::Stop","TextureAsyncWorkerPool::Stop()",104,112
4,1,24,0,4,"TextureAsyncWorkerPool::ClearPending@114-117@engine\src\texture\internal\TextureManagerAsyncState.h","engine\src\texture\internal\TextureManagerAsyncState.h","TextureAsyncWorkerPool::ClearPending","TextureAsyncWorkerPool::ClearPending()",114,117
8,3,39,0,8,"TextureAsyncWorkerPool::JoinWorkers@120-127@engine\src\texture\internal\TextureManagerAsyncState.h","engine\src\texture\internal\TextureManagerAsyncState.h","TextureAsyncWorkerPool::JoinWorkers","TextureAsyncWorkerPool::JoinWorkers()",120,127
7,1,31,0,7,"TextureManagerAsyncState::Reset@142-148@engine\src\texture\internal\TextureManagerAsyncState.h","engine\src\texture\internal\TextureManagerAsyncState.h","TextureManagerAsyncState::Reset","TextureManagerAsyncState::Reset()",142,148
3,1,11,0,3,"TextureManagerAsyncState::StopWorkers@150-152@engine\src\texture\internal\TextureManagerAsyncState.h","engine\src\texture\internal\TextureManagerAsyncState.h","TextureManagerAsyncState::StopWorkers","TextureManagerAsyncState::StopWorkers()",150,152
28,11,277,2,32,"CopyRgbaImage@19-50@engine\src\texture\CpuTextureLoader.cpp","engine\src\texture\CpuTextureLoader.cpp","CopyRgbaImage","CopyRgbaImage( const DirectX :: Image & source , CpuTextureRgbaImage & destination)",19,50
8,2,46,1,8,"ExistsNoThrow@52-59@engine\src\texture\CpuTextureLoader.cpp","engine\src\texture\CpuTextureLoader.cpp","ExistsNoThrow","ExistsNoThrow( const std :: filesystem :: path & path)",52,59
37,13,255,2,42,"CpuTextureLoader::LoadRgba8FromFile@65-106@engine\src\texture\CpuTextureLoader.cpp","engine\src\texture\CpuTextureLoader.cpp","CpuTextureLoader::LoadRgba8FromFile","CpuTextureLoader::LoadRgba8FromFile( const std :: wstring & filePath , CpuTextureRgbaImage & image)",65,106
1,1,13,1,1,"TextureManagerInitializationGuard::TextureManagerInitializationGuard@22-22@engine\src\texture\TextureManager.cpp","engine\src\texture\TextureManager.cpp","TextureManagerInitializationGuard::TextureManagerInitializationGuard","TextureManagerInitializationGuard::TextureManagerInitializationGuard( TextureManager & manager)",22,22
5,2,17,0,5,"TextureManagerInitializationGuard::~TextureManagerInitializationGuard@23-27@engine\src\texture\TextureManager.cpp","engine\src\texture\TextureManager.cpp","TextureManagerInitializationGuard::~TextureManagerInitializationGuard","TextureManagerInitializationGuard::~TextureManagerInitializationGuard()",23,27
3,1,9,0,3,"TextureManagerInitializationGuard::Commit@32-34@engine\src\texture\TextureManager.cpp","engine\src\texture\TextureManager.cpp","TextureManagerInitializationGuard::Commit","TextureManagerInitializationGuard::Commit()",32,34
7,3,42,1,7,"BufferByteWidth@44-50@engine\src\texture\TextureManager.cpp","engine\src\texture\TextureManager.cpp","BufferByteWidth","BufferByteWidth( ID3D12Resource * resource)",44,50
15,2,115,1,16,"DecodeColorSpacePolicy@52-67@engine\src\texture\TextureManager.cpp","engine\src\texture\TextureManager.cpp","DecodeColorSpacePolicy","DecodeColorSpacePolicy( int policy)",52,67
19,3,138,2,20,"MakeTextureCacheKey@69-88@engine\src\texture\TextureManager.cpp","engine\src\texture\TextureManager.cpp","MakeTextureCacheKey","MakeTextureCacheKey( const std :: wstring & pathKey , int colorSpacePolicy)",69,88
1,1,19,0,1,"TextureManager::TextureManager@92-92@engine\src\texture\TextureManager.cpp","engine\src\texture\TextureManager.cpp","TextureManager::TextureManager","TextureManager::TextureManager()",92,92
3,1,12,0,3,"TextureManager::~TextureManager@94-96@engine\src\texture\TextureManager.cpp","engine\src\texture\TextureManager.cpp","TextureManager::~TextureManager","TextureManager::~TextureManager()",94,96
3,1,13,0,3,"TextureManager::GetWhiteTextureId@98-100@engine\src\texture\TextureManager.cpp","engine\src\texture\TextureManager.cpp","TextureManager::GetWhiteTextureId","TextureManager::GetWhiteTextureId() const",98,100
3,1,13,0,3,"TextureManager::GetWhiteCubeTextureId@102-104@engine\src\texture\TextureManager.cpp","engine\src\texture\TextureManager.cpp","TextureManager::GetWhiteCubeTextureId","TextureManager::GetWhiteCubeTextureId() const",102,104
3,1,13,0,3,"TextureManager::GetBlackCubeTextureId@106-108@engine\src\texture\TextureManager.cpp","engine\src\texture\TextureManager.cpp","TextureManager::GetBlackCubeTextureId","TextureManager::GetBlackCubeTextureId() const",106,108
3,1,13,0,3,"TextureManager::GetDefaultNormalTextureId@110-112@engine\src\texture\TextureManager.cpp","engine\src\texture\TextureManager.cpp","TextureManager::GetDefaultNormalTextureId","TextureManager::GetDefaultNormalTextureId() const",110,112
19,6,84,2,21,"TextureManager::Initialize@114-134@engine\src\texture\TextureManager.cpp","engine\src\texture\TextureManager.cpp","TextureManager::Initialize","TextureManager::Initialize( DirectXCommon * dxCommon , SrvManager * srvManager)",114,134
14,2,85,0,14,"TextureManager::ResetStateForInitialize@136-149@engine\src\texture\TextureManager.cpp","engine\src\texture\TextureManager.cpp","TextureManager::ResetStateForInitialize","TextureManager::ResetStateForInitialize()",136,149
35,1,292,0,40,"TextureManager::CreateDefaultTextures@151-190@engine\src\texture\TextureManager.cpp","engine\src\texture\TextureManager.cpp","TextureManager::CreateDefaultTextures","TextureManager::CreateDefaultTextures()",151,190
18,10,132,3,18,"TextureManager::HasExpectedDefaultTexture@192-209@engine\src\texture\TextureManager.cpp","engine\src\texture\TextureManager.cpp","TextureManager::HasExpectedDefaultTexture","TextureManager::HasExpectedDefaultTexture( uint32_t textureId , UINT16 arraySize , bool isCube) const",192,209
10,8,85,0,10,"TextureManager::HasValidDefaultTextures@211-220@engine\src\texture\TextureManager.cpp","engine\src\texture\TextureManager.cpp","TextureManager::HasValidDefaultTextures","TextureManager::HasValidDefaultTextures() const",211,220
3,2,22,0,3,"TextureManager::GetWhiteFallbackTextureId@222-224@engine\src\texture\TextureManager.cpp","engine\src\texture\TextureManager.cpp","TextureManager::GetWhiteFallbackTextureId","TextureManager::GetWhiteFallbackTextureId() const",222,224
25,10,162,2,27,"TextureManager::ReleaseTexture@226-252@engine\src\texture\TextureManager.cpp","engine\src\texture\TextureManager.cpp","TextureManager::ReleaseTexture","TextureManager::ReleaseTexture( uint32_t textureId , bool allowFrameAbort)",226,252
3,1,13,0,3,"TextureManager::Finalize@254-256@engine\src\texture\TextureManager.cpp","engine\src\texture\TextureManager.cpp","TextureManager::Finalize","TextureManager::Finalize()",254,256
32,7,220,1,35,"TextureManager::Finalize@258-292@engine\src\texture\TextureManager.cpp","engine\src\texture\TextureManager.cpp","TextureManager::Finalize","TextureManager::Finalize( bool allowFrameAbort)",258,292
3,1,21,1,3,"TextureManager::Load@294-296@engine\src\texture\TextureManager.cpp","engine\src\texture\TextureManager.cpp","TextureManager::Load","TextureManager::Load( const std :: wstring & filePath)",294,296
3,1,21,1,3,"TextureManager::LoadSrgb@298-300@engine\src\texture\TextureManager.cpp","engine\src\texture\TextureManager.cpp","TextureManager::LoadSrgb","TextureManager::LoadSrgb( const std :: wstring & filePath)",298,300
3,1,21,1,3,"TextureManager::LoadLinear@302-304@engine\src\texture\TextureManager.cpp","engine\src\texture\TextureManager.cpp","TextureManager::LoadLinear","TextureManager::LoadLinear( const std :: wstring & filePath)",302,304
47,13,307,2,53,"TextureManager::LoadWithColorSpace@306-358@engine\src\texture\TextureManager.cpp","engine\src\texture\TextureManager.cpp","TextureManager::LoadWithColorSpace","TextureManager::LoadWithColorSpace( const std :: wstring & filePath , int colorSpacePolicy)",306,358
11,2,103,1,11,"TextureManager::LoadBatch@360-370@engine\src\texture\TextureManager.cpp","engine\src\texture\TextureManager.cpp","TextureManager::LoadBatch","TextureManager::LoadBatch( const std :: vector<std::wstring> & filePaths)",360,370
3,1,24,2,3,"TextureManager::LoadFromMemory@372-374@engine\src\texture\TextureManager.cpp","engine\src\texture\TextureManager.cpp","TextureManager::LoadFromMemory","TextureManager::LoadFromMemory( const uint8_t * data , size_t size)",372,374
3,1,24,2,3,"TextureManager::LoadFromMemorySrgb@376-378@engine\src\texture\TextureManager.cpp","engine\src\texture\TextureManager.cpp","TextureManager::LoadFromMemorySrgb","TextureManager::LoadFromMemorySrgb( const uint8_t * data , size_t size)",376,378
3,1,24,2,3,"TextureManager::LoadFromMemoryLinear@380-382@engine\src\texture\TextureManager.cpp","engine\src\texture\TextureManager.cpp","TextureManager::LoadFromMemoryLinear","TextureManager::LoadFromMemoryLinear( const uint8_t * data , size_t size)",380,382
14,4,92,3,18,"TextureManager::LoadFromMemoryWithColorSpace@384-401@engine\src\texture\TextureManager.cpp","engine\src\texture\TextureManager.cpp","TextureManager::LoadFromMemoryWithColorSpace","TextureManager::LoadFromMemoryWithColorSpace( const uint8_t * data , size_t size , int colorSpacePolicy)",384,401
11,7,106,1,11,"TextureManager::GetGpuHandle@404-414@engine\src\texture\TextureManager.cpp","engine\src\texture\TextureManager.cpp","TextureManager::GetGpuHandle","TextureManager::GetGpuHandle( uint32_t textureId) const",404,414
4,2,34,1,4,"TextureManager::IsValidTextureId@416-419@engine\src\texture\TextureManager.cpp","engine\src\texture\TextureManager.cpp","TextureManager::IsValidTextureId","TextureManager::IsValidTextureId( uint32_t textureId) const",416,419
3,2,27,1,3,"TextureManager::IsCubeTextureId@421-423@engine\src\texture\TextureManager.cpp","engine\src\texture\TextureManager.cpp","TextureManager::IsCubeTextureId","TextureManager::IsCubeTextureId( uint32_t textureId) const",421,423
6,2,39,1,6,"TextureManager::GetResource@425-430@engine\src\texture\TextureManager.cpp","engine\src\texture\TextureManager.cpp","TextureManager::GetResource","TextureManager::GetResource( uint32_t textureId) const",425,430
6,2,35,1,6,"TextureManager::GetWidth@432-437@engine\src\texture\TextureManager.cpp","engine\src\texture\TextureManager.cpp","TextureManager::GetWidth","TextureManager::GetWidth( uint32_t id) const",432,437
6,2,35,1,6,"TextureManager::GetHeight@439-444@engine\src\texture\TextureManager.cpp","engine\src\texture\TextureManager.cpp","TextureManager::GetHeight","TextureManager::GetHeight( uint32_t id) const",439,444
5,1,56,0,5,"TextureManager::GetTextureCount@446-450@engine\src\texture\TextureManager.cpp","engine\src\texture\TextureManager.cpp","TextureManager::GetTextureCount","TextureManager::GetTextureCount() const",446,450
16,4,129,0,17,"TextureManager::GetTextureGpuBytes@452-468@engine\src\texture\TextureManager.cpp","engine\src\texture\TextureManager.cpp","TextureManager::GetTextureGpuBytes","TextureManager::GetTextureGpuBytes() const",452,468
13,1,148,0,13,"TextureManager::GetUploadBytes@470-482@engine\src\texture\TextureManager.cpp","engine\src\texture\TextureManager.cpp","TextureManager::GetUploadBytes","TextureManager::GetUploadBytes() const",470,482
3,2,20,1,3,"IsActiveAsyncRequest@23-25@engine\src\texture\TextureManagerAsync.cpp","engine\src\texture\TextureManagerAsync.cpp","IsActiveAsyncRequest","IsActiveAsyncRequest( const TextureManagerAsyncRequest & request)",23,25
4,1,40,1,4,"CountActiveAsyncRequests@27-30@engine\src\texture\TextureManagerAsync.cpp","engine\src\texture\TextureManagerAsync.cpp","CountActiveAsyncRequests","CountActiveAsyncRequests( const std :: vector<TextureManagerAsyncRequest> & requests)",27,30
24,5,149,3,27,"TextureManager::RecordAsyncTerminalState@34-60@engine\src\texture\TextureManagerAsync.cpp","engine\src\texture\TextureManagerAsync.cpp","TextureManager::RecordAsyncTerminalState","TextureManager::RecordAsyncTerminalState( uint32_t requestId , std :: optional<uint32_t> textureId , bool failed)",34,60
12,2,82,1,12,"TextureManager::FindAsyncTerminalState@62-73@engine\src\texture\TextureManagerAsync.cpp","engine\src\texture\TextureManagerAsync.cpp","TextureManager::FindAsyncTerminalState","TextureManager::FindAsyncTerminalState( uint32_t requestId) const",62,73
24,6,140,1,29,"TextureManager::RequestAsyncLoad@75-103@engine\src\texture\TextureManagerAsync.cpp","engine\src\texture\TextureManagerAsync.cpp","TextureManager::RequestAsyncLoad","TextureManager::RequestAsyncLoad( const std :: wstring & filePath)",75,103
4,4,32,0,4,"TextureManager::CanRequestAsyncLoad@105-108@engine\src\texture\TextureManagerAsync.cpp","engine\src\texture\TextureManagerAsync.cpp","TextureManager::CanRequestAsyncLoad","TextureManager::CanRequestAsyncLoad() const",105,108
11,2,60,3,11,"TextureManager::TryResolveAsyncLoadPath@110-120@engine\src\texture\TextureManagerAsync.cpp","engine\src\texture\TextureManagerAsync.cpp","TextureManager::TryResolveAsyncLoadPath","TextureManager::TryResolveAsyncLoadPath( const std :: wstring & filePath , std :: filesystem :: path & resolvedPath , std :: wstring & pathKey)",110,120
20,6,161,1,21,"TextureManager::FindReusableAsyncRequestOrTexture@122-142@engine\src\texture\TextureManagerAsync.cpp","engine\src\texture\TextureManagerAsync.cpp","TextureManager::FindReusableAsyncRequestOrTexture","TextureManager::FindReusableAsyncRequestOrTexture( const std :: wstring & pathKey)",122,142
27,7,143,3,29,"TextureManager::InitializeAsyncLoadRequest@144-172@engine\src\texture\TextureManagerAsync.cpp","engine\src\texture\TextureManagerAsync.cpp","TextureManager::InitializeAsyncLoadRequest","TextureManager::InitializeAsyncLoadRequest( const std :: filesystem :: path & resolvedPath , const std :: wstring & pathKey , TextureManagerAsyncRequest & request)",144,172
12,3,84,1,13,"TextureManager::StoreAsyncLoadRequest@174-186@engine\src\texture\TextureManagerAsync.cpp","engine\src\texture\TextureManagerAsync.cpp","TextureManager::StoreAsyncLoadRequest","TextureManager::StoreAsyncLoadRequest( TextureManagerAsyncRequest && request)",174,186
17,4,91,1,17,"TextureManager::RequestAsyncLoadBatch@188-204@engine\src\texture\TextureManagerAsync.cpp","engine\src\texture\TextureManagerAsync.cpp","TextureManager::RequestAsyncLoadBatch","TextureManager::RequestAsyncLoadBatch( const std :: vector<std::wstring> & filePaths)",188,204
18,3,107,1,18,"TextureManager::EnqueueCompletedAsyncRequest@206-223@engine\src\texture\TextureManagerAsync.cpp","engine\src\texture\TextureManagerAsync.cpp","TextureManager::EnqueueCompletedAsyncRequest","TextureManager::EnqueueCompletedAsyncRequest( uint32_t textureId)",206,223
12,3,71,3,12,"TextureManager::RestoreAsyncTextureCache@225-236@engine\src\texture\TextureManagerAsync.cpp","engine\src\texture\TextureManagerAsync.cpp","TextureManager::RestoreAsyncTextureCache","TextureManager::RestoreAsyncTextureCache( const std :: wstring & pathKey , bool hadPreviousCache , uint32_t previousTextureId)",225,236
69,14,495,2,75,"TextureManager::TryCompleteAsyncTextureUpload@238-312@engine\src\texture\TextureManagerAsync.cpp","engine\src\texture\TextureManagerAsync.cpp","TextureManager::TryCompleteAsyncTextureUpload","TextureManager::TryCompleteAsyncTextureUpload( TextureManagerAsyncRequest & request , TextureManagerDecodedTexture & decoded)",238,312
36,10,241,0,42,"TextureManager::UpdateAsyncLoads@314-355@engine\src\texture\TextureManagerAsync.cpp","engine\src\texture\TextureManagerAsync.cpp","TextureManager::UpdateAsyncLoads","TextureManager::UpdateAsyncLoads()",314,355
13,4,113,1,13,"TextureManager::IsAsyncLoadComplete@357-369@engine\src\texture\TextureManagerAsync.cpp","engine\src\texture\TextureManagerAsync.cpp","TextureManager::IsAsyncLoadComplete","TextureManager::IsAsyncLoadComplete( uint32_t requestId) const",357,369
13,4,108,1,13,"TextureManager::GetAsyncTextureId@371-383@engine\src\texture\TextureManagerAsync.cpp","engine\src\texture\TextureManagerAsync.cpp","TextureManager::GetAsyncTextureId","TextureManager::GetAsyncTextureId( uint32_t requestId) const",371,383
13,3,104,1,13,"TextureManager::HasAsyncLoadFailed@385-397@engine\src\texture\TextureManagerAsync.cpp","engine\src\texture\TextureManagerAsync.cpp","TextureManager::HasAsyncLoadFailed","TextureManager::HasAsyncLoadFailed( uint32_t requestId) const",385,397
21,5,158,0,22,"TextureManager::PruneCompletedAsyncRequests@399-420@engine\src\texture\TextureManagerAsync.cpp","engine\src\texture\TextureManagerAsync.cpp","TextureManager::PruneCompletedAsyncRequests","TextureManager::PruneCompletedAsyncRequests()",399,420
24,7,160,0,25,"TextureManager::EnsureAsyncWorkers@422-446@engine\src\texture\TextureManagerAsync.cpp","engine\src\texture\TextureManagerAsync.cpp","TextureManager::EnsureAsyncWorkers","TextureManager::EnsureAsyncWorkers()",422,446
40,11,285,0,42,"TextureManager::StartQueuedAsyncLoads@448-489@engine\src\texture\TextureManagerAsync.cpp","engine\src\texture\TextureManagerAsync.cpp","TextureManager::StartQueuedAsyncLoads","TextureManager::StartQueuedAsyncLoads()",448,489
3,1,15,0,3,"TextureManager::StopAsyncWorkers@491-493@engine\src\texture\TextureManagerAsync.cpp","engine\src\texture\TextureManagerAsync.cpp","TextureManager::StopAsyncWorkers","TextureManager::StopAsyncWorkers()",491,493
6,1,41,0,6,"TextureManager::StopAsyncLoads@495-500@engine\src\texture\TextureManagerAsync.cpp","engine\src\texture\TextureManagerAsync.cpp","TextureManager::StopAsyncLoads","TextureManager::StopAsyncLoads()",495,500
20,5,150,0,21,"TextureManager::AllocateAsyncRequestId@502-522@engine\src\texture\TextureManagerAsync.cpp","engine\src\texture\TextureManagerAsync.cpp","TextureManager::AllocateAsyncRequestId","TextureManager::AllocateAsyncRequestId()",502,522
23,14,177,3,23,"IsTextureCreationRequestValid@27-49@engine\src\texture\TextureManagerCreation.cpp","engine\src\texture\TextureManagerCreation.cpp","IsTextureCreationRequestValid","IsTextureCreationRequestValid( const Image * images , size_t imageCount , const TexMetadata & metadata)",27,49
9,7,142,2,9,"CanRepresentTextureMetadataForD3D12@51-59@engine\src\texture\TextureManagerCreation.cpp","engine\src\texture\TextureManagerCreation.cpp","CanRepresentTextureMetadataForD3D12","CanRepresentTextureMetadataForD3D12( const TexMetadata & metadata , size_t imageCount)",51,59
15,7,123,2,15,"AreTextureImagesUploadable@61-75@engine\src\texture\TextureManagerCreation.cpp","engine\src\texture\TextureManagerCreation.cpp","AreTextureImagesUploadable","AreTextureImagesUploadable( const Image * images , size_t imageCount)",61,75
14,3,113,3,14,"TryBuildTextureSubresources@77-90@engine\src\texture\TextureManagerCreation.cpp","engine\src\texture\TextureManagerCreation.cpp","TryBuildTextureSubresources","TryBuildTextureSubresources( const Image * images , size_t imageCount , std :: vector<D3D12_SUBRESOURCE_DATA> & subresources)",77,90
29,4,219,2,30,"BuildTextureSrvDesc@92-121@engine\src\texture\TextureManagerCreation.cpp","engine\src\texture\TextureManagerCreation.cpp","BuildTextureSrvDesc","BuildTextureSrvDesc( const TexMetadata & metadata , bool isCubeTexture)",92,121
9,1,74,2,9,"BuildTextureMetadata@123-131@engine\src\texture\TextureManagerCreation.cpp","engine\src\texture\TextureManagerCreation.cpp","BuildTextureMetadata","BuildTextureMetadata( const TexMetadata & metadata , bool isCubeTexture)",123,131
9,1,101,3,10,"CreateTextureResource@133-142@engine\src\texture\TextureManagerCreation.cpp","engine\src\texture\TextureManagerCreation.cpp","CreateTextureResource","CreateTextureResource( ID3D12Device * device , const TexMetadata & metadata , Texture & texture)",133,142
8,1,58,3,8,"CreateTextureUploadBuffer@144-151@engine\src\texture\TextureManagerCreation.cpp","engine\src\texture\TextureManagerCreation.cpp","CreateTextureUploadBuffer","CreateTextureUploadBuffer( ID3D12Device * device , UINT64 uploadSize , ComPtr<ID3D12Resource> & uploadBuffer)",144,151
15,2,110,4,16,"CopyTextureSubresources@153-168@engine\src\texture\TextureManagerCreation.cpp","engine\src\texture\TextureManagerCreation.cpp","CopyTextureSubresources","CopyTextureSubresources( ID3D12GraphicsCommandList * cmdList , Texture & storedTexture , ID3D12Resource * uploadBuffer , std :: vector<D3D12_SUBRESOURCE_DATA> & subresources)",153,168
11,3,73,0,11,"TextureManager::ReserveTextureStorage@187-197@engine\src\texture\TextureManagerCreation.cpp","engine\src\texture\TextureManagerCreation.cpp","TextureManager::ReserveTextureStorage","TextureManager::ReserveTextureStorage()",187,197
22,5,125,2,24,"TextureManager::StoreTextureUploadBuffer@199-222@engine\src\texture\TextureManagerCreation.cpp","engine\src\texture\TextureManagerCreation.cpp","TextureManager::StoreTextureUploadBuffer","TextureManager::StoreTextureUploadBuffer( const ComPtr<ID3D12Resource> & uploadBuffer , bool ownsUploadPass)",199,222
9,2,68,3,9,"TextureManager::StoreTextureEntry@224-232@engine\src\texture\TextureManagerCreation.cpp","engine\src\texture\TextureManagerCreation.cpp","TextureManager::StoreTextureEntry","TextureManager::StoreTextureEntry( Texture && texture , uint32_t srvIndex , uint32_t & textureId)",224,232
8,3,51,2,8,"TextureManager::RollBackTextureEntry@234-241@engine\src\texture\TextureManagerCreation.cpp","engine\src\texture\TextureManagerCreation.cpp","TextureManager::RollBackTextureEntry","TextureManager::RollBackTextureEntry( uint32_t textureId , uint32_t srvIndex)",234,241
14,3,101,2,14,"TextureManager::RegisterTextureFrameRollback@243-256@engine\src\texture\TextureManagerCreation.cpp","engine\src\texture\TextureManagerCreation.cpp","TextureManager::RegisterTextureFrameRollback","TextureManager::RegisterTextureFrameRollback( uint32_t textureId , uint32_t srvIndex)",243,256
23,9,146,5,24,"TextureManager::InitializeTextureCreationWork@258-281@engine\src\texture\TextureManagerCreation.cpp","engine\src\texture\TextureManagerCreation.cpp","TextureManager::InitializeTextureCreationWork","TextureManager::InitializeTextureCreationWork( const Image * images , size_t imageCount , const TexMetadata & metadata , uint32_t fallbackTextureId , TextureCreationWork & work)",258,281
6,3,36,1,6,"TextureManager::BeginTextureCreationUpload@283-288@engine\src\texture\TextureManagerCreation.cpp","engine\src\texture\TextureManagerCreation.cpp","TextureManager::BeginTextureCreationUpload","TextureManager::BeginTextureCreationUpload( const TextureCreationWork & work)",283,288
18,5,151,1,20,"TextureManager::CreateTextureGpuResources@290-309@engine\src\texture\TextureManagerCreation.cpp","engine\src\texture\TextureManagerCreation.cpp","TextureManager::CreateTextureGpuResources","TextureManager::CreateTextureGpuResources( TextureCreationWork & work)",290,309
21,6,152,1,23,"TextureManager::AllocateAndStoreTexture@311-333@engine\src\texture\TextureManagerCreation.cpp","engine\src\texture\TextureManagerCreation.cpp","TextureManager::AllocateAndStoreTexture","TextureManager::AllocateAndStoreTexture( TextureCreationWork & work)",311,333
17,3,126,1,20,"TextureManager::CopyAndCreateTextureSrv@335-354@engine\src\texture\TextureManagerCreation.cpp","engine\src\texture\TextureManagerCreation.cpp","TextureManager::CopyAndCreateTextureSrv","TextureManager::CopyAndCreateTextureSrv( TextureCreationWork & work)",335,354
18,7,113,3,19,"TextureManager::CreateTexture@356-374@engine\src\texture\TextureManagerCreation.cpp","engine\src\texture\TextureManagerCreation.cpp","TextureManager::CreateTexture","TextureManager::CreateTexture( const Image * images , size_t imageCount , const TexMetadata & metadata)",356,374
11,7,64,0,13,"TextureManager::ReleaseUploadBuffers@376-388@engine\src\texture\TextureManagerCreation.cpp","engine\src\texture\TextureManagerCreation.cpp","TextureManager::ReleaseUploadBuffers","TextureManager::ReleaseUploadBuffers()",376,388
10,4,65,0,10,"TextureManager::ReleaseCompletedFrameResources@390-399@engine\src\texture\TextureManagerCreation.cpp","engine\src\texture\TextureManagerCreation.cpp","TextureManager::ReleaseCompletedFrameResources","TextureManager::ReleaseCompletedFrameResources()",390,399
8,2,60,1,8,"IsDdsTexturePath@18-25@engine\src\texture\TextureManagerDecoding.cpp","engine\src\texture\TextureManagerDecoding.cpp","IsDdsTexturePath","IsDdsTexturePath( const std :: filesystem :: path & path)",18,25
5,1,58,1,5,"Lowercase@27-31@engine\src\texture\TextureManagerDecoding.cpp","engine\src\texture\TextureManagerDecoding.cpp","Lowercase","Lowercase( std :: wstring text)",27,31
5,1,66,2,5,"ContainsAny@33-37@engine\src\texture\TextureManagerDecoding.cpp","engine\src\texture\TextureManagerDecoding.cpp","ContainsAny","ContainsAny( const std :: wstring & text , std :: initializer_list<std::wstring_view> tokens)",33,37
14,2,131,1,14,"IsLikelyLinearDataTexture@39-52@engine\src\texture\TextureManagerDecoding.cpp","engine\src\texture\TextureManagerDecoding.cpp","IsLikelyLinearDataTexture","IsLikelyLinearDataTexture( const std :: filesystem :: path & path)",39,52
15,2,126,2,16,"ShouldUseSrgb@54-69@engine\src\texture\TextureManagerDecoding.cpp","engine\src\texture\TextureManagerDecoding.cpp","ShouldUseSrgb","ShouldUseSrgb( const std :: filesystem :: path & path , TextureManagerDecoding :: TextureColorSpacePolicy colorSpace)",54,69
19,2,131,1,20,"MakeSrgbFormat@71-90@engine\src\texture\TextureManagerDecoding.cpp","engine\src\texture\TextureManagerDecoding.cpp","MakeSrgbFormat","MakeSrgbFormat( DXGI_FORMAT format)",71,90
41,13,271,4,43,"DecodeResolvedTextureFile@92-134@engine\src\texture\TextureManagerDecoding.cpp","engine\src\texture\TextureManagerDecoding.cpp","DecodeResolvedTextureFile","DecodeResolvedTextureFile( const std :: filesystem :: path & resolvedPath , DirectX :: ScratchImage & scratch , DirectX :: TexMetadata & metadata , TextureManagerDecoding :: TextureColorSpacePolicy colorSpace)",92,134
7,4,65,2,7,"HasDecodedImagesWithinBudget@136-142@engine\src\texture\TextureManagerDecoding.cpp","engine\src\texture\TextureManagerDecoding.cpp","HasDecodedImagesWithinBudget","HasDecodedImagesWithinBudget( const DirectX :: ScratchImage & scratch , const DirectX :: TexMetadata & metadata)",136,142
5,2,47,4,5,"TextureManagerDecoding::DecodeFileForLoad@148-152@engine\src\texture\TextureManagerDecoding.cpp","engine\src\texture\TextureManagerDecoding.cpp","TextureManagerDecoding::DecodeFileForLoad","TextureManagerDecoding::DecodeFileForLoad( const std :: filesystem :: path & resolvedPath , DirectX :: ScratchImage & scratch , DirectX :: TexMetadata & metadata , TextureColorSpacePolicy colorSpace)",148,152
6,2,46,3,6,"TextureManagerDecoding::DecodeFileForRawPixels@154-159@engine\src\texture\TextureManagerDecoding.cpp","engine\src\texture\TextureManagerDecoding.cpp","TextureManagerDecoding::DecodeFileForRawPixels","TextureManagerDecoding::DecodeFileForRawPixels( const std :: filesystem :: path & resolvedPath , DirectX :: ScratchImage & scratch , DirectX :: TexMetadata & metadata)",154,159
21,8,153,5,22,"TextureManagerDecoding::DecodeMemoryForLoad@161-182@engine\src\texture\TextureManagerDecoding.cpp","engine\src\texture\TextureManagerDecoding.cpp","TextureManagerDecoding::DecodeMemoryForLoad","TextureManagerDecoding::DecodeMemoryForLoad( const uint8_t * data , size_t size , DirectX :: ScratchImage & scratch , DirectX :: TexMetadata & metadata , TextureColorSpacePolicy colorSpace)",161,182
20,5,118,1,21,"TextureManagerDecoding::DecodeResolvedFileForAsync@184-204@engine\src\texture\TextureManagerDecoding.cpp","engine\src\texture\TextureManagerDecoding.cpp","TextureManagerDecoding::DecodeResolvedFileForAsync","TextureManagerDecoding::DecodeResolvedFileForAsync( const std :: wstring & resolvedPathText)",184,204
7,3,48,2,7,"PrepareDynamicUploadFrame@24-30@engine\src\texture\TextureManagerDynamic.cpp","engine\src\texture\TextureManagerDynamic.cpp","PrepareDynamicUploadFrame","PrepareDynamicUploadFrame( TextureManagerState & state , UINT frameIndex)",24,30
13,3,76,3,13,"RetainDynamicUploadBuffer@33-45@engine\src\texture\TextureManagerDynamic.cpp","engine\src\texture\TextureManagerDynamic.cpp","RetainDynamicUploadBuffer","RetainDynamicUploadBuffer( TextureManagerState & state , UINT frameIndex , const ComPtr<ID3D12Resource> & uploadBuffer)",33,45
8,1,62,3,8,"CreateDynamicTextureUploadBuffer@47-54@engine\src\texture\TextureManagerDynamic.cpp","engine\src\texture\TextureManagerDynamic.cpp","CreateDynamicTextureUploadBuffer","CreateDynamicTextureUploadBuffer( DirectXCommon * dxCommon , UINT64 uploadSize , ComPtr<ID3D12Resource> & uploadBuffer)",47,54
16,5,104,6,16,"RegisterTextureStateRollback@57-72@engine\src\texture\TextureManagerDynamic.cpp","engine\src\texture\TextureManagerDynamic.cpp","RegisterTextureStateRollback","RegisterTextureStateRollback( TextureManager * textureManager , DirectXCommon * dxCommon , TextureManagerState & state , uint32_t textureId , D3D12_RESOURCE_STATES previousState , bool & rollbackRegistered)",57,72
12,2,74,3,12,"TransitionTextureForUpload@74-85@engine\src\texture\TextureManagerDynamic.cpp","engine\src\texture\TextureManagerDynamic.cpp","TransitionTextureForUpload","TransitionTextureForUpload( ID3D12GraphicsCommandList * commandList , Texture & texture , D3D12_RESOURCE_STATES previousState)",74,85
10,2,65,3,10,"RestoreTextureStateAfterFailedCopy@87-96@engine\src\texture\TextureManagerDynamic.cpp","engine\src\texture\TextureManagerDynamic.cpp","RestoreTextureStateAfterFailedCopy","RestoreTextureStateAfterFailedCopy( ID3D12GraphicsCommandList * commandList , Texture & texture , D3D12_RESOURCE_STATES previousState)",87,96
7,1,48,2,7,"TransitionTextureToShaderResource@98-104@engine\src\texture\TextureManagerDynamic.cpp","engine\src\texture\TextureManagerDynamic.cpp","TransitionTextureToShaderResource","TransitionTextureToShaderResource( ID3D12GraphicsCommandList * commandList , Texture & texture)",98,104
56,14,350,7,64,"UploadTextureSubresources@107-170@engine\src\texture\TextureManagerDynamic.cpp","engine\src\texture\TextureManagerDynamic.cpp","UploadTextureSubresources","UploadTextureSubresources( TextureManager * textureManager , DirectXCommon * dxCommon , TextureManagerState & state , uint32_t textureId , Texture & texture , D3D12_SUBRESOURCE_DATA * subresources , UINT subresourceCount)",107,170
13,4,145,4,13,"TryResolveRgbaTexturePitches@172-184@engine\src\texture\TextureManagerDynamic.cpp","engine\src\texture\TextureManagerDynamic.cpp","TryResolveRgbaTexturePitches","TryResolveRgbaTexturePitches( uint32_t width , uint32_t height , size_t & rowPitch , size_t & slicePitch)",172,184
11,11,95,2,12,"IsCubeTextureUpdateTargetValid@186-197@engine\src\texture\TextureManagerDynamic.cpp","engine\src\texture\TextureManagerDynamic.cpp","IsCubeTextureUpdateTargetValid","IsCubeTextureUpdateTargetValid( const Texture & texture , uint32_t size)",186,197
12,3,106,4,12,"TryBuildCubeSubresources@199-210@engine\src\texture\TextureManagerDynamic.cpp","engine\src\texture\TextureManagerDynamic.cpp","TryBuildCubeSubresources","TryBuildCubeSubresources( const uint8_t * const * facePixels , size_t rowPitch , size_t slicePitch , std :: array<D3D12_SUBRESOURCE_DATA,6> & subresources)",199,210
13,10,138,2,13,"IsTexture2DUpdateTargetValid@212-224@engine\src\texture\TextureManagerDynamic.cpp","engine\src\texture\TextureManagerDynamic.cpp","IsTexture2DUpdateTargetValid","IsTexture2DUpdateTargetValid( const Texture & texture , const D3D12_RESOURCE_DESC & textureDesc)",212,224
27,9,258,5,27,"TryBuildTexture2DSubresource@226-252@engine\src\texture\TextureManagerDynamic.cpp","engine\src\texture\TextureManagerDynamic.cpp","TryBuildTexture2DSubresource","TryBuildTexture2DSubresource( const Texture & texture , const D3D12_RESOURCE_DESC & textureDesc , const uint8_t * pixels , size_t rowPitch , D3D12_SUBRESOURCE_DATA & subresource)",226,252
5,1,39,3,5,"TextureManager::CreateFromRgbaPixels@256-260@engine\src\texture\TextureManagerDynamic.cpp","engine\src\texture\TextureManagerDynamic.cpp","TextureManager::CreateFromRgbaPixels","TextureManager::CreateFromRgbaPixels( uint32_t width , uint32_t height , const uint8_t * pixels)",256,260
5,1,39,3,5,"TextureManager::CreateFromRgbaPixelsSrgb@262-266@engine\src\texture\TextureManagerDynamic.cpp","engine\src\texture\TextureManagerDynamic.cpp","TextureManager::CreateFromRgbaPixelsSrgb","TextureManager::CreateFromRgbaPixelsSrgb( uint32_t width , uint32_t height , const uint8_t * pixels)",262,266
45,10,376,2,48,"TextureManager::CreateCubeFromRgbaPixels@268-315@engine\src\texture\TextureManagerDynamic.cpp","engine\src\texture\TextureManagerDynamic.cpp","TextureManager::CreateCubeFromRgbaPixels","TextureManager::CreateCubeFromRgbaPixels( uint32_t size , const uint8_t * const * facePixels)",268,315
24,10,177,3,27,"TextureManager::UpdateCubeFromRgbaPixels@317-343@engine\src\texture\TextureManagerDynamic.cpp","engine\src\texture\TextureManagerDynamic.cpp","TextureManager::UpdateCubeFromRgbaPixels","TextureManager::UpdateCubeFromRgbaPixels( uint32_t textureId , uint32_t size , const uint8_t * const * facePixels)",317,343
47,13,336,5,50,"TextureManager::CreateTexture2D@345-394@engine\src\texture\TextureManagerDynamic.cpp","engine\src\texture\TextureManagerDynamic.cpp","TextureManager::CreateTexture2D","TextureManager::CreateTexture2D( uint32_t width , uint32_t height , DXGI_FORMAT format , const uint8_t * pixels , size_t rowPitch)",345,394
18,8,134,3,21,"TextureManager::UpdateTexture2D@396-416@engine\src\texture\TextureManagerDynamic.cpp","engine\src\texture\TextureManagerDynamic.cpp","TextureManager::UpdateTexture2D","TextureManager::UpdateTexture2D( uint32_t textureId , const uint8_t * pixels , size_t rowPitch)",396,416
